version 2
JvmtiExport can_access_local_variables 0
JvmtiExport can_hotswap_or_post_breakpoint 0
JvmtiExport can_post_on_exceptions 0
# 173 ciObject found
instanceKlass java/security/AccessControlContext
ciInstanceKlass java/lang/Cloneable 1 0 7 100 1 100 1 1 1
# instanceKlass java/lang/invoke/LambdaForm$MH+0x0000017939cb2c00
instanceKlass org/gradle/internal/serialize/ExceptionPlaceholder$2
instanceKlass org/gradle/internal/serialize/ExceptionPlaceholder$Java14NullPointerExceptionUsefulMessageSupport
instanceKlass org/gradle/internal/serialize/StackTraceElementPlaceholder
instanceKlass org/gradle/internal/exceptions/Contextual
instanceKlass  @bci org/gradle/internal/serialize/ExceptionReplacingObjectOutputStream getObjectOutputStreamCreator ()Ljava/util/function/Function; 1 <appendix> member <vmtarget> ; # org/gradle/internal/serialize/ExceptionReplacingObjectOutputStream$$Lambda+0x0000017939cb6128
instanceKlass org/gradle/internal/serialize/PlaceholderExceptionSupport
instanceKlass org/gradle/internal/serialize/ExceptionPlaceholder
instanceKlass org/gradle/fileevents/internal/AbstractFileEventFunctions$TerminationEvent
instanceKlass  @bci org/gradle/internal/watch/vfs/impl/WatchingVirtualFileSystem stopWatchingAndInvalidateHierarchyAfterError ()V 2 <appendix> member <vmtarget> ; # org/gradle/internal/watch/vfs/impl/WatchingVirtualFileSystem$$Lambda+0x0000017939cb4af8
instanceKlass  @bci org/gradle/internal/watch/vfs/impl/WatchingVirtualFileSystem$CompositeChangeHandler stopWatchingAfterError ()V 4 <appendix> argL0 ; # org/gradle/internal/watch/vfs/impl/WatchingVirtualFileSystem$CompositeChangeHandler$$Lambda+0x0000017939cb48d0
instanceKlass java/lang/Throwable$PrintStreamOrWriter
instanceKlass org/gradle/fileevents/internal/AbstractFileEventFunctions$FailureEvent
instanceKlass jdk/internal/math/FormattedFPDecimal
instanceKlass org/gradle/launcher/daemon/toolchain/DaemonJvmCriteria$Spec
instanceKlass  @bci org/gradle/internal/watch/registry/impl/WatchableHierarchies removeDirectSymlinks (Lorg/gradle/internal/snapshot/SnapshotHierarchy;Lorg/gradle/internal/watch/registry/impl/WatchableHierarchies$Invalidator;)Lorg/gradle/internal/snapshot/SnapshotHierarchy; 2 <appendix> argL0 ; # org/gradle/internal/watch/registry/impl/WatchableHierarchies$$Lambda+0x0000017939cb4240
instanceKlass org/gradle/internal/remote/internal/inet/SocketConnection$1
instanceKlass  @bci org/gradle/internal/watch/registry/impl/WatchableHierarchies isAncestorASymlink (Ljava/util/Map;Ljava/io/File;)Z 27 <appendix> member <vmtarget> ; # org/gradle/internal/watch/registry/impl/WatchableHierarchies$$Lambda+0x0000017939cabdc0
instanceKlass  @bci org/gradle/internal/watch/registry/impl/WatchableHierarchies removeIndirectlySymlinkedRoots (Lorg/gradle/internal/snapshot/SnapshotHierarchy;Lorg/gradle/internal/watch/registry/impl/WatchableHierarchies$Invalidator;)Lorg/gradle/internal/snapshot/SnapshotHierarchy; 27 <appendix> member <vmtarget> ; # org/gradle/internal/watch/registry/impl/WatchableHierarchies$$Lambda+0x0000017939cabb90
instanceKlass  @bci org/gradle/internal/watch/registry/impl/WatchableHierarchies removeIndirectlySymlinkedRoots (Lorg/gradle/internal/snapshot/SnapshotHierarchy;Lorg/gradle/internal/watch/registry/impl/WatchableHierarchies$Invalidator;)Lorg/gradle/internal/snapshot/SnapshotHierarchy; 15 <appendix> member <vmtarget> ; # org/gradle/internal/watch/registry/impl/WatchableHierarchies$$Lambda+0x0000017939cab940
instanceKlass  @bci org/gradle/internal/watch/vfs/impl/WatchingVirtualFileSystem lambda$afterBuildFinished$7 (Lorg/gradle/internal/snapshot/SnapshotHierarchy;)Lorg/gradle/internal/snapshot/SnapshotHierarchy; 4 <appendix> member <vmtarget> ; # org/gradle/internal/watch/vfs/impl/WatchingVirtualFileSystem$$Lambda+0x0000017939cab720
instanceKlass  @bci org/gradle/internal/watch/vfs/impl/WatchingVirtualFileSystem afterBuildFinished ()V 2 <appendix> member <vmtarget> ; # org/gradle/internal/watch/vfs/impl/WatchingVirtualFileSystem$$Lambda+0x0000017939cab4c8
instanceKlass  @bci org/gradle/launcher/daemon/server/exec/CleanUpVirtualFileSystemAfterBuild startAsyncCleanupAfterBuild ()Ljava/util/concurrent/CompletableFuture; 18 <appendix> argL0 ; # org/gradle/launcher/daemon/server/exec/CleanUpVirtualFileSystemAfterBuild$$Lambda+0x0000017939cab2b0
instanceKlass  @bci org/gradle/launcher/daemon/server/exec/CleanUpVirtualFileSystemAfterBuild lambda$startAsyncCleanupAfterBuild$1 (Lorg/gradle/internal/service/ServiceRegistry;)Ljava/util/concurrent/CompletableFuture; 1 <appendix> member <vmtarget> ; # org/gradle/launcher/daemon/server/exec/CleanUpVirtualFileSystemAfterBuild$$Lambda+0x0000017939cab090
instanceKlass  @bci org/gradle/launcher/daemon/server/exec/CleanUpVirtualFileSystemAfterBuild startAsyncCleanupAfterBuild ()Ljava/util/concurrent/CompletableFuture; 10 <appendix> member <vmtarget> ; # org/gradle/launcher/daemon/server/exec/CleanUpVirtualFileSystemAfterBuild$$Lambda+0x0000017939caae50
# instanceKlass java/lang/invoke/LambdaForm$MH+0x0000017939cb0400
# instanceKlass java/lang/invoke/LambdaForm$MH+0x0000017939cb0000
instanceKlass org/gradle/internal/work/DefaultWorkerLeaseService$1
instanceKlass  @bci org/gradle/internal/execution/workspace/impl/CacheBasedImmutableWorkspaceProvider close ()V 4 <appendix> argL0 ; # org/gradle/internal/execution/workspace/impl/CacheBasedImmutableWorkspaceProvider$$Lambda+0x0000017939caaa00
instanceKlass org/gradle/initialization/layout/ProjectCacheDir$1
instanceKlass org/gradle/cache/internal/VersionSpecificCacheCleanupAction
instanceKlass java/time/Instant$1
instanceKlass java/time/Clock
instanceKlass java/time/InstantSource
instanceKlass  @bci org/gradle/internal/session/BuildSessionState close ()V 14 <appendix> member <vmtarget> ; # org/gradle/internal/session/BuildSessionState$$Lambda+0x0000017939caa338
instanceKlass org/gradle/launcher/exec/BuildActionResult
instanceKlass org/gradle/tooling/internal/provider/serialization/SerializedPayload
instanceKlass  @bci org/gradle/cache/internal/DefaultMultiProcessSafeIndexedCache remove (Ljava/lang/Object;)V 11 <appendix> member <vmtarget> ; # org/gradle/cache/internal/DefaultMultiProcessSafeIndexedCache$$Lambda+0x0000017939ca9cc8
instanceKlass  @bci org/gradle/cache/internal/AsyncCacheAccessDecoratedCache removeLater (Ljava/lang/Object;Ljava/lang/Runnable;)V 7 <appendix> member <vmtarget> ; # org/gradle/cache/internal/AsyncCacheAccessDecoratedCache$$Lambda+0x0000017939ca9aa8
instanceKlass org/gradle/cache/internal/SingleDepthFilesFinder$1
instanceKlass org/gradle/cache/internal/NonReservedFileFilter
instanceKlass org/gradle/cache/internal/CompositeCleanupAction$CleanableSubDir
instanceKlass org/gradle/cache/internal/DefaultCleanupProgressMonitor
instanceKlass org/gradle/cache/CleanupProgressMonitor
instanceKlass org/gradle/internal/cc/impl/ConfigurationCacheRepository$withExclusiveCleanupAccess$1$1
instanceKlass org/gradle/internal/cc/impl/ConfigurationCacheRepository$withExclusiveCleanupAccess$1
instanceKlass  @bci org/gradle/internal/cc/impl/ConfigurationCacheEntryCollector$performCollection$1 run (Lorg/gradle/internal/operations/BuildOperationContext;)V 18 <appendix> member <vmtarget> ; # org/gradle/internal/cc/impl/ConfigurationCacheEntryCollector$performCollection$1$$Lambda+0x0000017939c9bb38
instanceKlass org/gradle/internal/cc/impl/ConfigurationCacheRepository$CleanupContext
instanceKlass org/gradle/internal/cc/impl/ConfigurationCacheEntryCollector$performCollection$1
instanceKlass  @bci org/gradle/workers/internal/WorkerDaemonClientsManager$StopSessionScopedWorkers beforeComplete ()V 17 <appendix> argL0 ; # org/gradle/workers/internal/WorkerDaemonClientsManager$StopSessionScopedWorkers$$Lambda+0x0000017939c9b4f0
instanceKlass org/gradle/api/internal/cache/DefaultCacheConfigurations$MustBeConfiguredCleanupFrequency
instanceKlass  @bci org/gradle/cache/internal/DefaultCrossBuildInMemoryCacheFactory$DefaultCrossBuildInMemoryCache retainValuesFromCurrentSession (Ljava/util/stream/Stream;)V 26 <appendix> member <vmtarget> ; # org/gradle/cache/internal/DefaultCrossBuildInMemoryCacheFactory$DefaultCrossBuildInMemoryCache$$Lambda+0x0000017939ca8698
instanceKlass  @bci org/gradle/cache/internal/DefaultCrossBuildInMemoryCacheFactory$AbstractCrossBuildInMemoryCache beforeComplete ()V 13 <appendix> argL0 ; # org/gradle/cache/internal/DefaultCrossBuildInMemoryCacheFactory$AbstractCrossBuildInMemoryCache$$Lambda+0x0000017939ca8460
instanceKlass org/gradle/execution/DefaultCancellableOperationManager
instanceKlass org/gradle/util/internal/DisconnectableInputStream$1
instanceKlass org/gradle/util/internal/DisconnectableInputStream$ThreadExecuter
instanceKlass org/gradle/launcher/exec/RunAsBuildOperationBuildActionExecutor$DefaultRunBuildResult
instanceKlass org/gradle/launcher/exec/RunBuildBuildOperationType$Result
# instanceKlass org/gradle/execution/plan/DefaultPlanExecutor$ExecutorWorker$$Lambda+0x0000017939ca1880
# instanceKlass org/gradle/execution/plan/DefaultPlanExecutor$ExecutorWorker$$Lambda+0x0000017939ca1660
# instanceKlass org/gradle/execution/plan/DefaultPlanExecutor$ExecutorWorker$$Lambda+0x0000017939ca1440
# instanceKlass org/gradle/execution/plan/DefaultPlanExecutor$ExecutorWorker$$Lambda+0x0000017939ca1220
# instanceKlass org/gradle/execution/plan/DefaultPlanExecutor$ExecutorWorker$$Lambda+0x0000017939ca1000
# instanceKlass org/gradle/execution/plan/DefaultPlanExecutor$ExecutorWorker$$Lambda+0x0000017939ca3c28
instanceKlass  @bci org/gradle/execution/plan/DefaultPlanExecutor$ExecutorWorker run ()V 90 <appendix> member <vmtarget> ; # org/gradle/execution/plan/DefaultPlanExecutor$ExecutorWorker$$Lambda+0x0000017939ca3a08
instanceKlass  @bci org/gradle/execution/plan/DefaultPlanExecutor$MergedQueues close ()V 5 <appendix> member <vmtarget> ; # org/gradle/execution/plan/DefaultPlanExecutor$MergedQueues$$Lambda+0x0000017939ca37e8
instanceKlass  @bci org/gradle/internal/jvm/inspection/CachingJvmMetadataDetector invalidateItemsMatching (Ljava/util/function/Predicate;)V 17 <appendix> member <vmtarget> ; # org/gradle/internal/jvm/inspection/CachingJvmMetadataDetector$$Lambda+0x0000017939ca3598
instanceKlass  @bci org/gradle/jvm/internal/services/PlatformJvmServices$1 lambda$configure$1 (Lorg/gradle/internal/jvm/inspection/JvmMetadataDetector;Ljava/util/function/Predicate;)V 5 <appendix> member <vmtarget> ; # org/gradle/jvm/internal/services/PlatformJvmServices$1$$Lambda+0x0000017939c9b080
instanceKlass  @bci org/gradle/internal/jvm/inspection/InvalidJvmInstallationCacheInvalidator close ()V 4 <appendix> argL0 ; # org/gradle/internal/jvm/inspection/InvalidJvmInstallationCacheInvalidator$$Lambda+0x0000017939ca3350
instanceKlass  @bci org/gradle/cache/internal/DefaultMultiProcessSafeIndexedCache finishWork ()V 12 <appendix> member <vmtarget> ; # org/gradle/cache/internal/DefaultMultiProcessSafeIndexedCache$$Lambda+0x0000017939ca3130
instanceKlass org/gradle/internal/cc/impl/models/ProjectStateStore$valuesStore$2$reader$1
instanceKlass org/gradle/internal/cc/impl/models/ProjectStateStore$valuesStore$2$writer$1
instanceKlass org/gradle/cache/internal/streams/DefaultValueStore
instanceKlass org/gradle/internal/cc/impl/models/BuildTreeModelSideEffectStore$valuesStore$2$reader$1
instanceKlass org/gradle/cache/internal/streams/ValueStore$Reader
instanceKlass org/gradle/internal/cc/impl/models/BuildTreeModelSideEffectStore$valuesStore$2$writer$1
instanceKlass org/gradle/cache/internal/streams/ValueStore$Writer
instanceKlass org/gradle/internal/work/DefaultWorkerLeaseService$ConfiguredRegistries$1
instanceKlass org/gradle/internal/watch/vfs/impl/WatchingVirtualFileSystem$2$1
instanceKlass org/gradle/internal/watch/vfs/BuildFinishedFileSystemWatchingBuildOperationType$Result
instanceKlass org/gradle/internal/watch/vfs/impl/DefaultFileSystemWatchingStatistics$VirtualFileSystemStatistics
instanceKlass  @bci org/gradle/internal/watch/vfs/impl/DefaultFileSystemWatchingStatistics lambda$getStatistics$1 (Lcom/google/common/collect/EnumMultiset;Lorg/gradle/internal/snapshot/FileSystemLocationSnapshot;)V 2 <appendix> member <vmtarget> ; # org/gradle/internal/watch/vfs/impl/DefaultFileSystemWatchingStatistics$$Lambda+0x0000017939ca2000
instanceKlass  @bci org/gradle/internal/watch/vfs/impl/DefaultFileSystemWatchingStatistics getStatistics (Lorg/gradle/internal/snapshot/SnapshotHierarchy;)Lorg/gradle/internal/watch/vfs/impl/DefaultFileSystemWatchingStatistics$VirtualFileSystemStatistics; 13 <appendix> member <vmtarget> ; # org/gradle/internal/watch/vfs/impl/DefaultFileSystemWatchingStatistics$$Lambda+0x0000017939ca7c50
instanceKlass org/gradle/internal/watch/vfs/impl/DefaultFileSystemWatchingStatistics
instanceKlass  @bci org/gradle/internal/watch/registry/impl/WatchableHierarchies retainOnlyMatchingSnapshots (Lorg/gradle/internal/snapshot/SnapshotHierarchy;Lorg/gradle/internal/watch/registry/impl/WatchableHierarchies$Invalidator;Ljava/util/function/Predicate;)Lorg/gradle/internal/snapshot/SnapshotHierarchy; 18 <appendix> member <vmtarget> ; # org/gradle/internal/watch/registry/impl/WatchableHierarchies$$Lambda+0x0000017939ca72f0
instanceKlass org/gradle/internal/watch/registry/impl/WatchableHierarchies$InvalidatorVisitor
instanceKlass  @bci org/gradle/internal/watch/registry/impl/WatchableHierarchies removeUnwatchedSnapshots (Lorg/gradle/internal/snapshot/SnapshotHierarchy;Lorg/gradle/internal/watch/registry/impl/WatchableHierarchies$Invalidator;)Lorg/gradle/internal/snapshot/SnapshotHierarchy; 3 <appendix> member <vmtarget> ; # org/gradle/internal/watch/registry/impl/WatchableHierarchies$$Lambda+0x0000017939ca6e58
instanceKlass  @bci org/gradle/internal/watch/registry/impl/WatchableHierarchies buildWatchableFilesFromHierarchies (Ljava/util/Collection;)Lorg/gradle/internal/file/FileHierarchySet; 9 <appendix> argL0 ; # org/gradle/internal/watch/registry/impl/WatchableHierarchies$$Lambda+0x0000017939ca6c30
instanceKlass  @bci org/gradle/internal/watch/registry/impl/WatchableHierarchies removeWatchedHierarchiesOverLimit (Lorg/gradle/internal/snapshot/SnapshotHierarchy;Ljava/util/function/Predicate;ILorg/gradle/internal/watch/registry/impl/WatchableHierarchies$Invalidator;)Lorg/gradle/internal/snapshot/SnapshotHierarchy; 5 <appendix> member <vmtarget> ; # org/gradle/internal/watch/registry/impl/WatchableHierarchies$$Lambda+0x0000017939ca69e0
instanceKlass  @bci org/gradle/internal/watch/registry/impl/AbstractFileWatcherUpdater updateVfsBeforeBuildFinished (Lorg/gradle/internal/snapshot/SnapshotHierarchy;ILjava/util/List;)Lorg/gradle/internal/snapshot/SnapshotHierarchy; 14 <appendix> member <vmtarget> ; # org/gradle/internal/watch/registry/impl/AbstractFileWatcherUpdater$$Lambda+0x0000017939ca6790
instanceKlass  @bci org/gradle/internal/watch/vfs/impl/WatchingVirtualFileSystem$2 call (Lorg/gradle/internal/operations/BuildOperationContext;)Lorg/gradle/internal/snapshot/SnapshotHierarchy; 140 <appendix> member <vmtarget> ; # org/gradle/internal/watch/vfs/impl/WatchingVirtualFileSystem$2$$Lambda+0x0000017939ca6570
instanceKlass org/gradle/internal/watch/registry/impl/DefaultFileWatcherRegistry$2
instanceKlass  @bci org/gradle/internal/watch/registry/impl/DefaultFileWatcherRegistry getAndResetStatistics ()Lorg/gradle/internal/watch/registry/FileWatcherRegistry$FileWatchingStatistics; 35 <appendix> member <vmtarget> ; # org/gradle/internal/watch/registry/impl/DefaultFileWatcherRegistry$$Lambda+0x0000017939ca60f8
instanceKlass org/gradle/internal/watch/vfs/BuildFinishedFileSystemWatchingBuildOperationType$Details$1
instanceKlass org/gradle/internal/watch/vfs/BuildFinishedFileSystemWatchingBuildOperationType$Details
instanceKlass org/gradle/internal/watch/vfs/impl/WatchingVirtualFileSystem$2
instanceKlass  @bci org/gradle/internal/watch/vfs/impl/WatchingVirtualFileSystem beforeBuildFinished (Lorg/gradle/internal/watch/registry/WatchMode;Lorg/gradle/internal/watch/vfs/VfsLogging;Lorg/gradle/internal/operations/BuildOperationRunner;I)V 7 <appendix> member <vmtarget> ; # org/gradle/internal/watch/vfs/impl/WatchingVirtualFileSystem$$Lambda+0x0000017939ca5858
instanceKlass org/gradle/api/internal/tasks/execution/statistics/TaskExecutionStatistics
instanceKlass org/gradle/internal/buildevents/TaskExecutionStatisticsReporter
instanceKlass org/gradle/internal/logging/text/AbstractStyledTextOutput$StyleOverrideTextOutput
instanceKlass org/gradle/api/problems/internal/ExceptionProblemRegistry$DefaultProblemLocator
instanceKlass org/gradle/api/problems/internal/DefaultProblemsSummaryProgressDetails
instanceKlass org/gradle/api/problems/internal/ProblemsSummaryProgressDetails
instanceKlass org/gradle/problems/internal/impl/DefaultProblemsReportCreator$createReportFile$1
instanceKlass  @bci org/gradle/problems/internal/services/SummarizerStrategy getCutOffProblems ()Ljava/util/List; 26 <appendix> member <vmtarget> ; # org/gradle/problems/internal/services/SummarizerStrategy$$Lambda+0x0000017939ca4670
instanceKlass org/gradle/api/problems/internal/ProblemSummaryData
instanceKlass  @bci org/gradle/problems/internal/services/SummarizerStrategy getCutOffProblems ()Ljava/util/List; 15 <appendix> member <vmtarget> ; # org/gradle/problems/internal/services/SummarizerStrategy$$Lambda+0x0000017939ca4208
instanceKlass jdk/internal/icu/util/CodePointTrie$Data
instanceKlass jdk/internal/icu/util/CodePointMap
instanceKlass jdk/internal/icu/util/VersionInfo
instanceKlass jdk/internal/icu/impl/ICUBinary$1
instanceKlass jdk/internal/icu/impl/ICUBinary
instanceKlass jdk/internal/icu/impl/NormalizerImpl$IsAcceptable
instanceKlass jdk/internal/icu/impl/ICUBinary$Authenticate
instanceKlass jdk/internal/icu/impl/NormalizerImpl
instanceKlass jdk/internal/icu/impl/Norm2AllModes$Norm2AllModesSingleton
instanceKlass jdk/internal/icu/impl/Norm2AllModes$NFCSingleton
instanceKlass jdk/internal/icu/impl/Norm2AllModes
instanceKlass jdk/internal/icu/text/Normalizer2
instanceKlass jdk/internal/icu/text/NormalizerBase$ModeImpl
instanceKlass jdk/internal/icu/text/NormalizerBase$NFCModeImpl
instanceKlass jdk/internal/icu/text/NormalizerBase$1
instanceKlass jdk/internal/icu/text/NormalizerBase$Mode
instanceKlass jdk/internal/icu/text/NormalizerBase
instanceKlass java/text/Normalizer
instanceKlass org/gradle/internal/logging/ConsoleRenderer
instanceKlass  @bci sun/nio/fs/WindowsSecurity enablePrivilege (Ljava/lang/String;)Lsun/nio/fs/WindowsSecurity$Privilege; 114 <adapter> ; # java/lang/invoke/LambdaForm$MH+0x0000017939ca0800
# instanceKlass java/lang/invoke/LambdaForm$DMH+0x0000017939ca0400
instanceKlass  @bci sun/nio/fs/WindowsSecurity enablePrivilege (Ljava/lang/String;)Lsun/nio/fs/WindowsSecurity$Privilege; 114 <appendix> form vmentry <vmtarget> ; # java/lang/invoke/LambdaForm$DMH+0x0000017939ca0000
instanceKlass  @bci sun/nio/fs/WindowsSecurity enablePrivilege (Ljava/lang/String;)Lsun/nio/fs/WindowsSecurity$Privilege; 114 <appendix> member <vmtarget> ; # sun/nio/fs/WindowsSecurity$$Lambda+0x00000179396f11d8
instanceKlass  @cpi sun/nio/fs/WindowsSecurity 135 form vmentry <vmtarget> ; # java/lang/invoke/LambdaForm$DMH+0x0000017939c99c00
instanceKlass sun/nio/fs/WindowsSecurity$Privilege
instanceKlass  @bci org/gradle/internal/configuration/problems/ProblemReportDetailsJsonSource writeToJson (Lorg/gradle/internal/cc/impl/problems/JsonWriter;)V 100 <appendix> member <vmtarget> ; # org/gradle/internal/configuration/problems/ProblemReportDetailsJsonSource$$Lambda+0x0000017939c9fa30
instanceKlass com/fasterxml/jackson/core/io/NumberOutput
instanceKlass org/gradle/internal/configuration/problems/CommonReport$State$Spooling$commitReportTo$reportFile$1
instanceKlass org/gradle/internal/configuration/problems/ProblemReportDetailsJsonSource
instanceKlass org/gradle/internal/configuration/problems/ProblemReportDetails
instanceKlass  @bci org/gradle/internal/cc/impl/problems/ConfigurationCacheProblems addDegradingFeatures ()V 5 <appendix> member <vmtarget> ; # org/gradle/internal/cc/impl/problems/ConfigurationCacheProblems$$Lambda+0x0000017939c9a230
instanceKlass org/gradle/internal/cc/impl/DefaultConfigurationCacheDegradationControllerKt$sam$java_util_function_BiConsumer$0
instanceKlass  @bci org/gradle/internal/cc/impl/problems/ConfigurationCacheProblems addNotReportedDegradingTasks ()V 5 <appendix> member <vmtarget> ; # org/gradle/internal/cc/impl/problems/ConfigurationCacheProblems$$Lambda+0x0000017939c93c48
instanceKlass  @bci org/gradle/internal/buildtree/ProblemReportingBuildActionRunner reportProblems (Ljava/io/File;)Ljava/util/List; 10 <appendix> member <vmtarget> ; # org/gradle/internal/buildtree/ProblemReportingBuildActionRunner$$Lambda+0x0000017939c9efc8
instanceKlass org/gradle/problems/buildtree/ProblemReporter$ProblemConsumer
instanceKlass  @bci org/gradle/internal/model/StateTransitionController transition (Lorg/gradle/internal/model/StateTransitionController$State;Lorg/gradle/internal/model/StateTransitionController$State;Ljava/util/function/Function;)Lorg/gradle/internal/build/ExecutionResult; 8 <appendix> member <vmtarget> ; # org/gradle/internal/model/StateTransitionController$$Lambda+0x0000017939c9ebb0
instanceKlass  @bci org/gradle/internal/build/DefaultBuildLifecycleController beforeModelDiscarded (Z)Lorg/gradle/internal/build/ExecutionResult; 12 <appendix> member <vmtarget> ; # org/gradle/internal/build/DefaultBuildLifecycleController$$Lambda+0x0000017939c9e970
instanceKlass  @bci org/gradle/internal/buildtree/DefaultBuildTreeFinishExecutor finishBuildTree (Ljava/util/List;)Ljava/lang/RuntimeException; 101 <appendix> member <vmtarget> ; # org/gradle/internal/buildtree/DefaultBuildTreeFinishExecutor$$Lambda+0x0000017939c9e740
instanceKlass org/gradle/internal/flow/services/FlowScheduler$schedule$1
instanceKlass org/gradle/internal/flow/services/BuildFlowScope$setBuildWorkResult$1$1
instanceKlass org/gradle/api/flow/BuildWorkResult
instanceKlass  @bci org/gradle/internal/build/event/DefaultBuildEventsListenerRegistry unsubscribeAll ()V 56 <appendix> member <vmtarget> ; # org/gradle/internal/build/event/DefaultBuildEventsListenerRegistry$$Lambda+0x0000017939c9e318
instanceKlass  @bci org/gradle/internal/build/event/DefaultBuildEventsListenerRegistry unsubscribeAll ()V 45 <appendix> argL0 ; # org/gradle/internal/build/event/DefaultBuildEventsListenerRegistry$$Lambda+0x0000017939c9e0e0
instanceKlass org/gradle/internal/build/event/DefaultBuildEventsListenerRegistry$AbstractListener
instanceKlass  @bci org/gradle/api/internal/artifacts/DependencyManagementGradleUserHomeScopeServices$2 buildFinished (Lorg/gradle/BuildResult;)V 7 <appendix> argL0 ; # org/gradle/api/internal/artifacts/DependencyManagementGradleUserHomeScopeServices$2$$Lambda+0x0000017939c935f0
instanceKlass  @bci org/gradle/internal/build/DefaultBuildLifecycleController lambda$finishBuild$12 (Ljava/lang/Throwable;Lorg/gradle/internal/build/ExecutionResult;)Lorg/gradle/internal/build/ExecutionResult; 65 <appendix> member <vmtarget> ; # org/gradle/internal/build/DefaultBuildLifecycleController$$Lambda+0x0000017939c9dc60
instanceKlass  @bci org/gradle/internal/build/DefaultBuildLifecycleController finishBuild (Ljava/lang/Throwable;)Lorg/gradle/internal/build/ExecutionResult; 12 <appendix> member <vmtarget> ; # org/gradle/internal/build/DefaultBuildLifecycleController$$Lambda+0x0000017939c9da20
instanceKlass  @bci org/gradle/internal/buildtree/DefaultBuildTreeFinishExecutor finishBuildTree (Ljava/util/List;)Ljava/lang/RuntimeException; 14 <appendix> member <vmtarget> ; # org/gradle/internal/buildtree/DefaultBuildTreeFinishExecutor$$Lambda+0x0000017939c9d7f0
instanceKlass org/gradle/composite/internal/OperationFiringBuildTreeFinishExecutor$1
instanceKlass com/google/common/cache/LocalCache$WriteThroughEntry
instanceKlass com/google/common/cache/LocalCache$HashIterator
instanceKlass java/io/ObjectStreamClass$ExceptionInfo
instanceKlass com/google/common/collect/ImmutableList$SerializedForm
instanceKlass  @bci org/gradle/execution/plan/DefaultPlanExecutor$MergedQueues removeFinishedPlans ()V 13 <appendix> argL0 ; # org/gradle/execution/plan/DefaultPlanExecutor$MergedQueues$$Lambda+0x0000017939c9c8f0
instanceKlass  @bci org/gradle/execution/plan/DefaultPlanExecutor awaitCompletion (Lorg/gradle/execution/plan/WorkSource;Lorg/gradle/internal/work/WorkerLeaseRegistry$WorkerLease;Ljava/util/Collection;)V 8 <appendix> member <vmtarget> ; # org/gradle/execution/plan/DefaultPlanExecutor$$Lambda+0x0000017939c9c6b0
instanceKlass  @bci org/gradle/internal/snapshot/DirectorySnapshot accept (Lorg/gradle/internal/snapshot/FileSystemSnapshotHierarchyVisitor;)Lorg/gradle/internal/snapshot/SnapshotVisitResult; 71 <appendix> member <vmtarget> ; # org/gradle/internal/snapshot/DirectorySnapshot$$Lambda+0x0000017939c9c480
instanceKlass  @bci org/gradle/internal/snapshot/DirectorySnapshot accept (Lorg/gradle/internal/snapshot/FileSystemSnapshotHierarchyVisitor;)Lorg/gradle/internal/snapshot/SnapshotVisitResult; 60 <appendix> argL0 ; # org/gradle/internal/snapshot/DirectorySnapshot$$Lambda+0x0000017939c9c248
instanceKlass org/gradle/internal/execution/history/impl/FileSystemSnapshotSerializer$1$1
instanceKlass org/gradle/api/internal/tasks/TaskExecuterResult$1
instanceKlass org/gradle/internal/snapshot/impl/GradleSerializedValueSnapshot
instanceKlass  @bci org/gradle/internal/execution/steps/UpToDateResult <init> (Lorg/gradle/internal/execution/steps/AfterExecutionResult;Lcom/google/common/collect/ImmutableList;)V 23 <appendix> argL0 ; # org/gradle/internal/execution/steps/UpToDateResult$$Lambda+0x0000017939c972a8
instanceKlass  @bci org/gradle/internal/execution/steps/UpToDateResult <init> (Lorg/gradle/internal/execution/steps/AfterExecutionResult;Lcom/google/common/collect/ImmutableList;)V 15 <appendix> argL0 ; # org/gradle/internal/execution/steps/UpToDateResult$$Lambda+0x0000017939c97060
instanceKlass  @bci org/gradle/internal/execution/history/impl/DefaultExecutionHistoryStore lambda$prepareForSerialization$0 (Lorg/gradle/internal/fingerprint/CurrentFileCollectionFingerprint;)Lorg/gradle/internal/fingerprint/FileCollectionFingerprint; 1 <appendix> argL0 ; # org/gradle/internal/execution/history/impl/DefaultExecutionHistoryStore$$Lambda+0x0000017939c96e48
instanceKlass org/gradle/internal/fingerprint/CurrentFileCollectionFingerprint$ArchivedFileCollectionFingerprintFactory
instanceKlass  @bci com/google/common/collect/Maps asEntryToEntryFunction (Lcom/google/common/collect/Maps$EntryTransformer;)Lcom/google/common/base/Function; 6 <appendix> member <vmtarget> ; # com/google/common/collect/Maps$$Lambda+0x0000017939c96798
instanceKlass  @bci com/google/common/collect/Maps transformValues (Ljava/util/NavigableMap;Lcom/google/common/base/Function;)Ljava/util/NavigableMap; 7 <appendix> member <vmtarget> ; # com/google/common/collect/Maps$$Lambda+0x0000017939c95020
instanceKlass com/google/common/collect/Maps$EntryTransformer
instanceKlass  @bci org/gradle/internal/execution/history/impl/DefaultExecutionHistoryStore prepareForSerialization (Lcom/google/common/collect/ImmutableSortedMap;)Lcom/google/common/collect/ImmutableSortedMap; 1 <appendix> argL0 ; # org/gradle/internal/execution/history/impl/DefaultExecutionHistoryStore$$Lambda+0x0000017939c94bd0
instanceKlass  @bci org/gradle/internal/execution/steps/StoreExecutionStateStep lambda$execute$4 (Lorg/gradle/internal/execution/steps/PreviousExecutionContext;Lorg/gradle/internal/execution/steps/AfterExecutionResult;Lorg/gradle/internal/execution/history/ExecutionHistoryStore;)V 24 <appendix> member <vmtarget> ; # org/gradle/internal/execution/steps/StoreExecutionStateStep$$Lambda+0x0000017939c949a0
instanceKlass  @bci org/gradle/internal/execution/steps/StoreExecutionStateStep lambda$execute$2 (Lorg/gradle/internal/execution/steps/AfterExecutionResult;Lorg/gradle/internal/execution/steps/PreviousExecutionContext;Lorg/gradle/internal/execution/caching/CachingState$CacheKeyCalculatedState;)Ljava/util/Optional; 15 <appendix> member <vmtarget> ; # org/gradle/internal/execution/steps/StoreExecutionStateStep$$Lambda+0x0000017939c94760
instanceKlass org/gradle/internal/execution/steps/StoreExecutionStateStep$DefaultAfterExecutionState
instanceKlass  @bci org/gradle/internal/execution/steps/StoreExecutionStateStep lambda$execute$2 (Lorg/gradle/internal/execution/steps/AfterExecutionResult;Lorg/gradle/internal/execution/steps/PreviousExecutionContext;Lorg/gradle/internal/execution/caching/CachingState$CacheKeyCalculatedState;)Ljava/util/Optional; 6 <appendix> member <vmtarget> ; # org/gradle/internal/execution/steps/StoreExecutionStateStep$$Lambda+0x0000017939c94240
instanceKlass  @bci org/gradle/internal/execution/steps/StoreExecutionStateStep lambda$execute$4 (Lorg/gradle/internal/execution/steps/PreviousExecutionContext;Lorg/gradle/internal/execution/steps/AfterExecutionResult;Lorg/gradle/internal/execution/history/ExecutionHistoryStore;)V 14 <appendix> member <vmtarget> ; # org/gradle/internal/execution/steps/StoreExecutionStateStep$$Lambda+0x0000017939c94000
instanceKlass  @bci org/gradle/internal/execution/steps/StoreExecutionStateStep execute (Lorg/gradle/internal/execution/UnitOfWork;Lorg/gradle/internal/execution/steps/PreviousExecutionContext;)Lorg/gradle/internal/execution/steps/AfterExecutionResult; 21 <appendix> member <vmtarget> ; # org/gradle/internal/execution/steps/StoreExecutionStateStep$$Lambda+0x0000017939c8fd50
instanceKlass org/gradle/internal/execution/steps/CaptureOutputsAfterExecutionStep$Operation$Result$1
instanceKlass org/gradle/internal/execution/steps/CaptureOutputsAfterExecutionStep$Operation$Result
instanceKlass org/gradle/internal/execution/steps/CaptureOutputsAfterExecutionStep$Operation$Details$1
instanceKlass org/gradle/internal/execution/steps/CaptureOutputsAfterExecutionStep$Operation$Details
instanceKlass  @bci org/gradle/internal/execution/steps/CaptureOutputsAfterExecutionStep captureOutputsAfterExecution (Lorg/gradle/internal/execution/UnitOfWork;Lorg/gradle/internal/execution/steps/WorkspaceContext;Lorg/gradle/internal/execution/caching/CachingState$CacheKeyCalculatedState;Lorg/gradle/internal/execution/steps/Result;)Lorg/gradle/internal/execution/history/ExecutionOutputState; 7 <appendix> member <vmtarget> ; # org/gradle/internal/execution/steps/CaptureOutputsAfterExecutionStep$$Lambda+0x0000017939c8f320
instanceKlass  @bci org/gradle/internal/execution/steps/CaptureOutputsAfterExecutionStep execute (Lorg/gradle/internal/execution/UnitOfWork;Lorg/gradle/internal/execution/steps/WorkspaceContext;)Lorg/gradle/internal/execution/steps/AfterExecutionResult; 28 <appendix> member <vmtarget> ; # org/gradle/internal/execution/steps/CaptureOutputsAfterExecutionStep$$Lambda+0x0000017939c8f0e0
instanceKlass  @bci org/gradle/internal/execution/caching/CachingState getCacheKeyCalculatedState ()Ljava/util/Optional; 9 <appendix> argL0 ; # org/gradle/internal/execution/caching/CachingState$$Lambda+0x0000017939c8eea8
instanceKlass  @bci org/gradle/internal/execution/caching/CachingState getCacheKeyCalculatedState ()Ljava/util/Optional; 4 <appendix> argL0 ; # org/gradle/internal/execution/caching/CachingState$$Lambda+0x0000017939c8ec70
instanceKlass org/gradle/internal/execution/steps/ExecuteStep$Operation$Result$1
instanceKlass org/gradle/internal/execution/steps/ExecuteStep$Operation$Result
instanceKlass org/gradle/internal/execution/steps/ExecuteStep$ExecutionResultImpl
instanceKlass  @bci org/gradle/internal/execution/steps/ExecuteStep determineOutcome (Lorg/gradle/internal/execution/steps/InputChangesContext;Lorg/gradle/internal/execution/UnitOfWork$WorkOutput;)Lorg/gradle/internal/execution/ExecutionEngine$ExecutionOutcome; 48 <appendix> argL0 ; # org/gradle/internal/execution/steps/ExecuteStep$$Lambda+0x0000017939c8e400
instanceKlass org/gradle/internal/execution/steps/ExecuteStep$3
instanceKlass org/gradle/api/internal/tasks/execution/TaskExecution$2
instanceKlass org/gradle/api/internal/tasks/compile/CompileJavaBuildOperationReportingCompiler$Result
instanceKlass it/unimi/dsi/fastutil/ints/IntOpenHashSet$SetIterator
instanceKlass  @bci org/gradle/api/internal/tasks/compile/incremental/deps/ClassSetAnalysisData$Serializer write (Lorg/gradle/internal/serialize/Encoder;Lorg/gradle/api/internal/tasks/compile/incremental/deps/ClassSetAnalysisData;)V 18 <appendix> member <vmtarget> ; # org/gradle/api/internal/tasks/compile/incremental/deps/ClassSetAnalysisData$Serializer$$Lambda+0x0000017939c92f58
instanceKlass  @bci org/gradle/api/internal/tasks/compile/incremental/recomp/PreviousCompilationData$Serializer write (Lorg/gradle/internal/serialize/Encoder;Lorg/gradle/api/internal/tasks/compile/incremental/recomp/PreviousCompilationData;)V 13 <appendix> member <vmtarget> ; # org/gradle/api/internal/tasks/compile/incremental/recomp/PreviousCompilationData$Serializer$$Lambda+0x0000017939c92d38
instanceKlass org/gradle/api/internal/tasks/compile/incremental/compilerapi/deps/DependentsSet$1
instanceKlass  @bci org/gradle/api/internal/tasks/compile/incremental/compilerapi/constants/ConstantToDependentsMappingMerger updateClassToConstantsMapping (Lorg/gradle/api/internal/tasks/compile/incremental/compilerapi/constants/ConstantToDependentsMapping;Lorg/gradle/api/internal/tasks/compile/incremental/compilerapi/constants/ConstantToDependentsMapping;Ljava/util/Set;)Lorg/gradle/api/internal/tasks/compile/incremental/compilerapi/constants/ConstantToDependentsMapping; 56 <appendix> member <vmtarget> ; # org/gradle/api/internal/tasks/compile/incremental/compilerapi/constants/ConstantToDependentsMappingMerger$$Lambda+0x0000017939c92908
instanceKlass  @bci org/gradle/api/internal/tasks/compile/incremental/compilerapi/constants/ConstantToDependentsMappingBuilder addPrivateDependent (Ljava/lang/String;Ljava/lang/String;)Lorg/gradle/api/internal/tasks/compile/incremental/compilerapi/constants/ConstantToDependentsMappingBuilder; 24 <appendix> argL0 ; # org/gradle/api/internal/tasks/compile/incremental/compilerapi/constants/ConstantToDependentsMappingBuilder$$Lambda+0x0000017939c926d0
instanceKlass  @bci org/gradle/api/internal/tasks/compile/incremental/compilerapi/constants/ConstantToDependentsMappingBuilder addPrivateDependent (Ljava/lang/String;Ljava/lang/String;)Lorg/gradle/api/internal/tasks/compile/incremental/compilerapi/constants/ConstantToDependentsMappingBuilder; 5 <appendix> argL0 ; # org/gradle/api/internal/tasks/compile/incremental/compilerapi/constants/ConstantToDependentsMappingBuilder$$Lambda+0x0000017939c92498
instanceKlass  @bci org/gradle/api/internal/tasks/compile/incremental/compilerapi/constants/ConstantToDependentsMappingBuilder addPrivateDependents (Ljava/lang/String;Ljava/util/Collection;)Lorg/gradle/api/internal/tasks/compile/incremental/compilerapi/constants/ConstantToDependentsMappingBuilder; 3 <appendix> member <vmtarget> ; # org/gradle/api/internal/tasks/compile/incremental/compilerapi/constants/ConstantToDependentsMappingBuilder$$Lambda+0x0000017939c92268
instanceKlass  @bci org/gradle/api/internal/tasks/compile/incremental/compilerapi/constants/ConstantToDependentsMappingMerger lambda$updateClassToConstantsMapping$1 (Lorg/gradle/api/internal/tasks/compile/incremental/compilerapi/constants/ConstantToDependentsMapping;Ljava/util/Set;Lorg/gradle/api/internal/tasks/compile/incremental/compilerapi/constants/ConstantToDependentsMappingBuilder;Ljava/lang/String;)V 70 <appendix> member <vmtarget> ; # org/gradle/api/internal/tasks/compile/incremental/compilerapi/constants/ConstantToDependentsMappingMerger$$Lambda+0x0000017939c92018
instanceKlass  @bci org/gradle/api/internal/tasks/compile/incremental/compilerapi/constants/ConstantToDependentsMappingBuilder addAccessibleDependents (Ljava/lang/String;Ljava/util/Collection;)Lorg/gradle/api/internal/tasks/compile/incremental/compilerapi/constants/ConstantToDependentsMappingBuilder; 3 <appendix> member <vmtarget> ; # org/gradle/api/internal/tasks/compile/incremental/compilerapi/constants/ConstantToDependentsMappingBuilder$$Lambda+0x0000017939c91de8
instanceKlass  @bci org/gradle/api/internal/tasks/compile/incremental/compilerapi/constants/ConstantToDependentsMappingMerger lambda$updateClassToConstantsMapping$1 (Lorg/gradle/api/internal/tasks/compile/incremental/compilerapi/constants/ConstantToDependentsMapping;Ljava/util/Set;Lorg/gradle/api/internal/tasks/compile/incremental/compilerapi/constants/ConstantToDependentsMappingBuilder;Ljava/lang/String;)V 29 <appendix> member <vmtarget> ; # org/gradle/api/internal/tasks/compile/incremental/compilerapi/constants/ConstantToDependentsMappingMerger$$Lambda+0x0000017939c91b98
instanceKlass  @bci org/gradle/api/internal/tasks/compile/incremental/compilerapi/constants/ConstantToDependentsMappingMerger updateClassToConstantsMapping (Lorg/gradle/api/internal/tasks/compile/incremental/compilerapi/constants/ConstantToDependentsMapping;Lorg/gradle/api/internal/tasks/compile/incremental/compilerapi/constants/ConstantToDependentsMapping;Ljava/util/Set;)Lorg/gradle/api/internal/tasks/compile/incremental/compilerapi/constants/ConstantToDependentsMapping; 34 <appendix> member <vmtarget> ; # org/gradle/api/internal/tasks/compile/incremental/compilerapi/constants/ConstantToDependentsMappingMerger$$Lambda+0x0000017939c91968
instanceKlass  @bci org/gradle/api/internal/tasks/compile/incremental/compilerapi/constants/ConstantToDependentsMappingMerger updateClassToConstantsMapping (Lorg/gradle/api/internal/tasks/compile/incremental/compilerapi/constants/ConstantToDependentsMapping;Lorg/gradle/api/internal/tasks/compile/incremental/compilerapi/constants/ConstantToDependentsMapping;Ljava/util/Set;)Lorg/gradle/api/internal/tasks/compile/incremental/compilerapi/constants/ConstantToDependentsMapping; 20 <appendix> member <vmtarget> ; # org/gradle/api/internal/tasks/compile/incremental/compilerapi/constants/ConstantToDependentsMappingMerger$$Lambda+0x0000017939c91718
instanceKlass org/gradle/api/internal/tasks/compile/incremental/compilerapi/constants/ConstantToDependentsMappingMerger
instanceKlass  @bci org/gradle/api/internal/tasks/compile/incremental/IncrementalResultStoringCompiler mergeSourceClassesMappings (Ljava/util/Map;Ljava/util/Map;Ljava/util/Set;)Ljava/util/Map; 71 <appendix> argL0 ; # org/gradle/api/internal/tasks/compile/incremental/IncrementalResultStoringCompiler$$Lambda+0x0000017939c912d8
instanceKlass  @bci org/gradle/api/internal/tasks/compile/incremental/IncrementalResultStoringCompiler getCompilerApiData (Lorg/gradle/api/internal/tasks/compile/JavaCompileSpec;Lorg/gradle/api/tasks/WorkResult;)Lorg/gradle/api/internal/tasks/compile/incremental/compilerapi/CompilerApiData; 125 <appendix> argL0 ; # org/gradle/api/internal/tasks/compile/incremental/IncrementalResultStoringCompiler$$Lambda+0x0000017939c910c0
instanceKlass  @bci org/gradle/api/internal/tasks/compile/incremental/IncrementalResultStoringCompiler mergeAnnotationProcessingData (Lorg/gradle/api/internal/tasks/compile/incremental/processing/AnnotationProcessingData;Lorg/gradle/api/internal/tasks/compile/incremental/processing/AnnotationProcessingData;Ljava/util/Set;)Lorg/gradle/api/internal/tasks/compile/incremental/processing/AnnotationProcessingData; 63 <appendix> member <vmtarget> ; # org/gradle/api/internal/tasks/compile/incremental/IncrementalResultStoringCompiler$$Lambda+0x0000017939c90e90
instanceKlass  @bci org/gradle/api/internal/tasks/compile/incremental/IncrementalResultStoringCompiler mergeAnnotationProcessingData (Lorg/gradle/api/internal/tasks/compile/incremental/processing/AnnotationProcessingData;Lorg/gradle/api/internal/tasks/compile/incremental/processing/AnnotationProcessingData;Ljava/util/Set;)Lorg/gradle/api/internal/tasks/compile/incremental/processing/AnnotationProcessingData; 21 <appendix> member <vmtarget> ; # org/gradle/api/internal/tasks/compile/incremental/IncrementalResultStoringCompiler$$Lambda+0x0000017939c90c60
instanceKlass it/unimi/dsi/fastutil/ints/IntIterators$EmptyIterator
instanceKlass it/unimi/dsi/fastutil/ints/IntList
instanceKlass it/unimi/dsi/fastutil/ints/IntListIterator
instanceKlass it/unimi/dsi/fastutil/ints/IntIterators
instanceKlass org/objectweb/asm/signature/SignatureReader
instanceKlass org/gradle/api/internal/initialization/transform/utils/ClassAnalysisUtils
instanceKlass  @bci org/gradle/api/internal/tasks/compile/incremental/asm/ClassDependenciesVisitor collectRemainingClassDependencies (Lorg/objectweb/asm/ClassReader;)V 2 <appendix> member <vmtarget> ; # org/gradle/api/internal/tasks/compile/incremental/asm/ClassDependenciesVisitor$$Lambda+0x0000017939c90a30
instanceKlass org/gradle/api/internal/tasks/compile/incremental/asm/ClassRelevancyFilter
instanceKlass  @bci org/gradle/api/internal/tasks/compile/incremental/analyzer/CachingClassDependenciesAnalyzer getClassAnalysis (Lorg/gradle/internal/hash/HashCode;Lorg/gradle/api/file/FileTreeElement;)Lorg/gradle/api/internal/tasks/compile/incremental/deps/ClassAnalysis; 8 <appendix> member <vmtarget> ; # org/gradle/api/internal/tasks/compile/incremental/analyzer/CachingClassDependenciesAnalyzer$$Lambda+0x0000017939c1f640
instanceKlass org/gradle/api/internal/tasks/compile/incremental/deps/ClassAnalysis
instanceKlass org/gradle/api/internal/tasks/compile/incremental/classpath/DefaultClassSetAnalyzer$EntryVisitor
instanceKlass org/gradle/api/internal/tasks/compile/incremental/deps/ClassDependentsAccumulator
instanceKlass org/gradle/api/internal/tasks/compile/incremental/RecompilationNotNecessary
instanceKlass org/gradle/internal/execution/history/OutputsCleaner$1
instanceKlass  @bci org/gradle/language/base/internal/tasks/StaleOutputCleaner cleanEmptyOutputDirectories (Lorg/gradle/internal/file/Deleter;Ljava/lang/Iterable;Ljava/util/Collection;)Z 11 <appendix> member <vmtarget> ; # org/gradle/language/base/internal/tasks/StaleOutputCleaner$$Lambda+0x0000017939c1e888
instanceKlass  @bci org/gradle/language/base/internal/tasks/StaleOutputCleaner cleanEmptyOutputDirectories (Lorg/gradle/internal/file/Deleter;Ljava/lang/Iterable;Ljava/util/Collection;)Z 5 <appendix> argL0 ; # org/gradle/language/base/internal/tasks/StaleOutputCleaner$$Lambda+0x0000017939c1e640
instanceKlass org/gradle/language/base/internal/tasks/StaleOutputCleaner
instanceKlass  @bci org/gradle/api/internal/tasks/compile/incremental/transaction/CompileTransaction deleteEmptyDirectoriesAfterCompilation (Ljava/util/List;)V 11 <appendix> argL0 ; # org/gradle/api/internal/tasks/compile/incremental/transaction/CompileTransaction$$Lambda+0x0000017939c1e208
instanceKlass  @bci org/gradle/api/internal/tasks/compile/incremental/transaction/CompileTransaction getOutputDirectories ()Lcom/google/common/collect/ImmutableSet; 49 <appendix> argL0 ; # org/gradle/api/internal/tasks/compile/incremental/transaction/CompileTransaction$$Lambda+0x0000017939c1dfc0
instanceKlass org/gradle/api/internal/tasks/compile/incremental/recomp/IncrementalCompilationResult
instanceKlass  @bci org/gradle/api/internal/tasks/compile/DiagnosticToProblemListener diagnosticCounts ()Ljava/lang/String; 58 <appendix> argL0 ; # org/gradle/api/internal/tasks/compile/DiagnosticToProblemListener$$Lambda+0x0000017939c1daf8
instanceKlass  @bci org/gradle/api/internal/tasks/compile/DiagnosticToProblemListener diagnosticCounts ()Ljava/lang/String; 48 <appendix> argL0 ; # org/gradle/api/internal/tasks/compile/DiagnosticToProblemListener$$Lambda+0x0000017939c1d8b0
instanceKlass  @bci jdk/nio/zipfs/ZipFileSystemProvider removeFileSystem (Ljava/nio/file/Path;Ljdk/nio/zipfs/ZipFileSystem;)V 17 <appendix> member <vmtarget> ; # jdk/nio/zipfs/ZipFileSystemProvider$$Lambda+0x0000017939c32098
instanceKlass  @bci jdk/nio/zipfs/ZipFileSystem close ()V 97 <appendix> member <vmtarget> ; # jdk/nio/zipfs/ZipFileSystem$$Lambda+0x0000017939c31e78
instanceKlass  @bci com/sun/tools/javac/file/Locations close ()V 13 <appendix> member <vmtarget> ; # com/sun/tools/javac/file/Locations$$Lambda+0x0000017939c82c10
instanceKlass lombok/bytecode/ClassFileMetaData
instanceKlass lombok/bytecode/SneakyThrowsRemover
instanceKlass org/lombokweb/asm/ClassVisitor
instanceKlass lombok/bytecode/PreventNullAnalysisRemover
instanceKlass lombok/core/PostCompilerTransformation
instanceKlass com/sun/tools/javac/jvm/ClassWriter$1
instanceKlass lombok/core/PostCompiler
instanceKlass lombok/javac/apt/InterceptingJavaFileObject
instanceKlass  @bci com/sun/tools/javac/jvm/Items$MemberItem store ()V 14 <appendix> argL0 ; # com/sun/tools/javac/jvm/Items$MemberItem$$Lambda+0x0000017939c82608
instanceKlass  @bci com/sun/tools/javac/model/FilteredMemberList iterator ()Ljava/util/Iterator; 4 <appendix> argL0 ; # com/sun/tools/javac/model/FilteredMemberList$$Lambda+0x0000017939c87cd0
instanceKlass com/sun/tools/javac/jvm/PoolWriter$1
instanceKlass com/sun/tools/javac/jvm/PoolConstant$NameAndType
instanceKlass com/sun/tools/javac/code/Types$UniqueType
instanceKlass  @bci com/sun/tools/javac/jvm/Items$MemberItem load ()Lcom/sun/tools/javac/jvm/Items$Item; 14 <appendix> argL0 ; # com/sun/tools/javac/jvm/Items$MemberItem$$Lambda+0x0000017939c87488
instanceKlass java/util/function/ToIntBiFunction
instanceKlass com/sun/tools/javac/jvm/Code$LocalVar$Range
instanceKlass com/sun/tools/javac/jvm/Items
instanceKlass com/sun/tools/javac/jvm/Code$LocalVar
instanceKlass com/sun/tools/javac/jvm/Code$State
instanceKlass com/sun/tools/javac/jvm/Gen$GenContext
instanceKlass com/sun/tools/javac/jvm/Gen$3
instanceKlass  @bci org/gradle/internal/compiler/java/listeners/classnames/ClassNameCollector registerMapping (Ljava/lang/String;Ljava/lang/String;)V 5 <appendix> argL0 ; # org/gradle/internal/compiler/java/listeners/classnames/ClassNameCollector$$Lambda+0x0000017939c806c0
instanceKlass org/gradle/util/internal/TextUtil$1
instanceKlass  @bci java/util/regex/CharPredicates range (II)Ljava/util/regex/Pattern$CharPredicate; 2 <appendix> member <vmtarget> ; # java/util/regex/CharPredicates$$Lambda+0x00000179396ef858
instanceKlass org/gradle/util/internal/TextUtil
instanceKlass org/gradle/util/internal/RelativePathUtil
instanceKlass  @bci org/gradle/api/internal/tasks/compile/CompilationSourceDirs relativize (Ljava/io/File;)Ljava/util/Optional; 31 <appendix> argL0 ; # org/gradle/api/internal/tasks/compile/CompilationSourceDirs$$Lambda+0x0000017939c1d668
instanceKlass  @bci org/gradle/api/internal/tasks/compile/CompilationSourceDirs relativize (Ljava/io/File;)Ljava/util/Optional; 21 <appendix> member <vmtarget> ; # org/gradle/api/internal/tasks/compile/CompilationSourceDirs$$Lambda+0x0000017939c1d428
instanceKlass  @bci org/gradle/api/internal/tasks/compile/CompilationSourceDirs relativize (Ljava/io/File;)Ljava/util/Optional; 10 <appendix> member <vmtarget> ; # org/gradle/api/internal/tasks/compile/CompilationSourceDirs$$Lambda+0x0000017939c1d1d8
instanceKlass com/sun/tools/javac/comp/Lower$2
instanceKlass com/sun/tools/javac/util/Constants
instanceKlass  @bci org/gradle/internal/compiler/java/listeners/constants/ConstantsTreeVisitor visitClass (Lcom/sun/source/tree/ClassTree;Lorg/gradle/internal/compiler/java/listeners/constants/ConstantsVisitorContext;)Lorg/gradle/internal/compiler/java/listeners/constants/ConstantsVisitorContext; 39 <appendix> member <vmtarget> ; # org/gradle/internal/compiler/java/listeners/constants/ConstantsTreeVisitor$$Lambda+0x0000017939c04458
instanceKlass org/gradle/internal/compiler/java/listeners/constants/ConstantsVisitorContext
instanceKlass com/sun/tools/javac/comp/ThisEscapeAnalyzer$Ref
instanceKlass com/sun/tools/javac/tree/TreeInfo$1
instanceKlass com/sun/tools/javac/util/Bits
instanceKlass com/sun/tools/javac/comp/Flow$BaseAnalyzer$PendingExit
instanceKlass com/sun/tools/javac/code/Types$TypePair
instanceKlass com/sun/tools/javac/comp/Resolve$19
instanceKlass  @bci com/sun/tools/javac/util/JCDiagnostic$Factory normalize (Lcom/sun/tools/javac/util/JCDiagnostic$DiagnosticInfo;)Lcom/sun/tools/javac/util/JCDiagnostic$DiagnosticInfo; 20 <appendix> member <vmtarget> ; # com/sun/tools/javac/util/JCDiagnostic$Factory$$Lambda+0x0000017939c7d428
instanceKlass  @bci com/sun/tools/javac/comp/InferenceContext boundedVars ()Lcom/sun/tools/javac/util/List; 1 <appendix> argL0 ; # com/sun/tools/javac/comp/InferenceContext$$Lambda+0x0000017939c7d1e0
instanceKlass java/util/EnumMap$EntryIterator$Entry
instanceKlass java/util/EnumMap$EnumMapIterator
instanceKlass  @bci com/sun/tools/javac/code/Type$UndetVar substBounds (Lcom/sun/tools/javac/util/List;Lcom/sun/tools/javac/util/List;Lcom/sun/tools/javac/code/Types;)V 19 <appendix> member <vmtarget> ; # com/sun/tools/javac/code/Type$UndetVar$$Lambda+0x0000017939c7cfb0
instanceKlass  @cpi com/sun/tools/javac/code/Type$UndetVar 405 form vmentry <vmtarget> ; # java/lang/invoke/LambdaForm$DMH+0x0000017939c78400
instanceKlass com/sun/tools/javac/comp/Infer$BoundFilter
instanceKlass com/sun/tools/javac/util/GraphUtils$Tarjan
instanceKlass com/sun/tools/javac/util/GraphUtils
instanceKlass com/sun/tools/javac/util/GraphUtils$AbstractNode
instanceKlass com/sun/tools/javac/util/GraphUtils$DottableNode
instanceKlass com/sun/tools/javac/util/GraphUtils$Node
instanceKlass  @bci com/sun/tools/javac/comp/InferenceContext restvars ()Lcom/sun/tools/javac/util/List; 1 <appendix> argL0 ; # com/sun/tools/javac/comp/InferenceContext$$Lambda+0x0000017939c761f8
instanceKlass com/sun/tools/javac/comp/Infer$GraphSolver$InferenceGraph
instanceKlass  @bci com/sun/tools/javac/code/Types closureCollector (ZLjava/util/function/BiPredicate;)Ljava/util/stream/Collector; 18 <appendix> argL0 ; # com/sun/tools/javac/code/Types$$Lambda+0x0000017939c75d90
instanceKlass  @bci com/sun/tools/javac/code/Types closureCollector (ZLjava/util/function/BiPredicate;)Ljava/util/stream/Collector; 13 <appendix> argL0 ; # com/sun/tools/javac/code/Types$$Lambda+0x0000017939c75b50
instanceKlass  @bci com/sun/tools/javac/code/Types closureCollector (ZLjava/util/function/BiPredicate;)Ljava/util/stream/Collector; 8 <appendix> argL0 ; # com/sun/tools/javac/code/Types$$Lambda+0x0000017939c75928
instanceKlass  @bci com/sun/tools/javac/code/Types closureCollector (ZLjava/util/function/BiPredicate;)Ljava/util/stream/Collector; 3 <appendix> member <vmtarget> ; # com/sun/tools/javac/code/Types$$Lambda+0x0000017939c75708
instanceKlass com/sun/tools/javac/code/Types$ClosureHolder
instanceKlass  @bci com/sun/tools/javac/comp/Infer$CheckUpperBounds apply (Lcom/sun/tools/javac/comp/InferenceContext;Lcom/sun/tools/javac/util/Warner;)V 40 <appendix> member <vmtarget> ; # com/sun/tools/javac/comp/Infer$CheckUpperBounds$$Lambda+0x0000017939c75298
instanceKlass  @cpi com/sun/tools/javac/comp/Infer$CheckUpperBounds 177 form vmentry <vmtarget> ; # java/lang/invoke/LambdaForm$DMH+0x0000017939c78000
instanceKlass com/sun/tools/javac/comp/Infer$IncorporationBinaryOp
instanceKlass com/sun/tools/javac/comp/Infer$GraphSolver
instanceKlass com/sun/tools/javac/comp/Infer$LeafSolver
instanceKlass  @bci com/sun/tools/javac/comp/Check checkType (Lcom/sun/tools/javac/util/JCDiagnostic$DiagnosticPosition;Lcom/sun/tools/javac/code/Type;Lcom/sun/tools/javac/code/Type;Lcom/sun/tools/javac/comp/Check$CheckContext;)Lcom/sun/tools/javac/code/Type; 40 <appendix> member <vmtarget> ; # com/sun/tools/javac/comp/Check$$Lambda+0x0000017939c73f28
instanceKlass  @bci com/sun/tools/javac/comp/Infer$CheckBounds <init> (Lcom/sun/tools/javac/comp/Infer;Lcom/sun/tools/javac/code/Type$UndetVar;Lcom/sun/tools/javac/code/Type;Lcom/sun/tools/javac/code/Type$UndetVar$InferenceBound;)V 4 <appendix> argL0 ; # com/sun/tools/javac/comp/Infer$CheckBounds$$Lambda+0x0000017939c73890
instanceKlass com/sun/tools/javac/comp/Infer$IncorporationAction
instanceKlass  @bci com/sun/tools/javac/code/DeferredCompletionFailureHandler$2 uninstall ()V 9 <appendix> argL0 ; # com/sun/tools/javac/code/DeferredCompletionFailureHandler$2$$Lambda+0x0000017939c71f38
instanceKlass  @bci com/sun/tools/javac/comp/DeferredAttr$FilterScanner <init> (Ljava/util/Set;)V 6 <appendix> member <vmtarget> ; # com/sun/tools/javac/comp/DeferredAttr$FilterScanner$$Lambda+0x0000017939c69d10
instanceKlass com/sun/tools/javac/comp/Infer$FreeTypeListener
instanceKlass com/sun/tools/javac/comp/Resolve$MethodCheckContext
instanceKlass com/sun/tools/javac/comp/DeferredAttr$DeferredType$SpeculativeCache
instanceKlass com/sun/tools/javac/comp/Resolve$6
instanceKlass  @bci com/sun/tools/javac/comp/Resolve superclasses (Lcom/sun/tools/javac/code/Type;)Ljava/lang/Iterable; 2 <appendix> member <vmtarget> ; # com/sun/tools/javac/comp/Resolve$$Lambda+0x0000017939c6b460
instanceKlass com/sun/tools/javac/code/Flags
instanceKlass  @bci com/sun/tools/javac/comp/DeferredAttr$DeferredAttrDiagHandler <init> (Lcom/sun/tools/javac/util/Log;Lcom/sun/tools/javac/tree/JCTree;)V 3 <appendix> member <vmtarget> ; # com/sun/tools/javac/comp/DeferredAttr$DeferredAttrDiagHandler$$Lambda+0x0000017939c6b010
instanceKlass  @bci com/sun/tools/javac/comp/ArgumentAttr processArg (Lcom/sun/tools/javac/tree/JCTree$JCExpression;Ljava/util/function/Function;)V 16 <appendix> member <vmtarget> ; # com/sun/tools/javac/comp/ArgumentAttr$$Lambda+0x0000017939c6a9a8
instanceKlass com/sun/tools/javac/comp/ArgumentAttr$UniquePos
instanceKlass  @bci com/sun/tools/javac/comp/ArgumentAttr visitApply (Lcom/sun/tools/javac/tree/JCTree$JCMethodInvocation;)V 14 <appendix> member <vmtarget> ; # com/sun/tools/javac/comp/ArgumentAttr$$Lambda+0x0000017939c6a560
instanceKlass  @bci com/sun/tools/javac/code/Types$TypeMapping visit (Lcom/sun/tools/javac/util/List;Ljava/lang/Object;)Lcom/sun/tools/javac/util/List; 3 <appendix> member <vmtarget> ; # com/sun/tools/javac/code/Types$TypeMapping$$Lambda+0x0000017939c6f7a8
instanceKlass  @bci com/sun/tools/javac/comp/Check checkOverrideClashes (Lcom/sun/tools/javac/util/JCDiagnostic$DiagnosticPosition;Lcom/sun/tools/javac/code/Type;Lcom/sun/tools/javac/code/Symbol$MethodSymbol;)V 45 <appendix> member <vmtarget> ; # com/sun/tools/javac/comp/Check$$Lambda+0x0000017939c6ead8
instanceKlass com/sun/tools/javac/comp/Check$ClashFilter
instanceKlass com/sun/tools/javac/code/Symbol$1
instanceKlass  @bci com/sun/tools/javac/code/Scope$CompoundScope lambda$getSymbols$1 (Ljava/util/function/Predicate;Lcom/sun/tools/javac/code/Scope$LookupKind;)Ljava/util/Iterator; 6 <appendix> member <vmtarget> ; # com/sun/tools/javac/code/Scope$CompoundScope$$Lambda+0x0000017939c6e430
instanceKlass  @bci com/sun/tools/javac/code/Scope$CompoundScope getSymbols (Ljava/util/function/Predicate;Lcom/sun/tools/javac/code/Scope$LookupKind;)Ljava/lang/Iterable; 3 <appendix> member <vmtarget> ; # com/sun/tools/javac/code/Scope$CompoundScope$$Lambda+0x0000017939c6e1f0
instanceKlass com/sun/tools/javac/comp/Check$DefaultMethodClashFilter
instanceKlass  @bci com/sun/tools/javac/comp/Attr attribClass (Lcom/sun/tools/javac/code/Symbol$ClassSymbol;)V 767 <appendix> argL0 ; # com/sun/tools/javac/comp/Attr$$Lambda+0x0000017939c6d900
instanceKlass  @bci com/sun/tools/javac/comp/Attr attribClass (Lcom/sun/tools/javac/code/Symbol$ClassSymbol;)V 757 <appendix> argL0 ; # com/sun/tools/javac/comp/Attr$$Lambda+0x0000017939c6d6b8
instanceKlass com/sun/tools/javac/processing/JavacProcessingEnvironment$ServiceIterator
instanceKlass  @bci com/sun/tools/javac/code/Symtab lambda$getAllClasses$4 ()Ljava/util/Iterator; 9 <appendix> argL0 ; # com/sun/tools/javac/code/Symtab$$Lambda+0x0000017939c6d208
instanceKlass  @bci com/sun/tools/javac/code/Symtab getAllClasses ()Ljava/lang/Iterable; 1 <appendix> member <vmtarget> ; # com/sun/tools/javac/code/Symtab$$Lambda+0x0000017939c6cfc8
instanceKlass com/sun/tools/javac/processing/JavacProcessingEnvironment$ImplicitCompleter
instanceKlass com/sun/tools/javac/code/DeferredCompletionFailureHandler$DeferredCompleter
instanceKlass com/sun/tools/javac/util/Iterators$1
instanceKlass  @bci com/sun/tools/javac/code/Scope$FilterImportScope lambda$getSymbolsByName$3 (Lcom/sun/tools/javac/util/List;)Ljava/util/Iterator; 10 <appendix> member <vmtarget> ; # com/sun/tools/javac/code/Scope$FilterImportScope$$Lambda+0x0000017939c6c478
instanceKlass  @bci com/sun/tools/javac/code/Scope$FilterImportScope lambda$getSymbolsByName$3 (Lcom/sun/tools/javac/util/List;)Ljava/util/Iterator; 1 <appendix> argL0 ; # com/sun/tools/javac/code/Scope$FilterImportScope$$Lambda+0x0000017939c6c240
instanceKlass  @bci com/sun/tools/javac/code/Scope$FilterImportScope getSymbolsByName (Lcom/sun/tools/javac/util/Name;Ljava/util/function/Predicate;Lcom/sun/tools/javac/code/Scope$LookupKind;)Ljava/lang/Iterable; 62 <appendix> member <vmtarget> ; # com/sun/tools/javac/code/Scope$FilterImportScope$$Lambda+0x0000017939c6c000
instanceKlass  @bci com/sun/tools/javac/code/Scope$CompoundScope lambda$getSymbolsByName$3 (Lcom/sun/tools/javac/util/Name;Ljava/util/function/Predicate;Lcom/sun/tools/javac/code/Scope$LookupKind;)Ljava/util/Iterator; 7 <appendix> member <vmtarget> ; # com/sun/tools/javac/code/Scope$CompoundScope$$Lambda+0x0000017939c2fbe8
instanceKlass  @bci com/sun/tools/javac/code/Scope$CompoundScope getSymbolsByName (Lcom/sun/tools/javac/util/Name;Ljava/util/function/Predicate;Lcom/sun/tools/javac/code/Scope$LookupKind;)Ljava/lang/Iterable; 4 <appendix> member <vmtarget> ; # com/sun/tools/javac/code/Scope$CompoundScope$$Lambda+0x0000017939c2f9a8
# instanceKlass java/lang/invoke/LambdaForm$MH+0x0000017939c68400
# instanceKlass java/lang/invoke/LambdaForm$MH+0x0000017939c68000
# instanceKlass java/lang/invoke/LambdaForm$MH+0x0000017939c66c00
instanceKlass com/sun/tools/javac/comp/Annotate$Queues
instanceKlass com/sun/tools/javac/comp/Annotate$AnnotationContext
instanceKlass lombok/javac/handlers/JavacHandlerUtil$EnterReflect
instanceKlass lombok/javac/handlers/JavacHandlerUtil$ClassSymbolMembersField
instanceKlass lombok/javac/Javac$JavadocOps_8
# instanceKlass java/lang/invoke/LambdaForm$MH+0x0000017939c66800
# instanceKlass java/lang/invoke/LambdaForm$MH+0x0000017939c66400
# instanceKlass java/lang/invoke/LambdaForm$MH+0x0000017939c66000
# instanceKlass java/lang/invoke/LambdaForm$MH+0x0000017939c65c00
# instanceKlass java/lang/invoke/LambdaForm$MH+0x0000017939c65800
# instanceKlass java/lang/invoke/LambdaForm$MH+0x0000017939c65400
# instanceKlass java/lang/invoke/LambdaForm$MH+0x0000017939c65000
# instanceKlass java/lang/invoke/LambdaForm$MH+0x0000017939c64c00
# instanceKlass java/lang/invoke/LambdaForm$MH+0x0000017939c64800
# instanceKlass java/lang/invoke/LambdaForm$MH+0x0000017939c64400
# instanceKlass java/lang/invoke/LambdaForm$MH+0x0000017939c64000
# instanceKlass java/lang/invoke/LambdaForm$MH+0x0000017939c63c00
# instanceKlass java/lang/invoke/LambdaForm$MH+0x0000017939c63800
# instanceKlass java/lang/invoke/LambdaForm$MH+0x0000017939c63400
# instanceKlass java/lang/invoke/LambdaForm$MH+0x0000017939c63000
# instanceKlass java/lang/invoke/LambdaForm$MH+0x0000017939c62c00
# instanceKlass java/lang/invoke/LambdaForm$BMH+0x0000017939c62800
# instanceKlass java/lang/invoke/LambdaForm$MH+0x0000017939c62400
# instanceKlass java/lang/invoke/LambdaForm$DMH+0x0000017939c62000
# instanceKlass java/lang/invoke/LambdaForm$DMH+0x0000017939c61c00
# instanceKlass java/lang/invoke/LambdaForm$MH+0x0000017939c61800
# instanceKlass java/lang/invoke/LambdaForm$MH+0x0000017939c61400
# instanceKlass java/lang/invoke/LambdaForm$MH+0x0000017939c61000
# instanceKlass java/lang/invoke/LambdaForm$MH+0x0000017939c60c00
# instanceKlass java/lang/invoke/LambdaForm$MH+0x0000017939c60800
# instanceKlass java/lang/invoke/LambdaForm$MH+0x0000017939c60400
# instanceKlass java/lang/invoke/LambdaForm$MH+0x0000017939c60000
instanceKlass lombok/core/AnnotationValues$1
instanceKlass lombok/delombok/FormatPreferences
instanceKlass lombok/delombok/LombokOptionsFactory
instanceKlass  @bci java/util/regex/Pattern SingleI (II)Ljava/util/regex/Pattern$BmpCharPredicate; 2 <appendix> member <vmtarget> ; # java/util/regex/Pattern$$Lambda+0x00000179396ee898
instanceKlass lombok/experimental/FieldDefaults
instanceKlass lombok/core/handlers/HandlerUtil
instanceKlass lombok/core/AnnotationValues
instanceKlass lombok/core/AnnotationValues$AnnotationValue
instanceKlass lombok/RequiredArgsConstructor$AnyAnnotation
instanceKlass lombok/core/FieldAugment
instanceKlass lombok/javac/JavacAugments
instanceKlass lombok/core/TypeResolver
instanceKlass lombok/core/AST$FieldAccess
instanceKlass lombok/core/LombokImmutableList$1
instanceKlass lombok/javac/JavacImportList
instanceKlass lombok/javac/PackageName
instanceKlass lombok/core/configuration/FileSystemSourceCache$Content
instanceKlass lombok/core/configuration/ConfigurationFile
instanceKlass lombok/core/configuration/BubblingConfigurationResolver
instanceKlass lombok/core/LombokConfiguration$3
instanceKlass lombok/core/configuration/FileSystemSourceCache$1
instanceKlass lombok/core/configuration/ConfigurationProblemReporter$1
instanceKlass lombok/core/configuration/ConfigurationProblemReporter
instanceKlass lombok/core/configuration/ConfigurationParser
instanceKlass lombok/core/configuration/ConfigurationFileToSource
instanceKlass lombok/core/configuration/FileSystemSourceCache
instanceKlass lombok/core/LombokConfiguration$1
instanceKlass lombok/core/configuration/ConfigurationResolverFactory
instanceKlass lombok/core/configuration/ConfigurationResolver
instanceKlass lombok/core/LombokConfiguration
instanceKlass sun/nio/fs/WindowsUriSupport
instanceKlass lombok/core/ImportList
instanceKlass lombok/javac/JavacAST$ErrorLog
instanceKlass com/sun/tools/javac/model/JavacElements$1
instanceKlass org/gradle/api/internal/tasks/compile/processing/TimeTrackingProcessor$5
instanceKlass javax/annotation/processing/SupportedOptions
instanceKlass org/gradle/api/internal/tasks/compile/processing/TimeTrackingProcessor$1
instanceKlass com/sun/tools/javac/util/MatchingUtils
instanceKlass javax/annotation/processing/SupportedAnnotationTypes
instanceKlass org/gradle/api/internal/tasks/compile/processing/TimeTrackingProcessor$2
instanceKlass org/gradle/api/internal/tasks/compile/processing/TimeTrackingProcessor$3
instanceKlass lombok/javac/HandlerLibrary$VisitorContainer
instanceKlass lombok/experimental/WithBy
instanceKlass lombok/With
instanceKlass lombok/Value
instanceKlass lombok/javac/JavacASTAdapter
instanceKlass lombok/experimental/UtilityClass
instanceKlass lombok/ToString
instanceKlass lombok/Synchronized
instanceKlass lombok/experimental/SuperBuilder
instanceKlass lombok/javac/handlers/JavacSingularsRecipes$StatementMaker
instanceKlass lombok/javac/handlers/JavacSingularsRecipes$ExpressionMaker
instanceKlass lombok/javac/handlers/HandleBuilder$BuilderJob
instanceKlass lombok/experimental/StandardException
instanceKlass lombok/SneakyThrows
instanceKlass lombok/Singular
instanceKlass lombok/Setter
instanceKlass lombok/core/PrintAST
instanceKlass lombok/NonNull
instanceKlass lombok/extern/slf4j/XSlf4j
instanceKlass lombok/extern/slf4j/Slf4j
instanceKlass lombok/extern/log4j/Log4j
instanceKlass lombok/extern/log4j/Log4j2
instanceKlass lombok/extern/java/Log
instanceKlass lombok/extern/jbosslog/JBossLog
instanceKlass lombok/extern/flogger/Flogger
instanceKlass lombok/CustomLog
instanceKlass lombok/extern/apachecommons/CommonsLog
instanceKlass lombok/Locked$Write
instanceKlass lombok/Locked$Read
instanceKlass lombok/Locked
instanceKlass lombok/extern/jackson/Jacksonized
instanceKlass lombok/experimental/Helper
instanceKlass lombok/Getter
instanceKlass lombok/experimental/FieldNameConstants
instanceKlass lombok/core/LombokImmutableList
instanceKlass lombok/core/JavaIdentifiers
instanceKlass lombok/experimental/ExtensionMethod
instanceKlass lombok/EqualsAndHashCode
instanceKlass lombok/experimental/Delegate
instanceKlass lombok/Data
instanceKlass lombok/RequiredArgsConstructor
instanceKlass lombok/NoArgsConstructor
instanceKlass lombok/AllArgsConstructor
instanceKlass lombok/Cleanup
instanceKlass lombok/Builder$Default
instanceKlass lombok/Builder
instanceKlass lombok/javac/handlers/HandleConstructor
instanceKlass lombok/core/LombokInternalAliasing
instanceKlass lombok/core/AlreadyHandledAnnotations
instanceKlass lombok/javac/ResolutionResetNeeded
instanceKlass lombok/core/HandlerPriority
instanceKlass lombok/javac/HandlerLibrary$AnnotationHandlerContainer
instanceKlass lombok/experimental/Accessors
instanceKlass lombok/javac/JavacAnnotationHandler
instanceKlass lombok/core/SpiLoadUtil$1$1
instanceKlass lombok/core/SpiLoadUtil$1
instanceKlass java/util/Vector$1
instanceKlass lombok/core/SpiLoadUtil
instanceKlass lombok/core/configuration/ConfigurationKeysLoader
instanceKlass lombok/core/configuration/CheckerFrameworkVersion
instanceKlass lombok/core/configuration/TypeName
instanceKlass lombok/core/configuration/LogDeclaration
instanceKlass lombok/core/configuration/IdentifierName
instanceKlass lombok/core/configuration/ConfigurationDataType$6
instanceKlass lombok/core/configuration/ConfigurationDataType$7
instanceKlass lombok/core/configuration/NullAnnotationLibrary
instanceKlass lombok/core/configuration/ConfigurationValueType
instanceKlass lombok/core/configuration/ConfigurationDataType$5
instanceKlass lombok/core/configuration/ConfigurationDataType$4
instanceKlass lombok/core/configuration/ConfigurationDataType$3
instanceKlass lombok/core/configuration/ConfigurationDataType$2
instanceKlass lombok/core/configuration/ConfigurationDataType$1
instanceKlass lombok/core/configuration/ConfigurationValueParser
instanceKlass lombok/core/configuration/ConfigurationDataType
instanceKlass lombok/core/configuration/ConfigurationKey
instanceKlass lombok/ConfigurationKeys
instanceKlass lombok/core/configuration/ConfigurationKeysLoader$LoaderLoader
instanceKlass lombok/core/TypeLibrary
instanceKlass lombok/javac/HandlerLibrary
instanceKlass lombok/javac/JavacASTVisitor
instanceKlass lombok/javac/JavacTransformer
instanceKlass java/text/BreakIterator
instanceKlass com/sun/tools/javac/api/JavacScope
instanceKlass com/sun/source/util/DocTreePath
instanceKlass lombok/core/AST
instanceKlass lombok/core/LombokNode
instanceKlass lombok/javac/handlers/JavacHandlerUtil
instanceKlass lombok/javac/JavacTreeMaker$FieldId
instanceKlass lombok/javac/JavacTreeMaker$MethodId
instanceKlass lombok/javac/JavacTreeMaker
instanceKlass javax/lang/model/type/TypeVisitor
instanceKlass lombok/javac/JavacTreeMaker$SchroedingerType
instanceKlass lombok/javac/Javac
instanceKlass lombok/javac/apt/Java9Compiler
instanceKlass lombok/javac/apt/LombokFileObjects$Compiler
instanceKlass lombok/javac/apt/LombokFileObject
instanceKlass lombok/javac/apt/LombokFileObjects
instanceKlass lombok/javac/apt/MessagerDiagnosticsReceiver
# instanceKlass java/lang/invoke/LambdaForm$MH+0x0000017939c36800
# instanceKlass java/lang/invoke/LambdaForm$MH+0x0000017939c36400
# instanceKlass java/lang/invoke/LambdaForm$MH+0x0000017939c36000
instanceKlass lombok/permit/dummy/Parent
instanceKlass jdk/internal/classfile/ClassElement
instanceKlass jdk/internal/classfile/ClassfileElement
instanceKlass jdk/internal/classfile/ClassBuilder
instanceKlass jdk/internal/classfile/ClassfileBuilder
instanceKlass lombok/core/CleanupRegistry
instanceKlass lombok/core/DiagnosticsReceiver
instanceKlass lombok/permit/Permit$Fake
instanceKlass lombok/permit/Permit
instanceKlass lombok/launch/AnnotationProcessorHider$AstModificationNotifierData
instanceKlass sun/misc/Unsafe
instanceKlass org/gradle/api/internal/tasks/compile/processing/IncrementalProcessingEnvironment
instanceKlass org/gradle/api/internal/tasks/compile/processing/IncrementalFiler
instanceKlass org/gradle/api/internal/tasks/compile/processing/TimeTrackingProcessor$4
instanceKlass com/sun/tools/javac/processing/JavacProcessingEnvironment$ProcessorState
instanceKlass com/sun/tools/javac/processing/JavacRoundEnvironment
instanceKlass javax/lang/model/util/AbstractElementVisitor6
instanceKlass javax/lang/model/element/ElementVisitor
instanceKlass  @bci com/sun/tools/javac/processing/JavacProcessingEnvironment$Round <init> (Lcom/sun/tools/javac/processing/JavacProcessingEnvironment;ILjava/util/Set;Lcom/sun/tools/javac/util/Log$DeferredDiagnosticHandler;)V 19 <appendix> argL0 ; # com/sun/tools/javac/processing/JavacProcessingEnvironment$Round$$Lambda+0x0000017939c2c7d0
instanceKlass  @bci com/sun/tools/javac/processing/JavacProcessingEnvironment$Round <init> (Lcom/sun/tools/javac/processing/JavacProcessingEnvironment;ILjava/util/Set;Lcom/sun/tools/javac/util/Log$DeferredDiagnosticHandler;)V 10 <appendix> argL0 ; # com/sun/tools/javac/processing/JavacProcessingEnvironment$Round$$Lambda+0x0000017939c2c588
instanceKlass com/sun/tools/javac/processing/JavacProcessingEnvironment$Round
instanceKlass  @bci com/sun/tools/javac/code/TypeAnnotations annotationTargetType (Lcom/sun/tools/javac/tree/JCTree;Lcom/sun/tools/javac/code/Attribute$Compound;Lcom/sun/tools/javac/code/Symbol;)Lcom/sun/tools/javac/code/TypeAnnotations$AnnotationType; 64 <appendix> member <vmtarget> ; # com/sun/tools/javac/code/TypeAnnotations$$Lambda+0x0000017939c2c0f8
instanceKlass  @bci com/sun/tools/javac/code/TypeAnnotations annotationTargetType (Lcom/sun/tools/javac/tree/JCTree;Lcom/sun/tools/javac/code/Attribute$Compound;Lcom/sun/tools/javac/code/Symbol;)Lcom/sun/tools/javac/code/TypeAnnotations$AnnotationType; 50 <appendix> member <vmtarget> ; # com/sun/tools/javac/code/TypeAnnotations$$Lambda+0x0000017939c2bcc8
instanceKlass  @bci com/sun/tools/javac/code/TypeAnnotations annotationTargets (Lcom/sun/tools/javac/code/Symbol$TypeSymbol;)Lcom/sun/tools/javac/util/List; 56 <appendix> argL0 ; # com/sun/tools/javac/code/TypeAnnotations$$Lambda+0x0000017939c2b840
instanceKlass com/sun/tools/javac/code/TypeAnnotationPosition
instanceKlass  @bci com/sun/tools/javac/code/Type constValue ()Ljava/lang/Object; 3 <appendix> argL0 ; # com/sun/tools/javac/code/Type$$Lambda+0x0000017939c2af50
instanceKlass com/sun/tools/javac/comp/Resolve$MethodResolutionContext$Candidate
instanceKlass com/sun/tools/javac/code/Types$ImplementationCache$Entry
instanceKlass  @bci com/sun/tools/javac/code/Types membersClosure (Lcom/sun/tools/javac/code/Type;Z)Lcom/sun/tools/javac/code/Scope$CompoundScope; 15 <appendix> member <vmtarget> ; # com/sun/tools/javac/code/Types$$Lambda+0x0000017939c2a4a0
instanceKlass com/sun/tools/javac/comp/Resolve$LookupFilter
instanceKlass com/sun/tools/javac/comp/Resolve$MethodResolutionContext
instanceKlass com/sun/tools/javac/code/Types$25
instanceKlass  @bci com/sun/tools/javac/jvm/ClassReader$ProxyType resolve ()Lcom/sun/tools/javac/code/Type; 8 <appendix> member <vmtarget> ; # com/sun/tools/javac/jvm/ClassReader$ProxyType$$Lambda+0x0000017939c28f50
instanceKlass  @bci com/sun/tools/javac/comp/Check checkUniqueImport (Lcom/sun/tools/javac/util/JCDiagnostic$DiagnosticPosition;Lcom/sun/tools/javac/code/Scope;Lcom/sun/tools/javac/code/Scope;Lcom/sun/tools/javac/code/Scope;Lcom/sun/tools/javac/code/Symbol;Z)Z 2 <appendix> member <vmtarget> ; # com/sun/tools/javac/comp/Check$$Lambda+0x0000017939c28d00
instanceKlass  @bci com/sun/tools/javac/comp/Check checkImportsUnique (Lcom/sun/tools/javac/tree/JCTree$JCCompilationUnit;)V 90 <appendix> argL0 ; # com/sun/tools/javac/comp/Check$$Lambda+0x0000017939c28ab8
instanceKlass  @bci com/sun/tools/javac/comp/TypeEnter complete (Lcom/sun/tools/javac/code/Symbol;)V 191 <appendix> argL0 ; # com/sun/tools/javac/comp/TypeEnter$$Lambda+0x0000017939c288a0
instanceKlass  @bci com/sun/tools/javac/code/TypeAnnotations validateTypeAnnotationsSignatures (Lcom/sun/tools/javac/comp/Env;Lcom/sun/tools/javac/tree/JCTree$JCClassDecl;)V 7 <appendix> member <vmtarget> ; # com/sun/tools/javac/code/TypeAnnotations$$Lambda+0x0000017939c28680
instanceKlass  @bci com/sun/tools/javac/code/TypeAnnotations organizeTypeAnnotationsSignatures (Lcom/sun/tools/javac/comp/Env;Lcom/sun/tools/javac/tree/JCTree$JCClassDecl;)V 7 <appendix> member <vmtarget> ; # com/sun/tools/javac/code/TypeAnnotations$$Lambda+0x0000017939c28460
instanceKlass  @bci com/sun/tools/javac/comp/Annotate queueScanTreeAndTypeAnnotate (Lcom/sun/tools/javac/tree/JCTree;Lcom/sun/tools/javac/comp/Env;Lcom/sun/tools/javac/code/Symbol;Lcom/sun/tools/javac/util/JCDiagnostic$DiagnosticPosition;)V 12 <appendix> member <vmtarget> ; # com/sun/tools/javac/comp/Annotate$$Lambda+0x0000017939c28240
instanceKlass  @bci com/sun/tools/javac/comp/TypeEnter defaultConstructor (Lcom/sun/tools/javac/tree/TreeMaker;Lcom/sun/tools/javac/comp/TypeEnter$DefaultConstructorHelper;)Lcom/sun/tools/javac/tree/JCTree; 144 <appendix> member <vmtarget> ; # com/sun/tools/javac/comp/TypeEnter$$Lambda+0x0000017939c28000
instanceKlass com/sun/tools/javac/comp/TypeEnter$BasicConstructorHelper
instanceKlass  @bci com/sun/tools/javac/comp/Annotate annotateLater (Lcom/sun/tools/javac/util/List;Lcom/sun/tools/javac/comp/Env;Lcom/sun/tools/javac/code/Symbol;Lcom/sun/tools/javac/util/JCDiagnostic$DiagnosticPosition;)V 32 <appendix> member <vmtarget> ; # com/sun/tools/javac/comp/Annotate$$Lambda+0x0000017939c24cc0
instanceKlass  @bci com/sun/tools/javac/comp/Annotate annotateLater (Lcom/sun/tools/javac/util/List;Lcom/sun/tools/javac/comp/Env;Lcom/sun/tools/javac/code/Symbol;Lcom/sun/tools/javac/util/JCDiagnostic$DiagnosticPosition;)V 19 <appendix> member <vmtarget> ; # com/sun/tools/javac/comp/Annotate$$Lambda+0x0000017939c24aa0
instanceKlass com/sun/tools/javac/code/SymbolMetadata
instanceKlass  @bci com/sun/tools/javac/code/Scope$NamedImportScope lambda$getSymbolsByName$1 ([Lcom/sun/tools/javac/code/Scope;Lcom/sun/tools/javac/util/Name;Ljava/util/function/Predicate;Lcom/sun/tools/javac/code/Scope$LookupKind;)Ljava/util/Iterator; 7 <appendix> member <vmtarget> ; # com/sun/tools/javac/code/Scope$NamedImportScope$$Lambda+0x0000017939c25890
instanceKlass  @bci com/sun/tools/javac/code/Scope$NamedImportScope getSymbolsByName (Lcom/sun/tools/javac/util/Name;Ljava/util/function/Predicate;Lcom/sun/tools/javac/code/Scope$LookupKind;)Ljava/lang/Iterable; 29 <appendix> member <vmtarget> ; # com/sun/tools/javac/code/Scope$NamedImportScope$$Lambda+0x0000017939c25650
instanceKlass  @bci com/sun/tools/javac/jvm/ClassReader parameter (IILcom/sun/tools/javac/code/Type;Lcom/sun/tools/javac/code/Symbol$MethodSymbol;Ljava/util/Set;)Lcom/sun/tools/javac/code/Symbol$VarSymbol; 155 <appendix> member <vmtarget> ; # com/sun/tools/javac/jvm/ClassReader$$Lambda+0x0000017939c25430
instanceKlass com/sun/tools/javac/jvm/ClassReader$28
instanceKlass com/sun/tools/javac/jvm/ClassReader$ParameterAnnotations
instanceKlass  @bci com/sun/tools/javac/jvm/ClassReader$11 read (Lcom/sun/tools/javac/code/Symbol;I)V 74 <appendix> member <vmtarget> ; # com/sun/tools/javac/jvm/ClassReader$11$$Lambda+0x0000017939c27270
instanceKlass com/sun/tools/javac/code/Scope$ScopeImpl$2
instanceKlass  @bci com/sun/tools/javac/code/Scope$ScopeImpl getSymbolsByName (Lcom/sun/tools/javac/util/Name;Ljava/util/function/Predicate;Lcom/sun/tools/javac/code/Scope$LookupKind;)Ljava/lang/Iterable; 4 <appendix> member <vmtarget> ; # com/sun/tools/javac/code/Scope$ScopeImpl$$Lambda+0x0000017939c26dd0
instanceKlass  @bci com/sun/tools/javac/jvm/ClassReader lookupMethod (Lcom/sun/tools/javac/code/Symbol$TypeSymbol;Lcom/sun/tools/javac/util/Name;Lcom/sun/tools/javac/util/List;)Lcom/sun/tools/javac/code/Symbol$MethodSymbol; 5 <appendix> argL0 ; # com/sun/tools/javac/jvm/ClassReader$$Lambda+0x0000017939c26b88
instanceKlass  @bci com/sun/tools/javac/jvm/ClassReader parameter (IILcom/sun/tools/javac/code/Type;Lcom/sun/tools/javac/code/Symbol$MethodSymbol;Ljava/util/Set;)Lcom/sun/tools/javac/code/Symbol$VarSymbol; 83 <appendix> member <vmtarget> ; # com/sun/tools/javac/jvm/ClassReader$$Lambda+0x0000017939c26000
instanceKlass com/sun/tools/javac/jvm/Code$1
instanceKlass  @bci com/sun/tools/javac/code/Scope$ScopeImpl remove (Lcom/sun/tools/javac/code/Symbol;)V 21 <appendix> member <vmtarget> ; # com/sun/tools/javac/code/Scope$ScopeImpl$$Lambda+0x0000017939c23b98
instanceKlass  @bci com/sun/tools/javac/jvm/ClassReader readInnerClasses (Lcom/sun/tools/javac/code/Symbol$ClassSymbol;)V 67 <appendix> member <vmtarget> ; # com/sun/tools/javac/jvm/ClassReader$$Lambda+0x0000017939c23978
instanceKlass  @bci com/sun/tools/javac/jvm/ClassReader readInnerClasses (Lcom/sun/tools/javac/code/Symbol$ClassSymbol;)V 41 <appendix> member <vmtarget> ; # com/sun/tools/javac/jvm/ClassReader$$Lambda+0x0000017939c23758
instanceKlass com/sun/tools/javac/jvm/ClassReader$CompleterDeproxy
instanceKlass  @bci com/sun/tools/javac/jvm/PoolReader getType (I)Lcom/sun/tools/javac/code/Type; 14 <appendix> member <vmtarget> ; # com/sun/tools/javac/jvm/PoolReader$$Lambda+0x0000017939c22370
instanceKlass  @cpi com/sun/tools/javac/jvm/PoolReader 361 form vmentry <vmtarget> ; # java/lang/invoke/LambdaForm$DMH+0x0000017939c24000
instanceKlass com/sun/tools/javac/util/Name$NameMapper
instanceKlass  @bci com/sun/tools/javac/code/ClassFinder classFileNotFound (Lcom/sun/tools/javac/code/Symbol$ClassSymbol;)Lcom/sun/tools/javac/code/Symbol$CompletionFailure; 4 <appendix> member <vmtarget> ; # com/sun/tools/javac/code/ClassFinder$$Lambda+0x0000017939c21f58
instanceKlass  @bci com/sun/tools/javac/code/ClassFinder loadClass (Lcom/sun/tools/javac/code/Symbol$ModuleSymbol;Lcom/sun/tools/javac/util/Name;)Lcom/sun/tools/javac/code/Symbol$ClassSymbol; 28 <appendix> member <vmtarget> ; # com/sun/tools/javac/code/ClassFinder$$Lambda+0x0000017939c21d38
instanceKlass com/sun/tools/javac/comp/MatchBindingsComputer$1
instanceKlass  @bci com/sun/tools/javac/comp/Check checkDeprecated (Lcom/sun/tools/javac/util/JCDiagnostic$DiagnosticPosition;Lcom/sun/tools/javac/code/Symbol;Lcom/sun/tools/javac/code/Symbol;)V 2 <appendix> member <vmtarget> ; # com/sun/tools/javac/comp/Check$$Lambda+0x0000017939c21918
instanceKlass com/sun/tools/javac/comp/Attr$13
instanceKlass  @bci com/sun/tools/javac/code/Symtab lookupPackage (Lcom/sun/tools/javac/code/Symbol$ModuleSymbol;Lcom/sun/tools/javac/util/Name;Z)Lcom/sun/tools/javac/code/Symbol$PackageSymbol; 112 <appendix> member <vmtarget> ; # com/sun/tools/javac/code/Symtab$$Lambda+0x0000017939c21098
instanceKlass  @bci com/sun/tools/javac/code/Symtab lookupPackage (Lcom/sun/tools/javac/code/Symbol$ModuleSymbol;Lcom/sun/tools/javac/util/Name;Z)Lcom/sun/tools/javac/code/Symbol$PackageSymbol; 101 <appendix> argL0 ; # com/sun/tools/javac/code/Symtab$$Lambda+0x0000017939c20e60
instanceKlass com/sun/tools/javac/code/Scope$FilterImportScope$SymbolImporter
instanceKlass com/sun/tools/javac/api/ClientCodeWrapper$WrappedFileObject
instanceKlass com/sun/tools/javac/code/ClassFinder$2
instanceKlass  @bci com/sun/tools/javac/comp/TypeEnter$ImportsPhase resolveImports (Lcom/sun/tools/javac/tree/JCTree$JCCompilationUnit;Lcom/sun/tools/javac/comp/Env;)V 89 <appendix> member <vmtarget> ; # com/sun/tools/javac/comp/TypeEnter$ImportsPhase$$Lambda+0x0000017939c179f8
instanceKlass  @bci com/sun/tools/javac/comp/TypeEnter$ImportsPhase resolveImports (Lcom/sun/tools/javac/tree/JCTree$JCCompilationUnit;Lcom/sun/tools/javac/comp/Env;)V 77 <appendix> member <vmtarget> ; # com/sun/tools/javac/comp/TypeEnter$ImportsPhase$$Lambda+0x0000017939c177d8
instanceKlass com/sun/tools/javac/code/Scope$ImportFilter
instanceKlass com/sun/tools/javac/comp/Check$6
instanceKlass com/sun/tools/javac/comp/AttrContext
instanceKlass  @bci com/sun/tools/javac/comp/Enter visitTopLevel (Lcom/sun/tools/javac/tree/JCTree$JCCompilationUnit;)V 287 <appendix> member <vmtarget> ; # com/sun/tools/javac/comp/Enter$$Lambda+0x0000017939c16260
instanceKlass  @bci com/sun/tools/javac/comp/Enter visitTopLevel (Lcom/sun/tools/javac/tree/JCTree$JCCompilationUnit;)V 273 <appendix> member <vmtarget> ; # com/sun/tools/javac/comp/Enter$$Lambda+0x0000017939c16010
instanceKlass com/sun/tools/javac/code/Scope$ScopeImpl$1
instanceKlass  @bci com/sun/tools/javac/code/Scope$ScopeImpl getSymbols (Ljava/util/function/Predicate;Lcom/sun/tools/javac/code/Scope$LookupKind;)Ljava/lang/Iterable; 3 <appendix> member <vmtarget> ; # com/sun/tools/javac/code/Scope$ScopeImpl$$Lambda+0x0000017939c15b68
instanceKlass com/sun/tools/javac/code/ClassFinder$1
instanceKlass  @bci com/sun/tools/javac/code/ClassFinder list (Ljavax/tools/JavaFileManager$Location;Lcom/sun/tools/javac/code/Symbol$PackageSymbol;Ljava/lang/String;Ljava/util/Set;)Ljava/lang/Iterable; 26 <appendix> member <vmtarget> ; # com/sun/tools/javac/code/ClassFinder$$Lambda+0x0000017939c15298
instanceKlass  @bci java/util/stream/ReferencePipeline toArray ()[Ljava/lang/Object; 1 <appendix> argL0 ; # java/util/stream/ReferencePipeline$$Lambda+0x00000179396ebeb0
instanceKlass java/util/ImmutableCollections$Access$1
instanceKlass jdk/internal/access/JavaUtilCollectionAccess
instanceKlass java/util/ImmutableCollections$Access
instanceKlass  @bci com/sun/tools/javac/file/JavacFileManager pathsAndContainers (Ljavax/tools/JavaFileManager$Location;Lcom/sun/tools/javac/file/RelativePath$RelativeDirectory;)Ljava/util/List; 22 <appendix> member <vmtarget> ; # com/sun/tools/javac/file/JavacFileManager$$Lambda+0x0000017939c15058
instanceKlass  @bci com/sun/tools/javac/file/JavacFileManager indexPathsAndContainersByRelativeDirectory (Ljavax/tools/JavaFileManager$Location;)Ljava/util/Map; 213 <appendix> argL0 ; # com/sun/tools/javac/file/JavacFileManager$$Lambda+0x0000017939c14e30
instanceKlass  @bci com/sun/tools/javac/file/JavacFileManager indexPathsAndContainersByRelativeDirectory (Ljavax/tools/JavaFileManager$Location;)Ljava/util/Map; 167 <appendix> member <vmtarget> ; # com/sun/tools/javac/file/JavacFileManager$$Lambda+0x0000017939c14bf0
instanceKlass  @bci jdk/nio/zipfs/ZipFileSystem createVersionedLinks (I)V 48 <appendix> member <vmtarget> ; # jdk/nio/zipfs/ZipFileSystem$$Lambda+0x0000017939c1a320
instanceKlass  @bci jdk/nio/zipfs/ZipFileSystem lambda$createVersionedLinks$12 (Ljava/util/HashMap;Ljdk/nio/zipfs/ZipFileSystem$IndexNode;)V 8 <appendix> member <vmtarget> ; # jdk/nio/zipfs/ZipFileSystem$$Lambda+0x0000017939c1a0f0
instanceKlass  @bci jdk/nio/zipfs/ZipFileSystem createVersionedLinks (I)V 36 <appendix> member <vmtarget> ; # jdk/nio/zipfs/ZipFileSystem$$Lambda+0x0000017939c19ec0
instanceKlass org/gradle/process/internal/health/memory/JvmMemoryStatusSnapshot
instanceKlass  @bci org/gradle/workers/internal/WorkerDaemonClientsManager selectIdleClientsToStop (Lorg/gradle/api/Transformer;)V 11 <appendix> argL0 ; # org/gradle/workers/internal/WorkerDaemonClientsManager$$Lambda+0x0000017939c1c000
instanceKlass org/gradle/workers/internal/WorkerDaemonExpiration$SimpleMemoryExpirationSelector
instanceKlass org/gradle/process/internal/health/memory/OsMemoryStatusAspect$Unavailable
instanceKlass jdk/nio/zipfs/ZipDirectoryStream$1
instanceKlass jdk/nio/zipfs/ZipDirectoryStream
instanceKlass java/nio/file/SimpleFileVisitor
instanceKlass jdk/nio/zipfs/ZipUtils
instanceKlass jdk/nio/zipfs/ZipFileSystem$END
instanceKlass jdk/nio/zipfs/ZipConstants
instanceKlass java/nio/file/attribute/PosixFileAttributeView
instanceKlass jdk/nio/zipfs/ZipFileAttributeView
instanceKlass jdk/nio/zipfs/ZipPath
instanceKlass jdk/nio/zipfs/ZipCoder
instanceKlass sun/nio/fs/WindowsSecurity
instanceKlass sun/nio/fs/AbstractAclFileAttributeView
instanceKlass java/nio/file/attribute/AclFileAttributeView
instanceKlass java/nio/file/attribute/FileOwnerAttributeView
instanceKlass  @bci jdk/nio/zipfs/ZipFileSystem <init> (Ljdk/nio/zipfs/ZipFileSystemProvider;Ljava/nio/file/Path;Ljava/util/Map;)V 431 <appendix> member <vmtarget> ; # jdk/nio/zipfs/ZipFileSystem$$Lambda+0x0000017939c18000
instanceKlass  @bci jdk/nio/zipfs/ZipFileSystem <clinit> ()V 0 <appendix> argL0 ; # jdk/nio/zipfs/ZipFileSystem$$Lambda+0x0000017939bb3cf8
instanceKlass java/nio/file/attribute/PosixFileAttributes
instanceKlass jdk/nio/zipfs/ZipFileAttributes
instanceKlass jdk/nio/zipfs/ZipFileSystem$IndexNode
instanceKlass com/sun/tools/javac/file/JavacFileManager$ArchiveContainer
instanceKlass com/sun/tools/javac/file/JavacFileManager$PathAndContainer
instanceKlass  @bci com/sun/tools/javac/file/JavacFileManager pathsAndContainers (Ljavax/tools/JavaFileManager$Location;Lcom/sun/tools/javac/file/RelativePath$RelativeDirectory;)Ljava/util/List; 6 <appendix> member <vmtarget> ; # com/sun/tools/javac/file/JavacFileManager$$Lambda+0x0000017939c142e0
instanceKlass  @bci com/sun/tools/javac/code/ClassFinder fillIn (Lcom/sun/tools/javac/code/Symbol$PackageSymbol;)V 27 <appendix> member <vmtarget> ; # com/sun/tools/javac/code/ClassFinder$$Lambda+0x0000017939c140c0
instanceKlass  @bci com/sun/tools/javac/comp/Modules completeModule (Lcom/sun/tools/javac/code/Symbol$ModuleSymbol;)V 327 <appendix> member <vmtarget> ; # com/sun/tools/javac/comp/Modules$$Lambda+0x0000017939c13ea0
instanceKlass  @bci com/sun/tools/javac/comp/Modules initVisiblePackages (Lcom/sun/tools/javac/code/Symbol$ModuleSymbol;Ljava/util/Collection;)V 103 <appendix> member <vmtarget> ; # com/sun/tools/javac/comp/Modules$$Lambda+0x0000017939c13c70
instanceKlass  @bci com/sun/tools/javac/comp/Modules setupAllModules ()V 965 <appendix> argL0 ; # com/sun/tools/javac/comp/Modules$$Lambda+0x0000017939c13a38
instanceKlass  @bci com/sun/tools/javac/comp/Modules setupAllModules ()V 955 <appendix> argL0 ; # com/sun/tools/javac/comp/Modules$$Lambda+0x0000017939c137f0
instanceKlass javax/lang/model/element/ModuleElement$OpensDirective
instanceKlass com/sun/tools/javac/jvm/ClassReader$AnnotationDeproxy
instanceKlass com/sun/tools/javac/jvm/ClassReader$ProxyVisitor
instanceKlass  @bci com/sun/tools/javac/comp/Modules lambda$setupAllModules$8 (Lcom/sun/tools/javac/code/Symbol$ModuleSymbol;)Z 11 <appendix> argL0 ; # com/sun/tools/javac/comp/Modules$$Lambda+0x0000017939c12710
instanceKlass  @bci com/sun/tools/javac/comp/Modules setupAllModules ()V 403 <appendix> argL0 ; # com/sun/tools/javac/comp/Modules$$Lambda+0x0000017939c124c8
instanceKlass  @bci com/sun/tools/javac/comp/Modules setupAllModules ()V 332 <appendix> argL0 ; # com/sun/tools/javac/comp/Modules$$Lambda+0x0000017939c12280
instanceKlass  @bci com/sun/tools/javac/comp/Modules setupAllModules ()V 288 <appendix> argL0 ; # com/sun/tools/javac/comp/Modules$$Lambda+0x0000017939c12038
instanceKlass  @bci com/sun/tools/javac/comp/Modules setupAllModules ()V 282 <appendix> member <vmtarget> ; # com/sun/tools/javac/comp/Modules$$Lambda+0x0000017939c11de8
instanceKlass  @bci com/sun/tools/javac/comp/Modules completeModule (Lcom/sun/tools/javac/code/Symbol$ModuleSymbol;)V 10 <appendix> member <vmtarget> ; # com/sun/tools/javac/comp/Modules$$Lambda+0x0000017939c11bb8
instanceKlass com/sun/tools/javac/jvm/ClassReader$UsesProvidesCompleter
instanceKlass  @bci com/sun/tools/javac/jvm/ClassReader readClass (Lcom/sun/tools/javac/code/Symbol$ClassSymbol;)V 419 <appendix> member <vmtarget> ; # com/sun/tools/javac/jvm/ClassReader$$Lambda+0x0000017939c11768
instanceKlass  @bci com/sun/tools/javac/util/List collector ()Ljava/util/stream/Collector; 15 <appendix> argL0 ; # com/sun/tools/javac/util/List$$Lambda+0x0000017939c11530
instanceKlass  @bci com/sun/tools/javac/util/List collector ()Ljava/util/stream/Collector; 10 <appendix> argL0 ; # com/sun/tools/javac/util/List$$Lambda+0x0000017939c112f0
instanceKlass  @bci com/sun/tools/javac/util/List collector ()Ljava/util/stream/Collector; 5 <appendix> argL0 ; # com/sun/tools/javac/util/List$$Lambda+0x0000017939c110c8
instanceKlass  @bci com/sun/tools/javac/util/List collector ()Ljava/util/stream/Collector; 0 <appendix> argL0 ; # com/sun/tools/javac/util/List$$Lambda+0x0000017939c10eb0
instanceKlass  @bci com/sun/tools/javac/code/Symbol$ClassSymbol getPermittedSubclasses ()Lcom/sun/tools/javac/util/List; 9 <appendix> argL0 ; # com/sun/tools/javac/code/Symbol$ClassSymbol$$Lambda+0x0000017939c10c78
instanceKlass com/sun/tools/javac/jvm/ClassReader$InterimProvidesDirective
instanceKlass  @bci com/sun/tools/javac/jvm/ClassReader$24 read (Lcom/sun/tools/javac/code/Symbol;I)V 1005 <appendix> member <vmtarget> ; # com/sun/tools/javac/jvm/ClassReader$24$$Lambda+0x0000017939c10648
instanceKlass  @bci com/sun/tools/javac/jvm/ClassReader$24 read (Lcom/sun/tools/javac/code/Symbol;I)V 947 <appendix> member <vmtarget> ; # com/sun/tools/javac/jvm/ClassReader$24$$Lambda+0x0000017939c10428
instanceKlass com/sun/tools/javac/jvm/ClassReader$InterimUsesDirective
instanceKlass  @bci com/sun/tools/javac/jvm/ClassReader$24 read (Lcom/sun/tools/javac/code/Symbol;I)V 858 <appendix> member <vmtarget> ; # com/sun/tools/javac/jvm/ClassReader$24$$Lambda+0x0000017939c10000
instanceKlass javax/lang/model/element/ModuleElement$ExportsDirective
instanceKlass  @bci com/sun/tools/javac/jvm/ClassReader$24 read (Lcom/sun/tools/javac/code/Symbol;I)V 170 <appendix> member <vmtarget> ; # com/sun/tools/javac/jvm/ClassReader$24$$Lambda+0x0000017939c0f5c8
instanceKlass  @bci com/sun/tools/javac/jvm/ClassReader$24 read (Lcom/sun/tools/javac/code/Symbol;I)V 58 <appendix> member <vmtarget> ; # com/sun/tools/javac/jvm/ClassReader$24$$Lambda+0x0000017939c0f3a8
instanceKlass com/sun/tools/javac/jvm/PoolReader$Utf8Mapper
instanceKlass com/sun/tools/javac/jvm/ClassReader$SourceFileObject
instanceKlass com/sun/tools/javac/jvm/PoolReader$ImmutablePoolHelper
instanceKlass com/sun/tools/javac/jvm/PoolReader
instanceKlass com/sun/tools/javac/comp/Modules$3
instanceKlass com/sun/tools/javac/code/ModuleFinder$1
instanceKlass jdk/internal/jrtfs/JrtFileAttributes
instanceKlass jdk/internal/jrtfs/JrtDirectoryStream$1
instanceKlass  @bci jdk/internal/jrtfs/JrtFileSystem iteratorOf (Ljdk/internal/jrtfs/JrtPath;Ljava/nio/file/DirectoryStream$Filter;)Ljava/util/Iterator; 82 <appendix> member <vmtarget> ; # jdk/internal/jrtfs/JrtFileSystem$$Lambda+0x00000179396e8890
instanceKlass  @bci jdk/internal/jrtfs/JrtFileSystem iteratorOf (Ljdk/internal/jrtfs/JrtPath;Ljava/nio/file/DirectoryStream$Filter;)Ljava/util/Iterator; 71 <appendix> member <vmtarget> ; # jdk/internal/jrtfs/JrtFileSystem$$Lambda+0x00000179396e8650
instanceKlass  @bci jdk/internal/jimage/ImageReader$SharedImageReader handleModulesSubTree (Ljava/lang/String;Ljdk/internal/jimage/ImageLocation;)Ljdk/internal/jimage/ImageReader$Node; 37 <appendix> member <vmtarget> ; # jdk/internal/jimage/ImageReader$SharedImageReader$$Lambda+0x00000179396e80b0
instanceKlass jdk/internal/jimage/ImageReader$SharedImageReader$LocationVisitor
instanceKlass jdk/internal/jrtfs/JrtDirectoryStream
instanceKlass  @bci com/sun/tools/javac/file/Locations$SystemModulesLocationHandler initSystemModules ()V 254 <appendix> argL0 ; # com/sun/tools/javac/file/Locations$SystemModulesLocationHandler$$Lambda+0x0000017939c0de68
instanceKlass jdk/internal/jimage/ImageReader$Node
instanceKlass jdk/internal/jrtfs/SystemImage$2
instanceKlass  @bci jdk/internal/jrtfs/SystemImage <clinit> ()V 0 <appendix> argL0 ; # jdk/internal/jrtfs/SystemImage$$Lambda+0x00000179396e70e0
instanceKlass jdk/internal/jrtfs/SystemImage
instanceKlass jdk/internal/jrtfs/JrtPath
instanceKlass com/sun/tools/javac/file/JavacFileManager$DirectoryContainer
instanceKlass  @bci com/sun/tools/javac/comp/Modules initModules (Lcom/sun/tools/javac/util/List;)V 30 <appendix> member <vmtarget> ; # com/sun/tools/javac/comp/Modules$$Lambda+0x0000017939c0d798
instanceKlass com/sun/tools/javac/util/Position$LineMapImpl
instanceKlass com/sun/tools/javac/util/Position$LineMap
instanceKlass com/sun/tools/javac/util/Position
instanceKlass  @bci com/sun/tools/javac/tree/TreeMaker TopLevel (Lcom/sun/tools/javac/util/List;)Lcom/sun/tools/javac/tree/JCTree$JCCompilationUnit; 110 <appendix> member <vmtarget> ; # com/sun/tools/javac/tree/TreeMaker$$Lambda+0x0000017939c0cc10
instanceKlass  @bci com/sun/tools/javac/parser/JavacParser arguments ()Lcom/sun/tools/javac/util/List; 80 <appendix> argL0 ; # com/sun/tools/javac/parser/JavacParser$$Lambda+0x0000017939c0c9d8
instanceKlass com/sun/tools/javac/parser/JavadocTokenizer$OffsetMap
instanceKlass com/sun/tools/javac/tree/TreeInfo$2
instanceKlass com/sun/tools/javac/tree/TreeInfo
instanceKlass com/sun/tools/javac/parser/JavacParser$2
instanceKlass  @bci com/sun/tools/javac/parser/JavacParser accept (Lcom/sun/tools/javac/parser/Tokens$TokenKind;)V 2 <appendix> argL0 ; # com/sun/tools/javac/parser/JavacParser$$Lambda+0x0000017939c0a878
instanceKlass com/sun/tools/javac/resources/CompilerProperties$Errors
instanceKlass com/sun/tools/javac/util/IntHashTable
instanceKlass com/sun/tools/javac/parser/LazyDocCommentTable
instanceKlass  @bci com/sun/tools/javac/parser/JavacParser <init> (Lcom/sun/tools/javac/parser/ParserFactory;Lcom/sun/tools/javac/parser/Lexer;ZZZZ)V 59 <appendix> argL0 ; # com/sun/tools/javac/parser/JavacParser$$Lambda+0x0000017939c09f88
instanceKlass com/sun/tools/javac/parser/JavacParser$ErrorRecoveryAction
instanceKlass com/sun/tools/javac/parser/JavacParser$AbstractEndPosTable
instanceKlass com/sun/tools/javac/tree/EndPosTable
instanceKlass com/sun/tools/javac/parser/JavacParser
instanceKlass com/sun/tools/javac/parser/Scanner
instanceKlass com/sun/source/tree/LineMap
instanceKlass com/sun/tools/javac/file/BaseFileManager$ContentCacheEntry
instanceKlass com/sun/tools/javac/util/ArrayUtils
instanceKlass com/sun/tools/javac/util/DiagnosticSource
instanceKlass com/sun/tools/javac/main/JavaCompiler$InitialFileParser
instanceKlass com/sun/tools/javac/main/JavaCompiler$InitialFileParserIntf
instanceKlass com/sun/tools/javac/processing/JavacProcessingEnvironment$DiscoveredProcessors$ProcessorStateIterator
instanceKlass com/sun/tools/javac/processing/JavacProcessingEnvironment$DiscoveredProcessors
instanceKlass com/sun/tools/javac/util/Iterators$CompoundIterator
instanceKlass  @bci com/sun/tools/javac/processing/JavacProcessingEnvironment initProcessorIterator (Ljava/lang/Iterable;)V 256 <appendix> argL0 ; # com/sun/tools/javac/processing/JavacProcessingEnvironment$$Lambda+0x0000017939c03ba8
instanceKlass com/sun/source/util/TaskEvent
instanceKlass com/sun/tools/javac/file/JavacFileManager$3
instanceKlass  @bci com/sun/tools/javac/file/JavacFileManager asFiles (Ljava/lang/Iterable;)Ljava/lang/Iterable; 7 <appendix> member <vmtarget> ; # com/sun/tools/javac/file/JavacFileManager$$Lambda+0x0000017939c030d0
instanceKlass com/sun/tools/javac/model/JavacTypes
instanceKlass com/sun/tools/javac/processing/JavacMessager
instanceKlass com/sun/tools/javac/processing/JavacFiler
instanceKlass  @bci java/util/regex/Pattern ALL ()Ljava/util/regex/Pattern$CharPredicate; 0 <appendix> argL0 ; # java/util/regex/Pattern$$Lambda+0x00000179396e6600
instanceKlass javax/annotation/processing/RoundEnvironment
instanceKlass javax/annotation/processing/Filer
instanceKlass javax/annotation/processing/Messager
instanceKlass com/sun/tools/javac/processing/JavacProcessingEnvironment
instanceKlass  @bci javax/lang/model/SourceVersion getLatestSupported ()Ljavax/lang/model/SourceVersion; 19 <appendix> form vmentry <vmtarget> ; # java/lang/invoke/LambdaForm$MH+0x0000017939c05c00
instanceKlass  @bci javax/lang/model/SourceVersion getLatestSupported ()Ljavax/lang/model/SourceVersion; 19 <appendix> argL3 form vmentry <vmtarget> ; # java/lang/invoke/LambdaForm$MH+0x0000017939c05800
# instanceKlass java/lang/invoke/LambdaForm$MH+0x0000017939c05400
# instanceKlass java/lang/invoke/LambdaForm$MH+0x0000017939c05000
instanceKlass  @bci javax/lang/model/SourceVersion getLatestSupported ()Ljavax/lang/model/SourceVersion; 19 <appendix> argL1 form vmentry <vmtarget> ; # java/lang/invoke/LambdaForm$MH+0x0000017939c04c00
# instanceKlass java/lang/invoke/LambdaForm$MH+0x0000017939c04800
instanceKlass  @bci com/sun/tools/javac/main/Arguments validate ()Z 1363 <appendix> member <vmtarget> ; # com/sun/tools/javac/main/Arguments$$Lambda+0x0000017939c01980
instanceKlass  @bci com/sun/tools/javac/main/Arguments checkOptionAllowed (ZLcom/sun/tools/javac/main/Arguments$ErrorReporter;[Lcom/sun/tools/javac/main/Option;)V 33 <appendix> member <vmtarget> ; # com/sun/tools/javac/main/Arguments$$Lambda+0x0000017939c01750
instanceKlass  @bci com/sun/tools/javac/main/Arguments checkOptionAllowed (ZLcom/sun/tools/javac/main/Arguments$ErrorReporter;[Lcom/sun/tools/javac/main/Option;)V 17 <appendix> member <vmtarget> ; # com/sun/tools/javac/main/Arguments$$Lambda+0x0000017939c01500
instanceKlass  @bci com/sun/tools/javac/main/Arguments validate ()Z 1273 <appendix> member <vmtarget> ; # com/sun/tools/javac/main/Arguments$$Lambda+0x0000017939c012e0
instanceKlass com/sun/tools/javac/util/Pair
instanceKlass  @bci com/sun/tools/javac/code/DeferredCompletionFailureHandler$1 uninstall ()V 9 <appendix> argL0 ; # com/sun/tools/javac/code/DeferredCompletionFailureHandler$1$$Lambda+0x0000017939c00eb0
instanceKlass  @bci com/sun/tools/javac/api/JavacTaskImpl doCall ()Lcom/sun/tools/javac/main/Main$Result; 2 <appendix> member <vmtarget> ; # com/sun/tools/javac/api/JavacTaskImpl$$Lambda+0x0000017939c00c90
instanceKlass com/sun/tools/javac/api/ClientCodeWrapper$WrappedTaskListener
instanceKlass org/gradle/internal/compiler/java/listeners/constants/ConstantsCollector
instanceKlass com/sun/tools/javac/platform/PlatformDescription
instanceKlass com/sun/tools/javac/util/ForwardingDiagnosticFormatter$ForwardingConfiguration
instanceKlass com/sun/tools/javac/code/Types$DefaultSymbolVisitor
instanceKlass com/sun/tools/javac/util/ForwardingDiagnosticFormatter
instanceKlass  @bci com/sun/tools/javac/main/JavaCompiler <init> (Lcom/sun/tools/javac/util/Context;)V 400 <appendix> member <vmtarget> ; # com/sun/tools/javac/main/JavaCompiler$$Lambda+0x0000017939bfdc78
instanceKlass com/sun/tools/javac/code/ModuleFinder$ModuleNameFromSourceReader
instanceKlass  @bci com/sun/tools/javac/main/JavaCompiler <init> (Lcom/sun/tools/javac/util/Context;)V 387 <appendix> member <vmtarget> ; # com/sun/tools/javac/main/JavaCompiler$$Lambda+0x0000017939bfd860
instanceKlass com/sun/tools/javac/comp/Modules$PackageNameFinder
instanceKlass com/sun/tools/javac/api/MultiTaskListener
instanceKlass  @bci com/sun/tools/javac/code/ClassFinder <init> (Lcom/sun/tools/javac/util/Context;)V 330 <appendix> argL0 ; # com/sun/tools/javac/code/ClassFinder$$Lambda+0x0000017939bfd000
instanceKlass com/sun/tools/javac/main/DelegatingJavaFileManager
instanceKlass com/sun/tools/javac/jvm/ClassReader$AttributeReader
instanceKlass com/sun/tools/javac/comp/Analyzer$2
instanceKlass com/sun/tools/javac/comp/Analyzer$1
instanceKlass com/sun/tools/javac/comp/Analyzer$StatementAnalyzer
instanceKlass com/sun/tools/javac/comp/Analyzer$DeferredAnalysisHelper
instanceKlass com/sun/tools/javac/comp/Analyzer
instanceKlass  @bci com/sun/tools/javac/code/Symtab <init> (Lcom/sun/tools/javac/util/Context;)V 2295 <appendix> member <vmtarget> ; # com/sun/tools/javac/code/Symtab$$Lambda+0x0000017939bf4db8
instanceKlass com/sun/tools/javac/code/Symtab$2
instanceKlass com/sun/tools/javac/code/Symtab$1
instanceKlass  @bci com/sun/tools/javac/code/Symtab doEnterClass (Lcom/sun/tools/javac/code/Symbol$ModuleSymbol;Lcom/sun/tools/javac/code/Symbol$ClassSymbol;)V 8 <appendix> argL0 ; # com/sun/tools/javac/code/Symtab$$Lambda+0x0000017939bf40e0
instanceKlass  @bci com/sun/tools/javac/code/Symtab getClass (Lcom/sun/tools/javac/code/Symbol$ModuleSymbol;Lcom/sun/tools/javac/util/Name;)Lcom/sun/tools/javac/code/Symbol$ClassSymbol; 7 <appendix> member <vmtarget> ; # com/sun/tools/javac/code/Symtab$$Lambda+0x0000017939bf3ec0
instanceKlass  @bci com/sun/tools/javac/code/Symtab enterPackage (Lcom/sun/tools/javac/code/Symbol$ModuleSymbol;Lcom/sun/tools/javac/util/Name;)Lcom/sun/tools/javac/code/Symbol$PackageSymbol; 29 <appendix> member <vmtarget> ; # com/sun/tools/javac/code/Symtab$$Lambda+0x0000017939bf3ca0
instanceKlass com/sun/tools/javac/jvm/JNIWriter
instanceKlass com/sun/tools/javac/jvm/Code
instanceKlass com/sun/tools/javac/jvm/PoolWriter$WriteablePoolHelper
instanceKlass com/sun/tools/javac/code/Types$SignatureGenerator
instanceKlass com/sun/tools/javac/jvm/PoolWriter
instanceKlass com/sun/tools/javac/code/Preview$1
instanceKlass com/sun/tools/javac/comp/ConstFold
instanceKlass  @bci com/sun/tools/javac/comp/Operators initBinaryOperators ()V 1049 <appendix> argL0 ; # com/sun/tools/javac/comp/Operators$$Lambda+0x0000017939bf0700
instanceKlass  @bci com/sun/tools/javac/comp/Operators initBinaryOperators ()V 951 <appendix> argL0 ; # com/sun/tools/javac/comp/Operators$$Lambda+0x0000017939bf04b8
instanceKlass  @bci com/sun/tools/javac/comp/Operators initBinaryOperators ()V 855 <appendix> argL0 ; # com/sun/tools/javac/comp/Operators$$Lambda+0x0000017939bf0270
instanceKlass  @bci com/sun/tools/javac/comp/Operators$BinaryNumericOperator <init> (Lcom/sun/tools/javac/comp/Operators;Lcom/sun/tools/javac/tree/JCTree$Tag;)V 3 <appendix> argL0 ; # com/sun/tools/javac/comp/Operators$BinaryNumericOperator$$Lambda+0x0000017939befcc8
instanceKlass  @bci com/sun/tools/javac/comp/Operators$BinaryOperatorHelper addBinaryOperator (Lcom/sun/tools/javac/comp/Operators$OperatorType;Lcom/sun/tools/javac/comp/Operators$OperatorType;Lcom/sun/tools/javac/comp/Operators$OperatorType;[I)Lcom/sun/tools/javac/comp/Operators$BinaryOperatorHelper; 11 <appendix> member <vmtarget> ; # com/sun/tools/javac/comp/Operators$BinaryOperatorHelper$$Lambda+0x0000017939bef838
instanceKlass  @bci com/sun/tools/javac/comp/Operators initUnaryOperators ()V 180 <appendix> argL0 ; # com/sun/tools/javac/comp/Operators$$Lambda+0x0000017939beea40
instanceKlass  @bci com/sun/tools/javac/comp/Operators$UnaryOperatorHelper addUnaryOperator (Lcom/sun/tools/javac/comp/Operators$OperatorType;Lcom/sun/tools/javac/comp/Operators$OperatorType;[I)Lcom/sun/tools/javac/comp/Operators$UnaryOperatorHelper; 9 <appendix> member <vmtarget> ; # com/sun/tools/javac/comp/Operators$UnaryOperatorHelper$$Lambda+0x0000017939bee820
instanceKlass  @bci com/sun/tools/javac/comp/Operators$OperatorType <clinit> ()V 192 <appendix> argL0 ; # com/sun/tools/javac/comp/Operators$OperatorType$$Lambda+0x0000017939bee3f8
instanceKlass  @bci com/sun/tools/javac/comp/Operators$OperatorType <clinit> ()V 173 <appendix> argL0 ; # com/sun/tools/javac/comp/Operators$OperatorType$$Lambda+0x0000017939bee1c0
instanceKlass  @bci com/sun/tools/javac/comp/Operators$OperatorType <clinit> ()V 154 <appendix> argL0 ; # com/sun/tools/javac/comp/Operators$OperatorType$$Lambda+0x0000017939bedf88
instanceKlass  @bci com/sun/tools/javac/comp/Operators$OperatorType <clinit> ()V 135 <appendix> argL0 ; # com/sun/tools/javac/comp/Operators$OperatorType$$Lambda+0x0000017939bedd50
instanceKlass  @bci com/sun/tools/javac/comp/Operators$OperatorType <clinit> ()V 116 <appendix> argL0 ; # com/sun/tools/javac/comp/Operators$OperatorType$$Lambda+0x0000017939bedb18
instanceKlass  @bci com/sun/tools/javac/comp/Operators$OperatorType <clinit> ()V 97 <appendix> argL0 ; # com/sun/tools/javac/comp/Operators$OperatorType$$Lambda+0x0000017939bed8e0
instanceKlass  @bci com/sun/tools/javac/comp/Operators$OperatorType <clinit> ()V 79 <appendix> argL0 ; # com/sun/tools/javac/comp/Operators$OperatorType$$Lambda+0x0000017939bed6a8
instanceKlass  @bci com/sun/tools/javac/comp/Operators$OperatorType <clinit> ()V 61 <appendix> argL0 ; # com/sun/tools/javac/comp/Operators$OperatorType$$Lambda+0x0000017939bed470
instanceKlass  @bci com/sun/tools/javac/comp/Operators$OperatorType <clinit> ()V 43 <appendix> argL0 ; # com/sun/tools/javac/comp/Operators$OperatorType$$Lambda+0x0000017939bed238
instanceKlass  @bci com/sun/tools/javac/comp/Operators$OperatorType <clinit> ()V 25 <appendix> argL0 ; # com/sun/tools/javac/comp/Operators$OperatorType$$Lambda+0x0000017939bed000
instanceKlass  @bci com/sun/tools/javac/comp/Operators$OperatorType <clinit> ()V 7 <appendix> argL0 ; # com/sun/tools/javac/comp/Operators$OperatorType$$Lambda+0x0000017939becdc8
instanceKlass  @bci com/sun/tools/javac/comp/Operators$UnaryNumericOperator <init> (Lcom/sun/tools/javac/comp/Operators;Lcom/sun/tools/javac/tree/JCTree$Tag;)V 3 <appendix> argL0 ; # com/sun/tools/javac/comp/Operators$UnaryNumericOperator$$Lambda+0x0000017939bec940
instanceKlass  @bci com/sun/tools/javac/code/Symbol$MethodSymbol <clinit> ()V 0 <appendix> argL0 ; # com/sun/tools/javac/code/Symbol$MethodSymbol$$Lambda+0x0000017939bec0a8
instanceKlass com/sun/tools/javac/comp/Operators$OperatorHelper
instanceKlass com/sun/tools/javac/comp/Operators
instanceKlass com/sun/tools/javac/comp/Lower$EnumMapping
instanceKlass com/sun/tools/javac/jvm/PoolConstant$Dynamic
instanceKlass com/sun/tools/javac/jvm/StringConcat
instanceKlass com/sun/tools/javac/jvm/Gen$GenFinalizer
instanceKlass com/sun/tools/javac/jvm/Items$Item
instanceKlass com/sun/tools/javac/jvm/ClassWriter$AttributeWriter
instanceKlass com/sun/tools/javac/jvm/ClassFile
instanceKlass com/sun/tools/javac/code/ModuleFinder$ModuleLocationIterator
instanceKlass com/sun/tools/javac/code/ModuleFinder
instanceKlass com/sun/tools/javac/comp/Flow$PatternDescription
instanceKlass com/sun/tools/javac/comp/Flow
instanceKlass com/sun/tools/javac/comp/Infer$GraphStrategy
instanceKlass com/sun/tools/javac/comp/InferenceContext
instanceKlass com/sun/tools/javac/comp/Infer$IncorporationEngine
instanceKlass com/sun/tools/javac/code/Type$UndetVar$UndetVarListener
instanceKlass javax/lang/model/element/TypeParameterElement
instanceKlass com/sun/tools/javac/comp/Infer
instanceKlass com/sun/tools/javac/parser/UnicodeReader
instanceKlass com/sun/tools/javac/parser/ScannerFactory
instanceKlass com/sun/tools/javac/util/MandatoryWarningHandler
instanceKlass com/sun/tools/javac/code/Preview
instanceKlass com/sun/tools/javac/parser/Tokens$Token
instanceKlass com/sun/tools/javac/parser/Tokens
instanceKlass com/sun/tools/javac/tree/DocTreeMaker$SentenceBreaker
instanceKlass com/sun/tools/javac/parser/ReferenceParser
instanceKlass com/sun/tools/javac/tree/DocCommentTable
instanceKlass com/sun/source/doctree/DocTreeVisitor
instanceKlass com/sun/source/util/DocSourcePositions
instanceKlass com/sun/source/tree/Scope
instanceKlass com/sun/source/util/SourcePositions
instanceKlass com/sun/source/doctree/ErroneousTree
instanceKlass com/sun/source/doctree/EscapeTree
instanceKlass com/sun/source/doctree/SpecTree
instanceKlass com/sun/source/doctree/DocTypeTree
instanceKlass com/sun/source/doctree/CommentTree
instanceKlass com/sun/source/doctree/UsesTree
instanceKlass com/sun/source/doctree/ParamTree
instanceKlass com/sun/source/doctree/VersionTree
instanceKlass com/sun/source/doctree/ReturnTree
instanceKlass com/sun/source/doctree/SerialFieldTree
instanceKlass com/sun/source/doctree/TextTree
instanceKlass com/sun/source/doctree/ProvidesTree
instanceKlass com/sun/source/doctree/DeprecatedTree
instanceKlass com/sun/source/doctree/ThrowsTree
instanceKlass com/sun/tools/javac/parser/Tokens$Comment
instanceKlass com/sun/source/doctree/DocCommentTree
instanceKlass com/sun/source/doctree/LinkTree
instanceKlass com/sun/source/doctree/SerialTree
instanceKlass com/sun/source/doctree/SummaryTree
instanceKlass com/sun/source/doctree/ValueTree
instanceKlass com/sun/source/doctree/AttributeTree
instanceKlass com/sun/source/doctree/DocRootTree
instanceKlass com/sun/source/doctree/HiddenTree
instanceKlass com/sun/source/doctree/IndexTree
instanceKlass com/sun/source/doctree/ReferenceTree
instanceKlass com/sun/source/doctree/SnippetTree
instanceKlass com/sun/source/doctree/EntityTree
instanceKlass com/sun/source/doctree/SerialDataTree
instanceKlass com/sun/source/doctree/AuthorTree
instanceKlass com/sun/source/doctree/LiteralTree
instanceKlass com/sun/source/doctree/EndElementTree
instanceKlass com/sun/source/doctree/SinceTree
instanceKlass com/sun/source/doctree/InheritDocTree
instanceKlass com/sun/source/doctree/IdentifierTree
instanceKlass com/sun/source/doctree/StartElementTree
instanceKlass com/sun/source/doctree/SystemPropertyTree
instanceKlass com/sun/source/doctree/UnknownBlockTagTree
instanceKlass com/sun/source/doctree/UnknownInlineTagTree
instanceKlass com/sun/source/doctree/InlineTagTree
instanceKlass com/sun/source/doctree/SeeTree
instanceKlass com/sun/source/doctree/BlockTagTree
instanceKlass com/sun/source/doctree/DocTree
instanceKlass com/sun/tools/javac/tree/DocTreeMaker
instanceKlass com/sun/source/util/DocTreeFactory
instanceKlass com/sun/tools/javac/parser/Lexer
instanceKlass com/sun/tools/javac/parser/ParserFactory
instanceKlass com/sun/tools/javac/util/Dependencies
instanceKlass com/sun/tools/javac/comp/TypeEnvs
instanceKlass com/sun/tools/javac/code/Lint$AugmentVisitor
instanceKlass com/sun/tools/javac/code/TypeAnnotations
instanceKlass com/sun/tools/javac/code/DeferredLintHandler$1
instanceKlass com/sun/tools/javac/code/DeferredLintHandler
instanceKlass  @bci com/sun/tools/javac/comp/TypeEnter$ImportsPhase <init> (Lcom/sun/tools/javac/comp/TypeEnter;)V 23 <appendix> member <vmtarget> ; # com/sun/tools/javac/comp/TypeEnter$ImportsPhase$$Lambda+0x0000017939bd6688
instanceKlass com/sun/tools/javac/comp/TypeEnter$DefaultConstructorHelper
instanceKlass com/sun/tools/javac/util/GraphUtils$DependencyKind
instanceKlass com/sun/tools/javac/comp/TypeEnter$Phase
instanceKlass com/sun/tools/javac/comp/TypeEnter
instanceKlass  @bci com/sun/tools/javac/code/Types <init> (Lcom/sun/tools/javac/util/Context;)V 360 <appendix> argL0 ; # com/sun/tools/javac/code/Types$$Lambda+0x0000017939bd4090
instanceKlass com/sun/tools/javac/code/Types$CandidatesCache
instanceKlass com/sun/tools/javac/code/Types$ImplementationCache
instanceKlass com/sun/tools/javac/code/Types$3
instanceKlass com/sun/tools/javac/code/Types$DescriptorCache
instanceKlass com/sun/tools/javac/code/Types
instanceKlass com/sun/tools/javac/tree/TreeMaker$AnnotationBuilder
instanceKlass com/sun/tools/javac/tree/TreeMaker
instanceKlass com/sun/tools/javac/tree/JCTree$Factory
instanceKlass com/sun/tools/javac/comp/DeferredAttr$4
instanceKlass com/sun/tools/javac/tree/TreeCopier
instanceKlass com/sun/tools/javac/comp/DeferredAttr$DeferredAttrContext
instanceKlass com/sun/tools/javac/comp/DeferredAttr$DeferredStuckPolicy
instanceKlass com/sun/tools/javac/comp/AttrRecover
instanceKlass com/sun/tools/javac/comp/Resolve$ReferenceLookupResult
instanceKlass com/sun/tools/javac/api/Formattable$LocalizedString
instanceKlass com/sun/tools/javac/comp/Resolve$10
instanceKlass com/sun/tools/javac/comp/Resolve$9
instanceKlass com/sun/tools/javac/comp/Resolve$8
instanceKlass  @bci com/sun/tools/javac/comp/Resolve <init> (Lcom/sun/tools/javac/util/Context;)V 96 <appendix> member <vmtarget> ; # com/sun/tools/javac/comp/Resolve$$Lambda+0x0000017939bc4d40
instanceKlass  @bci com/sun/tools/javac/comp/Resolve <init> (Lcom/sun/tools/javac/util/Context;)V 86 <appendix> member <vmtarget> ; # com/sun/tools/javac/comp/Resolve$$Lambda+0x0000017939bc4b20
instanceKlass com/sun/tools/javac/comp/Resolve$7
instanceKlass  @bci com/sun/tools/javac/comp/Resolve <init> (Lcom/sun/tools/javac/util/Context;)V 64 <appendix> argL0 ; # com/sun/tools/javac/comp/Resolve$$Lambda+0x0000017939bc46e0
instanceKlass com/sun/tools/javac/comp/Env
instanceKlass com/sun/tools/javac/comp/Resolve$AbstractMethodCheck
instanceKlass com/sun/tools/javac/comp/Resolve$2
instanceKlass com/sun/tools/javac/code/Scope$ScopeListener
instanceKlass com/sun/tools/javac/comp/Resolve$LookupHelper
instanceKlass com/sun/tools/javac/comp/Resolve$ReferenceChooser
instanceKlass com/sun/tools/javac/comp/Resolve$LogResolveHelper
instanceKlass com/sun/tools/javac/comp/Resolve$RecoveryLoadClass
instanceKlass com/sun/tools/javac/comp/Resolve
instanceKlass  @bci com/sun/tools/javac/comp/Check <init> (Lcom/sun/tools/javac/util/Context;)V 62 <appendix> argL0 ; # com/sun/tools/javac/comp/Check$$Lambda+0x0000017939bbc138
instanceKlass com/sun/tools/javac/comp/Check$1
instanceKlass com/sun/tools/javac/util/Warner
instanceKlass com/sun/tools/javac/comp/Check
instanceKlass com/sun/tools/javac/comp/Modules$1
instanceKlass  @bci com/sun/tools/javac/comp/Modules <clinit> ()V 0 <appendix> argL0 ; # com/sun/tools/javac/comp/Modules$$Lambda+0x0000017939bb9af0
instanceKlass com/sun/tools/javac/resources/CompilerProperties$Fragments
instanceKlass com/sun/tools/javac/util/Iterators
instanceKlass com/sun/tools/javac/code/Directive
instanceKlass javax/lang/model/element/ModuleElement$RequiresDirective
instanceKlass javax/lang/model/element/ModuleElement$Directive
instanceKlass  @bci com/sun/tools/javac/code/Symtab enterModule (Lcom/sun/tools/javac/util/Name;)Lcom/sun/tools/javac/code/Symbol$ModuleSymbol; 37 <appendix> member <vmtarget> ; # com/sun/tools/javac/code/Symtab$$Lambda+0x0000017939bb71a0
instanceKlass  @bci com/sun/tools/javac/code/Symtab addRootPackageFor (Lcom/sun/tools/javac/code/Symbol$ModuleSymbol;)V 36 <appendix> member <vmtarget> ; # com/sun/tools/javac/code/Symtab$$Lambda+0x0000017939bb6f70
instanceKlass  @bci com/sun/tools/javac/code/Symtab doEnterPackage (Lcom/sun/tools/javac/code/Symbol$ModuleSymbol;Lcom/sun/tools/javac/code/Symbol$PackageSymbol;)V 8 <appendix> argL0 ; # com/sun/tools/javac/code/Symtab$$Lambda+0x0000017939bb6d38
instanceKlass com/sun/tools/javac/code/Scope$ScopeListenerList
instanceKlass com/sun/tools/javac/code/Scope$Entry
instanceKlass com/sun/tools/javac/comp/Annotate$AnnotationTypeMetadata
instanceKlass com/sun/tools/javac/api/Formattable
instanceKlass com/sun/tools/javac/code/Kinds$KindSelector
instanceKlass com/sun/tools/javac/code/MissingInfoHandler
instanceKlass com/sun/tools/javac/code/TypeMetadata
instanceKlass org/gradle/launcher/daemon/server/DaemonRegistryUnavailableExpirationStrategy$1
instanceKlass  @bci org/gradle/launcher/daemon/server/CompatibleDaemonExpirationStrategy checkExpiration ()Lorg/gradle/launcher/daemon/server/expiry/DaemonExpirationResult; 13 <appendix> member <vmtarget> ; # org/gradle/launcher/daemon/server/CompatibleDaemonExpirationStrategy$$Lambda+0x0000017939b421b8
instanceKlass javax/lang/model/type/NullType
instanceKlass com/sun/tools/javac/code/Symtab
instanceKlass  @bci org/gradle/cache/internal/FileBackedObjectHolder get ()Ljava/lang/Object; 5 <appendix> member <vmtarget> ; # org/gradle/cache/internal/FileBackedObjectHolder$$Lambda+0x0000017939b41f98
instanceKlass org/gradle/launcher/daemon/registry/PersistentDaemonRegistry$1
instanceKlass org/gradle/launcher/daemon/server/health/gc/GarbageCollectionStats
instanceKlass com/sun/tools/javac/comp/MatchBindingsComputer$MatchBindings
instanceKlass java/util/concurrent/LinkedBlockingDeque$AbstractItr
instanceKlass com/sun/source/util/SimpleTreeVisitor
instanceKlass com/sun/tools/javac/comp/Check$NestedCheckContext
instanceKlass javax/lang/model/type/IntersectionType
instanceKlass javax/lang/model/element/RecordComponentElement
instanceKlass javax/lang/model/type/UnionType
instanceKlass com/sun/tools/javac/comp/Resolve$MethodCheck
instanceKlass com/sun/tools/javac/comp/Attr$ResultInfo
instanceKlass com/sun/tools/javac/code/Types$DefaultTypeVisitor
instanceKlass com/sun/source/tree/ExpressionStatementTree
instanceKlass com/sun/source/tree/EmptyStatementTree
instanceKlass com/sun/source/tree/MethodInvocationTree
instanceKlass com/sun/source/tree/IfTree
instanceKlass com/sun/source/tree/CatchTree
instanceKlass com/sun/source/tree/CaseTree
instanceKlass com/sun/source/tree/BlockTree
instanceKlass com/sun/source/tree/ThrowTree
instanceKlass com/sun/source/tree/TryTree
instanceKlass com/sun/source/tree/YieldTree
instanceKlass com/sun/source/tree/OpensTree
instanceKlass com/sun/source/tree/UnaryTree
instanceKlass com/sun/source/tree/BreakTree
instanceKlass com/sun/source/tree/UsesTree
instanceKlass com/sun/source/tree/SwitchTree
instanceKlass com/sun/source/tree/WhileLoopTree
instanceKlass com/sun/source/tree/ForLoopTree
instanceKlass com/sun/source/tree/IntersectionTypeTree
instanceKlass com/sun/source/tree/DefaultCaseLabelTree
instanceKlass com/sun/source/tree/PatternCaseLabelTree
instanceKlass com/sun/source/tree/BindingPatternTree
instanceKlass com/sun/source/tree/ConstantCaseLabelTree
instanceKlass com/sun/source/tree/CaseLabelTree
instanceKlass com/sun/source/tree/StringTemplateTree
instanceKlass com/sun/source/tree/SwitchExpressionTree
instanceKlass com/sun/source/tree/ArrayAccessTree
instanceKlass com/sun/source/tree/LambdaExpressionTree
instanceKlass com/sun/source/tree/UnionTypeTree
instanceKlass com/sun/source/tree/AssignmentTree
instanceKlass com/sun/source/tree/InstanceOfTree
instanceKlass com/sun/source/tree/PrimitiveTypeTree
instanceKlass com/sun/source/tree/MemberReferenceTree
instanceKlass com/sun/source/tree/ConditionalExpressionTree
instanceKlass com/sun/source/tree/CompoundAssignmentTree
instanceKlass com/sun/source/tree/ArrayTypeTree
instanceKlass com/sun/source/tree/DeconstructionPatternTree
instanceKlass com/sun/source/tree/EnhancedForLoopTree
instanceKlass com/sun/source/tree/ModuleTree
instanceKlass com/sun/source/tree/LabeledStatementTree
instanceKlass com/sun/source/tree/ParenthesizedTree
instanceKlass com/sun/source/tree/ParameterizedTypeTree
instanceKlass com/sun/source/tree/DoWhileLoopTree
instanceKlass com/sun/source/tree/VariableTree
instanceKlass com/sun/source/tree/MethodTree
instanceKlass com/sun/source/tree/PackageTree
instanceKlass com/sun/source/tree/ExportsTree
instanceKlass com/sun/source/tree/ErroneousTree
instanceKlass com/sun/source/tree/ProvidesTree
instanceKlass com/sun/source/tree/RequiresTree
instanceKlass com/sun/source/tree/DirectiveTree
instanceKlass com/sun/source/tree/AnnotatedTypeTree
instanceKlass com/sun/source/tree/ModifiersTree
instanceKlass com/sun/source/tree/ImportTree
instanceKlass com/sun/source/tree/ReturnTree
instanceKlass com/sun/source/tree/TypeCastTree
instanceKlass com/sun/source/tree/NewClassTree
instanceKlass com/sun/source/tree/AssertTree
instanceKlass com/sun/source/tree/SynchronizedTree
instanceKlass com/sun/source/tree/ContinueTree
instanceKlass com/sun/source/tree/TypeParameterTree
instanceKlass com/sun/source/tree/LiteralTree
instanceKlass com/sun/source/tree/AnyPatternTree
instanceKlass com/sun/source/tree/PatternTree
instanceKlass com/sun/source/tree/BinaryTree
instanceKlass com/sun/source/tree/WildcardTree
instanceKlass com/sun/tools/javac/comp/Annotate$2
instanceKlass com/sun/source/tree/NewArrayTree
instanceKlass com/sun/tools/javac/comp/Check$CheckContext
instanceKlass com/sun/tools/javac/comp/Annotate
instanceKlass com/sun/tools/javac/util/ByteBuffer
instanceKlass javax/lang/model/type/PrimitiveType
instanceKlass com/sun/tools/javac/comp/Annotate$AnnotationTypeCompleter
instanceKlass com/sun/tools/javac/jvm/ClassReader
instanceKlass  @bci com/sun/tools/javac/code/ClassFinder <init> (Lcom/sun/tools/javac/util/Context;)V 23 <appendix> member <vmtarget> ; # com/sun/tools/javac/code/ClassFinder$$Lambda+0x0000017939b835d0
instanceKlass com/sun/tools/javac/code/ClassFinder
instanceKlass com/sun/tools/javac/util/Convert
instanceKlass com/sun/tools/javac/util/Name
instanceKlass com/sun/tools/javac/util/Name$Table
instanceKlass com/sun/tools/javac/util/Names
instanceKlass com/sun/tools/javac/code/Symbol$Completer$1
instanceKlass  @bci com/sun/tools/javac/main/JavaCompiler <init> (Lcom/sun/tools/javac/util/Context;)V 6 <appendix> member <vmtarget> ; # com/sun/tools/javac/main/JavaCompiler$$Lambda+0x0000017939b81150
instanceKlass com/sun/source/tree/ClassTree
instanceKlass com/sun/source/tree/StatementTree
instanceKlass com/sun/source/tree/MemberSelectTree
instanceKlass com/sun/source/tree/IdentifierTree
instanceKlass com/sun/tools/javac/main/JavaCompiler
instanceKlass com/sun/tools/javac/code/Attribute$Visitor
instanceKlass com/sun/tools/javac/code/Scope
instanceKlass com/sun/tools/javac/tree/JCTree$Visitor
instanceKlass javax/lang/model/element/AnnotationMirror
instanceKlass com/sun/tools/javac/code/Attribute
instanceKlass javax/lang/model/element/AnnotationValue
instanceKlass com/sun/source/tree/AnnotationTree
instanceKlass javax/lang/model/element/TypeElement
instanceKlass javax/lang/model/element/ModuleElement
instanceKlass javax/lang/model/element/PackageElement
instanceKlass javax/lang/model/element/QualifiedNameable
instanceKlass javax/lang/model/element/Name
instanceKlass com/sun/tools/javac/model/JavacElements
instanceKlass org/gradle/internal/compiler/java/listeners/classnames/ClassNameCollector
instanceKlass javax/annotation/processing/ProcessingEnvironment
instanceKlass org/gradle/api/internal/tasks/compile/processing/IncrementalProcessingStrategy
instanceKlass org/gradle/api/internal/tasks/compile/processing/DelegatingProcessor
instanceKlass org/gradle/api/internal/tasks/compile/AnnotationProcessingCompileTask$1
instanceKlass lombok/core/AnnotationProcessor$ProcessorDescriptor
instanceKlass lombok/launch/ClassFileMetaData
instanceKlass java/util/zip/ZipFile$ZipEntryIterator
instanceKlass java/util/WeakHashMap$HashIterator
instanceKlass java/net/URLDecoder
instanceKlass lombok/launch/PackageShader
instanceKlass lombok/launch/Main
instanceKlass org/gradle/api/internal/tasks/compile/incremental/processing/AnnotationProcessorResult
instanceKlass javax/annotation/processing/AbstractProcessor
instanceKlass org/gradle/api/internal/tasks/compile/filter/AnnotationProcessorFilter
instanceKlass org/gradle/api/internal/tasks/compile/ResourceCleaningCompilationTask
instanceKlass javax/annotation/processing/Processor
instanceKlass org/gradle/api/internal/tasks/compile/AnnotationProcessingCompileTask
instanceKlass org/gradle/internal/compiler/java/listeners/constants/ConstantDependentsConsumer
# instanceKlass java/lang/invoke/LambdaForm$MH+0x0000017939b78400
# instanceKlass java/lang/invoke/LambdaForm$MH+0x0000017939b78000
# instanceKlass java/lang/invoke/LambdaForm$MH+0x0000017939b71c00
# instanceKlass java/lang/invoke/LambdaForm$MH+0x0000017939b71800
instanceKlass  @bci org/gradle/api/internal/tasks/compile/JdkTools$DefaultIncrementalAwareCompiler makeIncremental (Ljavax/tools/JavaCompiler$CompilationTask;Ljava/util/Map;Lorg/gradle/api/internal/tasks/compile/incremental/compilerapi/constants/ConstantsAnalysisResult;Lorg/gradle/api/internal/tasks/compile/CompilationSourceDirs;Lorg/gradle/api/internal/tasks/compile/CompilationClassBackupService;)Ljavax/tools/JavaCompiler$CompilationTask; 89 <appendix> member <vmtarget> ; # org/gradle/api/internal/tasks/compile/JdkTools$DefaultIncrementalAwareCompiler$$Lambda+0x0000017939b72000
instanceKlass  @bci org/gradle/api/internal/tasks/compile/JdkTools$DefaultIncrementalAwareCompiler makeIncremental (Ljavax/tools/JavaCompiler$CompilationTask;Ljava/util/Map;Lorg/gradle/api/internal/tasks/compile/incremental/compilerapi/constants/ConstantsAnalysisResult;Lorg/gradle/api/internal/tasks/compile/CompilationSourceDirs;Lorg/gradle/api/internal/tasks/compile/CompilationClassBackupService;)Ljavax/tools/JavaCompiler$CompilationTask; 75 <appendix> member <vmtarget> ; # org/gradle/api/internal/tasks/compile/JdkTools$DefaultIncrementalAwareCompiler$$Lambda+0x0000017939b47c70
instanceKlass  @bci org/gradle/api/internal/tasks/compile/JdkTools$DefaultIncrementalAwareCompiler makeIncremental (Ljavax/tools/JavaCompiler$CompilationTask;Ljava/util/Map;Lorg/gradle/api/internal/tasks/compile/incremental/compilerapi/constants/ConstantsAnalysisResult;Lorg/gradle/api/internal/tasks/compile/CompilationSourceDirs;Lorg/gradle/api/internal/tasks/compile/CompilationClassBackupService;)Ljavax/tools/JavaCompiler$CompilationTask; 61 <appendix> member <vmtarget> ; # org/gradle/api/internal/tasks/compile/JdkTools$DefaultIncrementalAwareCompiler$$Lambda+0x0000017939b47a40
instanceKlass  @bci org/gradle/api/internal/tasks/compile/JdkTools$DefaultIncrementalAwareCompiler makeIncremental (Ljavax/tools/JavaCompiler$CompilationTask;Ljava/util/Map;Lorg/gradle/api/internal/tasks/compile/incremental/compilerapi/constants/ConstantsAnalysisResult;Lorg/gradle/api/internal/tasks/compile/CompilationSourceDirs;Lorg/gradle/api/internal/tasks/compile/CompilationClassBackupService;)Ljavax/tools/JavaCompiler$CompilationTask; 47 <appendix> member <vmtarget> ; # org/gradle/api/internal/tasks/compile/JdkTools$DefaultIncrementalAwareCompiler$$Lambda+0x0000017939b47810
instanceKlass  @bci org/gradle/api/internal/tasks/compile/JdkTools$DefaultIncrementalAwareCompiler makeIncremental (Ljavax/tools/JavaCompiler$CompilationTask;Ljava/util/Map;Lorg/gradle/api/internal/tasks/compile/incremental/compilerapi/constants/ConstantsAnalysisResult;Lorg/gradle/api/internal/tasks/compile/CompilationSourceDirs;Lorg/gradle/api/internal/tasks/compile/CompilationClassBackupService;)Ljavax/tools/JavaCompiler$CompilationTask; 32 <appendix> member <vmtarget> ; # org/gradle/api/internal/tasks/compile/JdkTools$DefaultIncrementalAwareCompiler$$Lambda+0x0000017939b475d0
instanceKlass org/gradle/internal/compiler/java/IncrementalCompileTask
instanceKlass org/gradle/api/internal/tasks/compile/CompilationClassBackupService
instanceKlass  @bci com/sun/tools/javac/code/DeferredCompletionFailureHandler$1 install ()V 9 <appendix> argL0 ; # com/sun/tools/javac/code/DeferredCompletionFailureHandler$1$$Lambda+0x0000017939b76528
instanceKlass com/sun/tools/javac/code/DeferredCompletionFailureHandler$FlipSymbolDescription
instanceKlass com/sun/tools/javac/code/DeferredCompletionFailureHandler$3
instanceKlass com/sun/tools/javac/code/DeferredCompletionFailureHandler$2
instanceKlass com/sun/tools/javac/code/Symbol$Completer
instanceKlass com/sun/tools/javac/code/DeferredCompletionFailureHandler$1
instanceKlass com/sun/tools/javac/code/DeferredCompletionFailureHandler$Handler
instanceKlass com/sun/tools/javac/code/DeferredCompletionFailureHandler
instanceKlass com/sun/tools/javac/parser/Parser
instanceKlass com/sun/tools/javac/api/JavacTaskImpl$Filter
instanceKlass  @bci com/sun/tools/javac/main/Arguments handleReleaseOptions (Ljava/util/function/Predicate;)Z 22 <appendix> member <vmtarget> ; # com/sun/tools/javac/main/Arguments$$Lambda+0x0000017939b74448
instanceKlass com/sun/tools/javac/main/Arguments$ErrorReporter
instanceKlass  @bci com/sun/tools/javac/main/Arguments processArgs (Ljava/lang/Iterable;Ljava/util/Set;Lcom/sun/tools/javac/main/OptionHelper;ZZ)Z 24 <adapter> ; # java/lang/invoke/LambdaForm$MH+0x0000017939b70c00
# instanceKlass java/lang/invoke/LambdaForm$DMH+0x0000017939b70800
instanceKlass  @bci com/sun/tools/javac/main/Arguments processArgs (Ljava/lang/Iterable;Ljava/util/Set;Lcom/sun/tools/javac/main/OptionHelper;ZZ)Z 24 <appendix> form vmentry <vmtarget> ; # java/lang/invoke/LambdaForm$DMH+0x0000017939b70400
instanceKlass  @bci com/sun/tools/javac/main/Arguments processArgs (Ljava/lang/Iterable;Ljava/util/Set;Lcom/sun/tools/javac/main/OptionHelper;ZZ)Z 24 <appendix> member <vmtarget> ; # com/sun/tools/javac/main/Arguments$$Lambda+0x0000017939b74000
instanceKlass  @cpi com/sun/tools/javac/main/Arguments 1127 form vmentry <vmtarget> ; # java/lang/invoke/LambdaForm$DMH+0x0000017939b70000
instanceKlass java/util/AbstractMap$SimpleEntry
instanceKlass jdk/internal/jimage/ImageBufferCache$2
instanceKlass jdk/internal/jimage/ImageBufferCache
instanceKlass  @bci sun/net/www/protocol/jrt/JavaRuntimeURLConnection <clinit> ()V 0 <appendix> argL0 ; # sun/net/www/protocol/jrt/JavaRuntimeURLConnection$$Lambda+0x00000179396e3c60
instanceKlass java/nio/channels/AsynchronousFileChannel
instanceKlass java/nio/channels/AsynchronousChannel
instanceKlass java/nio/file/FileStore
instanceKlass java/nio/file/spi/FileSystemProvider$1
instanceKlass com/sun/tools/javac/util/StringUtils
instanceKlass  @bci com/sun/tools/javac/file/CacheFSInfo isFile (Ljava/nio/file/Path;)Z 5 <appendix> argL0 ; # com/sun/tools/javac/file/CacheFSInfo$$Lambda+0x0000017939b6fab0
instanceKlass  @bci com/sun/tools/javac/file/CacheFSInfo getAttributes (Ljava/nio/file/Path;)Ljava/util/Optional; 6 <appendix> member <vmtarget> ; # com/sun/tools/javac/file/CacheFSInfo$$Lambda+0x0000017939b6f870
instanceKlass com/sun/tools/javac/file/BaseFileManager$3
instanceKlass com/sun/tools/doclint/DocLint$1
instanceKlass com/sun/source/tree/CompilationUnitTree
instanceKlass com/sun/source/util/TreePath
instanceKlass javax/lang/model/util/Types
instanceKlass javax/lang/model/util/Elements
instanceKlass com/sun/source/util/Trees
instanceKlass com/sun/source/util/TreeScanner
instanceKlass com/sun/source/tree/TreeVisitor
instanceKlass  @bci com/sun/tools/doclint/DocLint newDocLint ()Lcom/sun/tools/doclint/DocLint; 17 <appendix> argL0 ; # com/sun/tools/doclint/DocLint$$Lambda+0x0000017939b6aec8
instanceKlass java/util/ServiceLoader$ProviderSpliterator
instanceKlass com/sun/tools/doclint/DocLint
instanceKlass com/sun/source/util/Plugin
instanceKlass com/sun/tools/javac/util/ListBuffer$1
instanceKlass com/sun/tools/javac/main/Arguments
instanceKlass com/sun/tools/javac/api/ClientCodeWrapper$WrappedJavaFileManager
instanceKlass com/sun/tools/javac/api/ClientCodeWrapper$Trusted
instanceKlass com/sun/source/util/TaskListener
instanceKlass com/sun/tools/javac/api/ClientCodeWrapper
instanceKlass javax/tools/ForwardingJavaFileManager
instanceKlass com/sun/tools/javac/file/PathFileObject
instanceKlass sun/nio/fs/WindowsLinkSupport
instanceKlass  @bci com/sun/tools/javac/file/CacheFSInfo getCanonicalFile (Ljava/nio/file/Path;)Ljava/nio/file/Path; 6 <appendix> member <vmtarget> ; # com/sun/tools/javac/file/CacheFSInfo$$Lambda+0x0000017939b676e8
instanceKlass  @bci com/sun/tools/javac/util/Log <init> (Lcom/sun/tools/javac/util/Context;Ljava/util/Map;)V 124 <appendix> member <vmtarget> ; # com/sun/tools/javac/util/Log$$Lambda+0x0000017939b674c8
instanceKlass  @bci com/sun/tools/javac/util/JCDiagnostic$Factory <init> (Lcom/sun/tools/javac/util/Context;)V 31 <appendix> member <vmtarget> ; # com/sun/tools/javac/util/JCDiagnostic$Factory$$Lambda+0x0000017939b672a8
instanceKlass com/sun/tools/javac/util/JCDiagnostic
instanceKlass javax/lang/model/type/ArrayType
instanceKlass javax/lang/model/element/ExecutableElement
instanceKlass javax/lang/model/element/Parameterizable
instanceKlass javax/lang/model/type/ExecutableType
instanceKlass javax/lang/model/element/VariableElement
instanceKlass javax/lang/model/type/NoType
instanceKlass javax/lang/model/type/TypeVariable
instanceKlass javax/lang/model/type/WildcardType
instanceKlass javax/lang/model/type/ErrorType
instanceKlass com/sun/tools/javac/jvm/PoolConstant$LoadableConstant
instanceKlass javax/lang/model/type/DeclaredType
instanceKlass javax/lang/model/type/ReferenceType
instanceKlass javax/lang/model/type/TypeMirror
instanceKlass com/sun/tools/javac/code/AnnoConstruct
instanceKlass javax/lang/model/element/Element
instanceKlass javax/lang/model/AnnotatedConstruct
instanceKlass com/sun/tools/javac/jvm/PoolConstant
instanceKlass com/sun/tools/javac/util/AbstractDiagnosticFormatter$SimpleConfiguration
instanceKlass com/sun/tools/javac/api/DiagnosticFormatter$Configuration
instanceKlass com/sun/source/tree/ExpressionTree
instanceKlass com/sun/tools/javac/tree/JCTree
instanceKlass com/sun/source/tree/Tree
instanceKlass com/sun/tools/javac/code/Printer
instanceKlass com/sun/tools/javac/code/Symbol$Visitor
instanceKlass com/sun/tools/javac/code/Type$Visitor
instanceKlass com/sun/tools/javac/util/AbstractDiagnosticFormatter
instanceKlass com/sun/tools/javac/util/Options
instanceKlass  @bci jdk/internal/module/SystemModuleFinders$SystemModuleReader open (Ljava/lang/String;)Ljava/util/Optional; 6 <appendix> member <vmtarget> ; # jdk/internal/module/SystemModuleFinders$SystemModuleReader$$Lambda+0x00000179396e2120
instanceKlass  @bci java/util/ResourceBundle$ResourceBundleProviderHelper loadPropertyResourceBundle (Ljava/lang/Module;Ljava/lang/Module;Ljava/lang/String;Ljava/util/Locale;)Ljava/util/ResourceBundle; 14 <appendix> member <vmtarget> ; # java/util/ResourceBundle$ResourceBundleProviderHelper$$Lambda+0x00000179396e1f00
instanceKlass  @bci java/util/ResourceBundle$ResourceBundleProviderHelper loadResourceBundle (Ljava/lang/Module;Ljava/lang/Module;Ljava/lang/String;Ljava/util/Locale;)Ljava/util/ResourceBundle; 13 <appendix> member <vmtarget> ; # java/util/ResourceBundle$ResourceBundleProviderHelper$$Lambda+0x00000179396e1a78
instanceKlass java/util/ResourceBundle$3
instanceKlass java/util/ResourceBundle$CacheKeyReference
instanceKlass  @bci java/util/ResourceBundle getLoader (Ljava/lang/Module;)Ljava/lang/ClassLoader; 6 <appendix> member <vmtarget> ; # java/util/ResourceBundle$$Lambda+0x00000179396e11c8
instanceKlass com/sun/tools/javac/util/List$2
instanceKlass  @bci com/sun/tools/javac/util/JavacMessages add (Ljava/lang/String;)V 2 <appendix> member <vmtarget> ; # com/sun/tools/javac/util/JavacMessages$$Lambda+0x0000017939b5cce0
instanceKlass com/sun/tools/javac/util/JavacMessages$ResourceBundleHelper
instanceKlass com/sun/tools/javac/util/JavacMessages
instanceKlass com/sun/tools/javac/api/Messages
instanceKlass com/sun/tools/javac/util/JCDiagnostic$DiagnosticInfo
instanceKlass com/sun/tools/javac/util/JCDiagnostic$Factory
instanceKlass  @bci com/sun/tools/javac/file/JavacFileManager <init> (Lcom/sun/tools/javac/util/Context;ZLjava/nio/charset/Charset;)V 6 <appendix> argL0 ; # com/sun/tools/javac/file/JavacFileManager$$Lambda+0x0000017939b56208
instanceKlass java/util/JumboEnumSet$EnumSetIterator
instanceKlass com/sun/tools/javac/file/Locations$ModuleTable
instanceKlass  @bci com/sun/tools/javac/file/Locations$ModuleSourcePathLocationHandler <init> (Lcom/sun/tools/javac/file/Locations;)V 23 <appendix> argL0 ; # com/sun/tools/javac/file/Locations$ModuleSourcePathLocationHandler$$Lambda+0x0000017939b557e8
instanceKlass  @bci com/sun/tools/javac/file/Locations <init> ()V 5 <appendix> argL0 ; # com/sun/tools/javac/file/Locations$$Lambda+0x0000017939b54998
instanceKlass javax/tools/StandardJavaFileManager$PathFactory
instanceKlass com/sun/tools/javac/file/Locations$LocationHandler
instanceKlass com/sun/tools/javac/file/Locations
instanceKlass com/sun/tools/javac/file/JavacFileManager$1
instanceKlass  @bci com/sun/tools/javac/main/Option getOptions (Lcom/sun/tools/javac/main/Option$OptionGroup;)Ljava/util/Set; 17 <appendix> argL0 ; # com/sun/tools/javac/main/Option$$Lambda+0x0000017939b53558
instanceKlass  @bci com/sun/tools/javac/main/Option getOptions (Lcom/sun/tools/javac/main/Option$OptionGroup;)Ljava/util/Set; 7 <appendix> member <vmtarget> ; # com/sun/tools/javac/main/Option$$Lambda+0x0000017939b53308
instanceKlass com/sun/tools/javac/code/Lint
instanceKlass com/sun/tools/javac/util/Assert
instanceKlass com/sun/tools/javac/file/RelativePath
instanceKlass javax/tools/JavaFileObject
instanceKlass javax/tools/FileObject
instanceKlass com/sun/tools/javac/file/JavacFileManager$Container
instanceKlass com/sun/tools/javac/main/OptionHelper
instanceKlass com/sun/tools/javac/file/BaseFileManager
instanceKlass  @bci com/sun/tools/javac/file/CacheFSInfo preRegister (Lcom/sun/tools/javac/util/Context;)V 3 <appendix> argL0 ; # com/sun/tools/javac/file/CacheFSInfo$$Lambda+0x0000017939b49088
instanceKlass com/sun/tools/javac/file/FSInfo
instanceKlass com/sun/tools/javac/api/DiagnosticFormatter
instanceKlass com/sun/tools/javac/util/Log$DiagnosticHandler
instanceKlass com/sun/tools/javac/util/JCDiagnostic$DiagnosticPosition
instanceKlass com/sun/tools/javac/util/AbstractLog
instanceKlass com/sun/tools/javac/util/Context$Factory
instanceKlass com/sun/tools/javac/util/Context$Key
instanceKlass  @bci org/gradle/api/internal/tasks/compile/JdkJavaCompiler createCompileTask (Lorg/gradle/api/internal/tasks/compile/JavaCompileSpec;Lorg/gradle/api/internal/tasks/compile/ApiCompilerResult;)Ljavax/tools/JavaCompiler$CompilationTask; 50 <appendix> argL0 ; # org/gradle/api/internal/tasks/compile/JdkJavaCompiler$$Lambda+0x0000017939b46db8
instanceKlass com/sun/source/util/JavacTask
instanceKlass com/sun/tools/javac/api/JavacTool
instanceKlass javax/tools/StandardJavaFileManager
instanceKlass javax/tools/JavaFileManager
instanceKlass org/gradle/api/internal/tasks/compile/JdkTools$DefaultIncrementalAwareCompiler
instanceKlass org/gradle/api/internal/tasks/compile/IncrementalCompilationAwareJavaCompiler
instanceKlass org/gradle/api/internal/tasks/compile/ContextAwareJavaCompiler
instanceKlass javax/tools/JavaCompiler
instanceKlass javax/tools/OptionChecker
instanceKlass javax/tools/Tool
instanceKlass  @bci org/gradle/api/internal/tasks/compile/JavaHomeBasedJavaCompilerFactory create ()Lorg/gradle/api/internal/tasks/compile/ContextAwareJavaCompiler; 7 <appendix> argL0 ; # org/gradle/api/internal/tasks/compile/JavaHomeBasedJavaCompilerFactory$$Lambda+0x0000017939b46448
instanceKlass org/gradle/api/internal/tasks/compile/JdkTools
instanceKlass  @bci org/gradle/api/internal/tasks/compile/JavaCompilerArgumentsBuilder build ()Ljava/util/List; 36 <appendix> argL0 ; # org/gradle/api/internal/tasks/compile/JavaCompilerArgumentsBuilder$$Lambda+0x0000017939b46000
instanceKlass org/gradle/api/internal/tasks/compile/JavaCompilerArgumentsBuilder
instanceKlass org/gradle/api/internal/tasks/compile/incremental/compilerapi/constants/ConstantToDependentsMappingBuilder
instanceKlass org/gradle/api/internal/tasks/compile/incremental/compilerapi/constants/ConstantsAnalysisResult
instanceKlass org/gradle/api/internal/tasks/compile/incremental/processing/AnnotationProcessingResult
instanceKlass org/gradle/workers/internal/DefaultWorkResult
instanceKlass  @bci org/gradle/api/internal/tasks/compile/NormalizingJavaCompiler resolveAndFilterSourceFiles (Lorg/gradle/api/internal/tasks/compile/JavaCompileSpec;)V 6 <appendix> argL0 ; # org/gradle/api/internal/tasks/compile/NormalizingJavaCompiler$$Lambda+0x0000017939b3aff0
instanceKlass  @bci org/gradle/cache/internal/DefaultFileContentCacheFactory$DefaultFileContentCache lambda$get$3 (Ljava/io/File;)Ljava/lang/Object; 25 <appendix> member <vmtarget> ; # org/gradle/cache/internal/DefaultFileContentCacheFactory$DefaultFileContentCache$$Lambda+0x0000017939b41920
instanceKlass org/gradle/api/internal/tasks/compile/processing/AnnotationProcessorDeclaration
instanceKlass  @bci org/gradle/cache/internal/InMemoryDecoratedCache get (Ljava/lang/Object;Ljava/util/function/Function;Ljava/lang/Runnable;)Ljava/lang/Object; 96 <adapter> ; # java/lang/invoke/LambdaForm$MH+0x0000017939b44c00
# instanceKlass java/lang/invoke/LambdaForm$DMH+0x0000017939b44800
instanceKlass  @bci org/gradle/cache/internal/InMemoryDecoratedCache get (Ljava/lang/Object;Ljava/util/function/Function;Ljava/lang/Runnable;)Ljava/lang/Object; 96 <appendix> form vmentry <vmtarget> ; # java/lang/invoke/LambdaForm$DMH+0x0000017939b44400
instanceKlass  @bci org/gradle/cache/internal/InMemoryDecoratedCache get (Ljava/lang/Object;Ljava/util/function/Function;Ljava/lang/Runnable;)Ljava/lang/Object; 96 <appendix> member <vmtarget> ; # org/gradle/cache/internal/InMemoryDecoratedCache$$Lambda+0x0000017939b41700
instanceKlass  @cpi org/gradle/cache/internal/InMemoryDecoratedCache 235 form vmentry <vmtarget> ; # java/lang/invoke/LambdaForm$DMH+0x0000017939b44000
instanceKlass  @bci org/gradle/cache/internal/DefaultFileContentCacheFactory$DefaultFileContentCache lambda$get$1 (Ljava/io/File;Lorg/gradle/internal/hash/HashCode;)Ljava/lang/Object; 7 <appendix> member <vmtarget> ; # org/gradle/cache/internal/DefaultFileContentCacheFactory$DefaultFileContentCache$$Lambda+0x0000017939b414c0
instanceKlass  @bci org/gradle/cache/internal/DefaultFileContentCacheFactory$DefaultFileContentCache lambda$get$3 (Ljava/io/File;)Ljava/lang/Object; 15 <appendix> member <vmtarget> ; # org/gradle/cache/internal/DefaultFileContentCacheFactory$DefaultFileContentCache$$Lambda+0x0000017939b41280
instanceKlass  @bci org/gradle/internal/vfs/impl/DefaultFileSystemAccess readRegularFileContentHash (Ljava/lang/String;)Ljava/util/Optional; 31 <appendix> argL0 ; # org/gradle/internal/vfs/impl/DefaultFileSystemAccess$$Lambda+0x0000017939b41048
instanceKlass  @bci org/gradle/internal/vfs/impl/DefaultFileSystemAccess readRegularFileContentHash (Ljava/lang/String;)Ljava/util/Optional; 20 <appendix> member <vmtarget> ; # org/gradle/internal/vfs/impl/DefaultFileSystemAccess$$Lambda+0x0000017939b40e28
instanceKlass  @bci org/gradle/internal/vfs/impl/DefaultFileSystemAccess readRegularFileContentHash (Ljava/lang/String;)Ljava/util/Optional; 10 <appendix> argL0 ; # org/gradle/internal/vfs/impl/DefaultFileSystemAccess$$Lambda+0x0000017939b40bf0
instanceKlass  @bci org/gradle/cache/internal/DefaultFileContentCacheFactory$DefaultFileContentCache get (Ljava/io/File;)Ljava/lang/Object; 6 <appendix> member <vmtarget> ; # org/gradle/cache/internal/DefaultFileContentCacheFactory$DefaultFileContentCache$$Lambda+0x0000017939b409b0
instanceKlass org/gradle/api/internal/tasks/compile/NormalizingJavaCompiler
instanceKlass org/gradle/api/internal/tasks/compile/AnnotationProcessorDiscoveringCompiler
instanceKlass org/gradle/api/internal/tasks/compile/ModuleApplicationNameWritingCompiler
instanceKlass javax/tools/Diagnostic
instanceKlass org/gradle/api/internal/tasks/compile/DiagnosticToProblemListener
instanceKlass org/gradle/api/internal/tasks/compile/JavaHomeBasedJavaCompilerFactory
instanceKlass org/gradle/api/internal/file/FileCollectionBackedFileTree$1
instanceKlass  @bci org/gradle/api/tasks/WorkResults <clinit> ()V 8 <appendix> argL0 ; # org/gradle/api/tasks/WorkResults$$Lambda+0x0000017939b40520
instanceKlass  @bci org/gradle/api/tasks/WorkResults <clinit> ()V 0 <appendix> argL0 ; # org/gradle/api/tasks/WorkResults$$Lambda+0x0000017939b402f8
instanceKlass org/gradle/api/tasks/WorkResults
instanceKlass org/gradle/api/internal/tasks/compile/incremental/transaction/CompileTransaction$StashedFile
instanceKlass org/gradle/api/internal/file/AbstractFileTreeElement
instanceKlass org/gradle/api/file/FileVisitDetails
instanceKlass org/gradle/api/internal/file/AttributeBasedFileVisitDetailsFactory
instanceKlass java/nio/file/FileTreeWalker$1
instanceKlass org/gradle/api/internal/file/collections/PathVisitor
instanceKlass org/gradle/api/file/ReproducibleFileVisitor
instanceKlass org/gradle/api/file/EmptyFileVisitor
instanceKlass  @bci org/gradle/api/internal/file/CompositeFileTree visitContentsAsFileTrees (Ljava/util/function/Consumer;)V 2 <appendix> member <vmtarget> ; # org/gradle/api/internal/file/CompositeFileTree$$Lambda+0x0000017939b3e3d8
instanceKlass  @bci org/gradle/api/internal/file/FilteredFileTree visitChildren (Ljava/util/function/Consumer;)V 11 <appendix> member <vmtarget> ; # org/gradle/api/internal/file/FilteredFileTree$$Lambda+0x0000017939b3e1a8
instanceKlass  @bci org/gradle/api/internal/file/CompositeFileTree matching (Lorg/gradle/api/tasks/util/PatternFilterable;)Lorg/gradle/api/internal/file/FileTreeInternal; 3 <appendix> member <vmtarget> ; # org/gradle/api/internal/file/CompositeFileTree$$Lambda+0x0000017939b3df88
instanceKlass  @bci org/gradle/api/internal/tasks/compile/incremental/transaction/CompileTransaction ensureEmptyDirectoriesBeforeExecution ()V 100 <appendix> member <vmtarget> ; # org/gradle/api/internal/tasks/compile/incremental/transaction/CompileTransaction$$Lambda+0x0000017939b397e0
instanceKlass  @bci org/gradle/api/internal/tasks/compile/incremental/transaction/CompileTransaction ensureEmptyDirectoriesBeforeExecution ()V 89 <appendix> member <vmtarget> ; # org/gradle/api/internal/tasks/compile/incremental/transaction/CompileTransaction$$Lambda+0x0000017939b39590
instanceKlass  @bci org/gradle/api/internal/tasks/compile/incremental/transaction/CompileTransaction ensureEmptyDirectoriesBeforeExecution ()V 78 <appendix> argL0 ; # org/gradle/api/internal/tasks/compile/incremental/transaction/CompileTransaction$$Lambda+0x0000017939b39358
instanceKlass  @bci java/nio/file/Files asUncheckedRunnable (Ljava/io/Closeable;)Ljava/lang/Runnable; 1 <appendix> member <vmtarget> ; # java/nio/file/Files$$Lambda+0x00000179396df838
instanceKlass java/nio/file/Files$2
instanceKlass org/gradle/internal/file/impl/DefaultDeleter$FileDeletionResult
instanceKlass  @bci org/gradle/api/internal/tasks/compile/incremental/SelectiveCompiler execute (Lorg/gradle/api/internal/tasks/compile/JavaCompileSpec;)Lorg/gradle/api/tasks/WorkResult; 230 <appendix> member <vmtarget> ; # org/gradle/api/internal/tasks/compile/incremental/SelectiveCompiler$$Lambda+0x0000017939b39118
instanceKlass org/gradle/api/internal/tasks/compile/incremental/transaction/CompileTransaction
instanceKlass javax/tools/JavaFileManager$Location
instanceKlass  @bci org/gradle/api/internal/tasks/compile/incremental/recomp/PreviousCompilation findDependentsOfSourceChanges (Ljava/util/Set;)Lorg/gradle/api/internal/tasks/compile/incremental/compilerapi/deps/DependentsSet; 23 <appendix> member <vmtarget> ; # org/gradle/api/internal/tasks/compile/incremental/recomp/PreviousCompilation$$Lambda+0x0000017939b38cc8
instanceKlass org/gradle/internal/execution/history/changes/DefaultFileChange$1
instanceKlass org/gradle/internal/execution/history/changes/CollectingChangeVisitor
instanceKlass org/gradle/api/internal/tasks/compile/incremental/recomp/SourceFileChangeProcessor
instanceKlass org/gradle/api/internal/tasks/compile/incremental/deps/ClassSetAnalysis$ClassSetDiff
instanceKlass com/google/common/collect/AbstractMapBasedMultimap$AsMap$AsMapIterator
instanceKlass  @bci org/gradle/api/internal/tasks/compile/incremental/deps/ClassSetAnalysisData merge (Ljava/util/List;)Lorg/gradle/api/internal/tasks/compile/incremental/deps/ClassSetAnalysisData; 178 <appendix> member <vmtarget> ; # org/gradle/api/internal/tasks/compile/incremental/deps/ClassSetAnalysisData$$Lambda+0x0000017939b38480
instanceKlass com/google/common/collect/Lists$ReverseList$1
instanceKlass  @bci org/gradle/api/internal/tasks/compile/incremental/recomp/CurrentCompilationAccess doSnapshot (Ljava/lang/Iterable;)Ljava/util/List; 20 <appendix> argL0 ; # org/gradle/api/internal/tasks/compile/incremental/recomp/CurrentCompilationAccess$$Lambda+0x0000017939b38238
instanceKlass  @bci org/gradle/api/internal/tasks/compile/incremental/recomp/CurrentCompilationAccess doSnapshot (Ljava/lang/Iterable;)Ljava/util/List; 10 <appendix> argL0 ; # org/gradle/api/internal/tasks/compile/incremental/recomp/CurrentCompilationAccess$$Lambda+0x0000017939b38000
# instanceKlass org/gradle/api/internal/tasks/compile/incremental/classpath/CachingClassSetAnalyzer$$Lambda+0x0000017939b31a40
# instanceKlass org/gradle/api/internal/tasks/compile/incremental/classpath/CachingClassSetAnalyzer$$Lambda+0x0000017939b31800
# instanceKlass org/gradle/api/internal/tasks/compile/incremental/classpath/CachingClassSetAnalyzer$$Lambda+0x0000017939b33d58
# instanceKlass org/gradle/api/internal/tasks/compile/incremental/classpath/CachingClassSetAnalyzer$$Lambda+0x0000017939b33b18
# instanceKlass org/gradle/api/internal/tasks/compile/incremental/classpath/CachingClassSetAnalyzer$$Lambda+0x0000017939b338d8
# instanceKlass org/gradle/api/internal/tasks/compile/incremental/classpath/CachingClassSetAnalyzer$$Lambda+0x0000017939b33698
instanceKlass  @bci org/gradle/api/internal/tasks/compile/incremental/classpath/CachingClassSetAnalyzer analyzeClasspathEntry (Ljava/io/File;)Lorg/gradle/api/internal/tasks/compile/incremental/deps/ClassSetAnalysisData; 26 <appendix> member <vmtarget> ; # org/gradle/api/internal/tasks/compile/incremental/classpath/CachingClassSetAnalyzer$$Lambda+0x0000017939b33458
# instanceKlass org/gradle/api/internal/tasks/compile/incremental/classpath/CachingClassSetAnalyzer$$Lambda+0x0000017939b33218
instanceKlass org/gradle/api/internal/tasks/compile/incremental/recomp/CurrentCompilationAccess$CreateSnapshot
instanceKlass  @bci org/gradle/api/internal/tasks/compile/incremental/recomp/CurrentCompilationAccess snapshotAll (Ljava/lang/Iterable;)Ljava/util/List; 15 <appendix> member <vmtarget> ; # org/gradle/api/internal/tasks/compile/incremental/recomp/CurrentCompilationAccess$$Lambda+0x0000017939b32da8
instanceKlass  @bci org/gradle/api/internal/tasks/compile/DefaultJavaCompileSpec getModulePath ()Ljava/util/List; 202 <appendix> argL0 ; # org/gradle/api/internal/tasks/compile/DefaultJavaCompileSpec$$Lambda+0x0000017939b32b70
instanceKlass  @bci org/gradle/api/internal/tasks/compile/incremental/recomp/DefaultSourceFileClassNameConverter constructReverseMapping (Ljava/util/Map;)Ljava/util/Map; 82 <appendix> argL0 ; # org/gradle/api/internal/tasks/compile/incremental/recomp/DefaultSourceFileClassNameConverter$$Lambda+0x0000017939b32938
instanceKlass org/gradle/api/internal/tasks/compile/incremental/recomp/DefaultSourceFileClassNameConverter
instanceKlass org/gradle/api/internal/tasks/compile/incremental/recomp/FileNameDerivingClassNameConverter
instanceKlass org/gradle/api/internal/tasks/compile/incremental/recomp/RecompilationSpec
instanceKlass org/gradle/api/internal/tasks/compile/incremental/deps/ClassSetAnalysis
instanceKlass org/gradle/api/internal/tasks/compile/incremental/recomp/PreviousCompilation
instanceKlass org/gradle/api/internal/tasks/compile/incremental/recomp/PreviousCompilationData
instanceKlass org/gradle/api/internal/tasks/compile/incremental/compilerapi/CompilerApiData
instanceKlass org/gradle/api/internal/tasks/compile/incremental/compilerapi/constants/ConstantToDependentsMapping
instanceKlass org/gradle/api/internal/tasks/compile/incremental/deps/IntSetSerializer
instanceKlass org/gradle/internal/hash/HashCode$1
instanceKlass org/gradle/api/internal/tasks/compile/incremental/processing/AnnotationProcessingData
instanceKlass org/gradle/api/internal/tasks/compile/incremental/deps/ClassSetAnalysisData
instanceKlass org/gradle/api/internal/tasks/compile/incremental/compilerapi/deps/DependentsSet
instanceKlass  @bci org/gradle/api/internal/tasks/compile/incremental/deps/ClassSetAnalysisData$Serializer read (Lorg/gradle/internal/serialize/Decoder;)Lorg/gradle/api/internal/tasks/compile/incremental/deps/ClassSetAnalysisData; 18 <appendix> member <vmtarget> ; # org/gradle/api/internal/tasks/compile/incremental/deps/ClassSetAnalysisData$Serializer$$Lambda+0x0000017939b36088
instanceKlass  @bci org/gradle/api/internal/tasks/compile/incremental/recomp/PreviousCompilationData$Serializer read (Lorg/gradle/internal/serialize/Decoder;)Lorg/gradle/api/internal/tasks/compile/incremental/recomp/PreviousCompilationData; 13 <appendix> member <vmtarget> ; # org/gradle/api/internal/tasks/compile/incremental/recomp/PreviousCompilationData$Serializer$$Lambda+0x0000017939b357b0
instanceKlass org/gradle/api/internal/tasks/compile/incremental/recomp/CurrentCompilation
instanceKlass org/gradle/api/internal/tasks/compile/CompileJavaBuildOperationReportingCompiler$1$1
instanceKlass org/gradle/api/internal/tasks/compile/CompileJavaBuildOperationType$Details
instanceKlass org/gradle/api/internal/tasks/compile/CompileJavaBuildOperationReportingCompiler$1
instanceKlass org/gradle/api/internal/tasks/compile/CompileJavaBuildOperationReportingCompiler
instanceKlass org/gradle/api/internal/tasks/compile/incremental/IncrementalResultStoringCompiler
instanceKlass org/gradle/api/internal/tasks/compile/incremental/SelectiveCompiler
instanceKlass org/gradle/api/internal/tasks/compile/incremental/recomp/PreviousCompilationAccess
instanceKlass org/gradle/api/internal/tasks/compile/incremental/recomp/CurrentCompilationAccess
instanceKlass  @bci org/gradle/api/internal/tasks/compile/incremental/IncrementalCompilerFactory createRebuildAllCompiler (Lorg/gradle/api/internal/tasks/compile/CleaningJavaCompiler;Lorg/gradle/api/file/FileTree;)Lorg/gradle/language/base/internal/compile/Compiler; 2 <appendix> member <vmtarget> ; # org/gradle/api/internal/tasks/compile/incremental/IncrementalCompilerFactory$$Lambda+0x0000017939b34000
instanceKlass  @bci org/gradle/api/tasks/compile/JavaCompile createRecompilationSpec (Lorg/gradle/work/InputChanges;Lorg/gradle/api/file/FileTree;)Lorg/gradle/api/internal/tasks/compile/incremental/recomp/JavaRecompilationSpecProvider; 31 <appendix> member <vmtarget> ; # org/gradle/api/tasks/compile/JavaCompile$$Lambda+0x0000017939b2fc20
instanceKlass org/gradle/api/internal/tasks/compile/incremental/recomp/SourceFileClassNameConverter
instanceKlass org/gradle/api/internal/tasks/compile/incremental/classpath/DefaultClassSetAnalyzer
instanceKlass org/gradle/api/internal/tasks/compile/incremental/classpath/CachingClassSetAnalyzer
# instanceKlass java/lang/invoke/LambdaForm$MH+0x0000017939b31400
# instanceKlass java/lang/invoke/LambdaForm$MH+0x0000017939b31000
# instanceKlass java/lang/invoke/LambdaForm$MH+0x0000017939b30c00
# instanceKlass java/lang/invoke/LambdaForm$MH+0x0000017939b30800
# instanceKlass java/lang/invoke/LambdaForm$MH+0x0000017939b30400
# instanceKlass java/lang/invoke/LambdaForm$MH+0x0000017939b30000
instanceKlass org/gradle/api/internal/tasks/compile/incremental/analyzer/DefaultClassDependenciesAnalyzer
instanceKlass org/gradle/api/internal/tasks/compile/incremental/analyzer/CachingClassDependenciesAnalyzer
instanceKlass org/gradle/cache/internal/MinimalPersistentCache
instanceKlass  @bci org/gradle/api/internal/tasks/compile/incremental/cache/UserHomeScopedCompileCaches <init> (Lorg/gradle/cache/scopes/GlobalScopedCacheBuilderFactory;Lorg/gradle/cache/internal/InMemoryCacheDecoratorFactory;Lorg/gradle/api/internal/cache/StringInterner;)V 50 <appendix> member <vmtarget> ; # org/gradle/api/internal/tasks/compile/incremental/cache/UserHomeScopedCompileCaches$$Lambda+0x0000017939b2ecf8
instanceKlass org/gradle/api/internal/tasks/compile/incremental/cache/UserHomeScopedCompileCaches
instanceKlass  @bci org/gradle/api/tasks/compile/JavaCompile createToolchainCompiler ()Lorg/gradle/language/base/internal/compile/Compiler; 1 <appendix> member <vmtarget> ; # org/gradle/api/tasks/compile/JavaCompile$$Lambda+0x0000017939b2e620
instanceKlass  @bci org/gradle/api/tasks/compile/BaseForkOptions setJvmArgs (Ljava/util/List;)V 25 <appendix> argL0 ; # org/gradle/api/tasks/compile/BaseForkOptions$$Lambda+0x0000017939b2e3d8
instanceKlass  @bci org/gradle/api/tasks/compile/BaseForkOptions setJvmArgs (Ljava/util/List;)V 15 <appendix> argL0 ; # org/gradle/api/tasks/compile/BaseForkOptions$$Lambda+0x0000017939b2e190
instanceKlass  @bci org/gradle/util/internal/CollectionUtils stringize (Ljava/lang/Iterable;Ljava/util/Collection;)Ljava/util/Collection; 2 <appendix> argL0 ; # org/gradle/util/internal/CollectionUtils$$Lambda+0x0000017939b28438
instanceKlass org/gradle/api/internal/tasks/compile/MinimalJavaCompileOptions
instanceKlass com/sun/tools/javac/util/Context
instanceKlass javax/tools/JavaCompiler$CompilationTask
instanceKlass javax/tools/DiagnosticListener
instanceKlass org/gradle/internal/exceptions/CompilationFailedIndicator
instanceKlass org/gradle/api/internal/tasks/compile/JdkJavaCompiler
instanceKlass org/gradle/api/internal/tasks/compile/ForkingJavaCompileSpec
instanceKlass org/gradle/api/internal/tasks/compile/CommandLineJavaCompileSpec
instanceKlass org/gradle/api/internal/tasks/compile/AbstractJavaCompileSpecFactory
instanceKlass org/gradle/api/internal/tasks/compile/CompilationSourceDirs$SourceRoots
instanceKlass org/gradle/api/internal/tasks/compile/CompilationSourceDirs
instanceKlass  @bci org/springframework/boot/gradle/plugin/JavaPluginAction$AdditionalMetadataLocationsConfigurer hasConfigurationProcessorOnClasspath (Lorg/gradle/api/tasks/compile/JavaCompile;)Z 51 <appendix> argL0 ; # org/springframework/boot/gradle/plugin/JavaPluginAction$AdditionalMetadataLocationsConfigurer$$Lambda+0x0000017939a5ad88
instanceKlass  @bci org/springframework/boot/gradle/plugin/JavaPluginAction$AdditionalMetadataLocationsConfigurer hasConfigurationProcessorOnClasspath (Lorg/gradle/api/tasks/compile/JavaCompile;)Z 41 <appendix> argL0 ; # org/springframework/boot/gradle/plugin/JavaPluginAction$AdditionalMetadataLocationsConfigurer$$Lambda+0x0000017939a5ab50
instanceKlass org/gradle/api/internal/tasks/execution/ExecuteTaskActionBuildOperationType$2
instanceKlass org/gradle/api/internal/tasks/execution/ExecuteTaskActionBuildOperationType$1
instanceKlass org/gradle/api/internal/tasks/execution/ExecuteTaskActionBuildOperationType$Result
instanceKlass org/gradle/api/internal/tasks/execution/ExecuteTaskActionBuildOperationType$Details
instanceKlass org/gradle/api/internal/tasks/execution/ExecuteTaskActionBuildOperationType
instanceKlass org/gradle/api/internal/tasks/execution/TaskExecution$3
instanceKlass  @bci org/gradle/api/internal/tasks/execution/TaskExecution execute (Lorg/gradle/internal/execution/UnitOfWork$ExecutionRequest;)Lorg/gradle/internal/execution/UnitOfWork$WorkOutput; 15 <appendix> argL0 ; # org/gradle/api/internal/tasks/execution/TaskExecution$$Lambda+0x0000017939b25710
instanceKlass  @bci org/gradle/api/internal/tasks/execution/TaskExecution execute (Lorg/gradle/internal/execution/UnitOfWork$ExecutionRequest;)Lorg/gradle/internal/execution/UnitOfWork$WorkOutput; 7 <appendix> member <vmtarget> ; # org/gradle/api/internal/tasks/execution/TaskExecution$$Lambda+0x0000017939b25000
instanceKlass  @bci org/gradle/internal/execution/steps/ExecuteStep$2 getPreviouslyProducedOutputs ()Ljava/util/Optional; 7 <appendix> argL0 ; # org/gradle/internal/execution/steps/ExecuteStep$2$$Lambda+0x0000017939b27d68
instanceKlass org/gradle/internal/execution/steps/ExecuteStep$2
instanceKlass org/gradle/internal/execution/steps/ExecuteStep$1$1
instanceKlass org/gradle/internal/execution/steps/ExecuteStep$Operation$Details
instanceKlass org/gradle/internal/execution/steps/ExecuteStep$1
instanceKlass  @bci org/gradle/internal/execution/steps/CancelExecutionStep execute (Lorg/gradle/internal/execution/UnitOfWork;Lorg/gradle/internal/execution/steps/Context;)Lorg/gradle/internal/execution/steps/Result; 10 <appendix> member <vmtarget> ; # org/gradle/internal/execution/steps/CancelExecutionStep$$Lambda+0x0000017939b27280
instanceKlass org/gradle/internal/execution/steps/PreCreateOutputParentsStep$2
instanceKlass org/gradle/internal/execution/steps/PreCreateOutputParentsStep$1
instanceKlass org/gradle/internal/vfs/impl/VersionHierarchy$2
instanceKlass  @bci org/gradle/internal/watch/registry/impl/SnapshotCollectingDiffListener nodeRemoved (Lorg/gradle/internal/snapshot/FileSystemNode;)V 15 <appendix> member <vmtarget> ; # org/gradle/internal/watch/registry/impl/SnapshotCollectingDiffListener$$Lambda+0x0000017939b266d0
instanceKlass  @bci org/gradle/internal/vfs/impl/AbstractVirtualFileSystem lambda$invalidate$5 (Ljava/lang/Iterable;Lorg/gradle/internal/snapshot/SnapshotHierarchy;)Lorg/gradle/internal/snapshot/SnapshotHierarchy; 46 <appendix> member <vmtarget> ; # org/gradle/internal/vfs/impl/AbstractVirtualFileSystem$$Lambda+0x0000017939b264b0
instanceKlass  @bci org/gradle/internal/vfs/impl/AbstractVirtualFileSystem invalidate (Ljava/lang/Iterable;)V 14 <appendix> member <vmtarget> ; # org/gradle/internal/vfs/impl/AbstractVirtualFileSystem$$Lambda+0x0000017939b26258
instanceKlass  @bci org/gradle/internal/watch/vfs/impl/FileWatchingFilter locationsWritten (Ljava/lang/Iterable;)V 12 <appendix> member <vmtarget> ; # org/gradle/internal/watch/vfs/impl/FileWatchingFilter$$Lambda+0x0000017939b26000
instanceKlass org/gradle/internal/execution/steps/BroadcastChangingOutputsStep$1
instanceKlass org/gradle/internal/execution/history/changes/IncrementalInputChanges
instanceKlass  @bci org/gradle/internal/execution/steps/ResolveInputChangesStep determineInputChanges (Lorg/gradle/internal/execution/UnitOfWork;Lorg/gradle/internal/execution/steps/IncrementalChangesContext;)Lorg/gradle/internal/execution/history/changes/InputChangesInternal; 18 <appendix> argL0 ; # org/gradle/internal/execution/steps/ResolveInputChangesStep$$Lambda+0x0000017939b237c8
instanceKlass  @bci org/gradle/internal/execution/steps/BuildCacheStep execute (Lorg/gradle/internal/execution/UnitOfWork;Lorg/gradle/internal/execution/steps/WorkspaceContext;)Lorg/gradle/internal/execution/steps/AfterExecutionResult; 20 <appendix> member <vmtarget> ; # org/gradle/internal/execution/steps/BuildCacheStep$$Lambda+0x0000017939b23588
instanceKlass  @bci org/gradle/internal/execution/steps/BuildCacheStep execute (Lorg/gradle/internal/execution/UnitOfWork;Lorg/gradle/internal/execution/steps/WorkspaceContext;)Lorg/gradle/internal/execution/steps/AfterExecutionResult; 12 <appendix> member <vmtarget> ; # org/gradle/internal/execution/steps/BuildCacheStep$$Lambda+0x0000017939b23348
instanceKlass  @bci org/gradle/internal/execution/caching/impl/DefaultCachingStateFactory calculateCacheKey (Lorg/gradle/internal/execution/history/BeforeExecutionState;)Lorg/gradle/internal/hash/HashCode; 90 <appendix> member <vmtarget> ; # org/gradle/internal/execution/caching/impl/DefaultCachingStateFactory$$Lambda+0x0000017939b23118
instanceKlass  @bci org/gradle/internal/execution/caching/impl/DefaultCachingStateFactory calculateCacheKey (Lorg/gradle/internal/execution/history/BeforeExecutionState;)Lorg/gradle/internal/hash/HashCode; 71 <appendix> member <vmtarget> ; # org/gradle/internal/execution/caching/impl/DefaultCachingStateFactory$$Lambda+0x0000017939b22ee8
instanceKlass  @bci org/gradle/internal/execution/caching/impl/DefaultCachingStateFactory calculateCacheKey (Lorg/gradle/internal/execution/history/BeforeExecutionState;)Lorg/gradle/internal/hash/HashCode; 55 <appendix> member <vmtarget> ; # org/gradle/internal/execution/caching/impl/DefaultCachingStateFactory$$Lambda+0x0000017939b22cb8
instanceKlass  @bci org/gradle/internal/execution/caching/impl/DefaultCachingStateFactory calculateCacheKey (Lorg/gradle/internal/execution/history/BeforeExecutionState;)Lorg/gradle/internal/hash/HashCode; 39 <appendix> member <vmtarget> ; # org/gradle/internal/execution/caching/impl/DefaultCachingStateFactory$$Lambda+0x0000017939b22a88
instanceKlass  @bci org/gradle/internal/execution/history/changes/NormalizedPathChangeDetector getChange (Ljava/lang/String;Lcom/google/common/collect/ListMultimap;Lorg/gradle/internal/fingerprint/FileSystemLocationFingerprint;Lorg/gradle/internal/execution/history/changes/FilePathWithType;)Lorg/gradle/internal/execution/history/changes/Change; 79 <appendix> member <vmtarget> ; # org/gradle/internal/execution/history/changes/NormalizedPathChangeDetector$$Lambda+0x0000017939b225f8
instanceKlass org/gradle/internal/execution/history/changes/DefaultFileChange
instanceKlass org/gradle/api/tasks/incremental/InputFileDetails
instanceKlass org/gradle/work/FileChange
instanceKlass  @bci org/gradle/internal/execution/history/changes/NormalizedPathChangeDetector getChange (Ljava/lang/String;Lcom/google/common/collect/ListMultimap;Lorg/gradle/internal/fingerprint/FileSystemLocationFingerprint;Lorg/gradle/internal/execution/history/changes/FilePathWithType;)Lorg/gradle/internal/execution/history/changes/Change; 67 <appendix> member <vmtarget> ; # org/gradle/internal/execution/history/changes/NormalizedPathChangeDetector$$Lambda+0x0000017939b21498
instanceKlass  @bci org/gradle/internal/execution/history/changes/NormalizedPathChangeDetector getChange (Ljava/lang/String;Lcom/google/common/collect/ListMultimap;Lorg/gradle/internal/fingerprint/FileSystemLocationFingerprint;Lorg/gradle/internal/execution/history/changes/FilePathWithType;)Lorg/gradle/internal/execution/history/changes/Change; 41 <appendix> member <vmtarget> ; # org/gradle/internal/execution/history/changes/NormalizedPathChangeDetector$$Lambda+0x0000017939b21248
instanceKlass  @bci com/google/common/collect/CollectSpliterators$1 tryAdvance (Ljava/util/function/Consumer;)Z 9 <appendix> member <vmtarget> ; # com/google/common/collect/CollectSpliterators$1$$Lambda+0x0000017939b21018
instanceKlass com/google/common/collect/CollectSpliterators$1
instanceKlass  @bci com/google/common/collect/AbstractMapBasedMultimap lambda$entrySpliterator$1 (Ljava/util/Map$Entry;)Ljava/util/Spliterator; 24 <appendix> member <vmtarget> ; # com/google/common/collect/AbstractMapBasedMultimap$$Lambda+0x0000017939b20b40
instanceKlass java/util/LinkedList$LLSpliterator
instanceKlass  @bci com/google/common/collect/CollectSpliterators$FlatMapSpliterator tryAdvance (Ljava/util/function/Consumer;)Z 53 <appendix> member <vmtarget> ; # com/google/common/collect/CollectSpliterators$FlatMapSpliterator$$Lambda+0x0000017939b20910
instanceKlass  @bci java/util/stream/StreamSpliterators$WrappingSpliterator initPartialTraversalState ()V 37 <appendix> member <vmtarget> ; # java/util/stream/StreamSpliterators$WrappingSpliterator$$Lambda+0x00000179396df148
instanceKlass java/util/function/BooleanSupplier
instanceKlass  @bci java/util/stream/StreamSpliterators$WrappingSpliterator initPartialTraversalState ()V 24 <appendix> member <vmtarget> ; # java/util/stream/StreamSpliterators$WrappingSpliterator$$Lambda+0x00000179396deca8
instanceKlass  @bci com/google/common/collect/CollectSpliterators$FlatMapSpliteratorOfObject <init> (Ljava/util/Spliterator;Ljava/util/Spliterator;Ljava/util/function/Function;IJ)V 4 <appendix> argL0 ; # com/google/common/collect/CollectSpliterators$FlatMapSpliteratorOfObject$$Lambda+0x0000017939b206f8
instanceKlass  @cpi com/google/common/collect/CollectSpliterators$FlatMapSpliteratorOfObject 44 form vmentry <vmtarget> ; # java/lang/invoke/LambdaForm$DMH+0x0000017939b24000
instanceKlass com/google/common/collect/CollectSpliterators$FlatMapSpliterator$Factory
instanceKlass com/google/common/collect/CollectSpliterators$FlatMapSpliterator
instanceKlass  @bci com/google/common/collect/AbstractMapBasedMultimap entrySpliterator ()Ljava/util/Spliterator; 14 <appendix> argL0 ; # com/google/common/collect/AbstractMapBasedMultimap$$Lambda+0x0000017939b1fd50
instanceKlass org/gradle/internal/execution/history/changes/FilePathWithType
instanceKlass  @bci org/gradle/internal/execution/history/changes/DefaultIncrementalInputProperties incrementalChanges (Lcom/google/common/collect/ImmutableSortedMap;Lcom/google/common/collect/ImmutableSortedMap;)Lorg/gradle/internal/execution/history/changes/InputFileChanges; 35 <appendix> member <vmtarget> ; # org/gradle/internal/execution/history/changes/DefaultIncrementalInputProperties$$Lambda+0x0000017939b1f268
instanceKlass  @bci org/gradle/internal/execution/history/changes/DefaultIncrementalInputProperties incrementalChanges (Lcom/google/common/collect/ImmutableSortedMap;Lcom/google/common/collect/ImmutableSortedMap;)Lorg/gradle/internal/execution/history/changes/InputFileChanges; 14 <appendix> member <vmtarget> ; # org/gradle/internal/execution/history/changes/DefaultIncrementalInputProperties$$Lambda+0x0000017939b1efe8
instanceKlass  @bci org/gradle/internal/execution/history/changes/DefaultIncrementalInputProperties nonIncrementalChanges (Lcom/google/common/collect/ImmutableSortedMap;Lcom/google/common/collect/ImmutableSortedMap;)Lorg/gradle/internal/execution/history/changes/InputFileChanges; 16 <appendix> member <vmtarget> ; # org/gradle/internal/execution/history/changes/DefaultIncrementalInputProperties$$Lambda+0x0000017939b1bc00
instanceKlass com/google/common/base/Predicates$CompositionPredicate
instanceKlass  @bci org/gradle/internal/execution/history/changes/DefaultIncrementalInputProperties nonIncrementalChanges (Lcom/google/common/collect/ImmutableSortedMap;Lcom/google/common/collect/ImmutableSortedMap;)Lorg/gradle/internal/execution/history/changes/InputFileChanges; 6 <appendix> member <vmtarget> ; # org/gradle/internal/execution/history/changes/DefaultIncrementalInputProperties$$Lambda+0x0000017939b18d70
instanceKlass org/gradle/internal/execution/history/changes/DefaultIncrementalInputProperties
instanceKlass org/gradle/internal/execution/steps/ResolveChangesStep$1
instanceKlass  @bci org/gradle/api/internal/tasks/execution/TaskExecution$5 visitCollection (Lorg/gradle/api/internal/file/FileCollectionInternal$Source;Ljava/lang/Iterable;)V 6 <appendix> member <vmtarget> ; # org/gradle/api/internal/tasks/execution/TaskExecution$5$$Lambda+0x0000017939b18468
instanceKlass org/gradle/internal/logging/events/StyledTextOutputEvent$Span
instanceKlass org/gradle/internal/logging/events/operations/StyledTextBuildOperationProgressDetails$Span
instanceKlass org/gradle/internal/operations/logging/StyledTextBuildOperationProgressDetails$Span
instanceKlass org/gradle/api/internal/tasks/execution/statistics/TaskExecutionStatisticsEventAdapter$1
instanceKlass  @bci org/gradle/api/internal/tasks/execution/ExecuteActionsTaskExecuter$1 executedIncrementally ()Z 17 <appendix> argL0 ; # org/gradle/api/internal/tasks/execution/ExecuteActionsTaskExecuter$1$$Lambda+0x0000017939b11b60
instanceKlass  @bci org/gradle/api/internal/tasks/execution/ExecuteActionsTaskExecuter$1 executedIncrementally ()Z 9 <appendix> argL0 ; # org/gradle/api/internal/tasks/execution/ExecuteActionsTaskExecuter$1$$Lambda+0x0000017939b11928
instanceKlass org/gradle/api/internal/tasks/execution/ExecuteTaskBuildOperationResult
instanceKlass org/gradle/api/internal/tasks/execution/ExecuteTaskBuildOperationType$Result
instanceKlass org/gradle/api/internal/tasks/execution/ExecuteActionsTaskExecuter$1
instanceKlass  @bci org/gradle/api/internal/changedetection/state/LineEndingNormalizingFileSystemLocationSnapshotHasher hash (Lorg/gradle/internal/snapshot/FileSystemLocationSnapshot;)Lorg/gradle/internal/hash/HashCode; 7 <appendix> member <vmtarget> ; # org/gradle/api/internal/changedetection/state/LineEndingNormalizingFileSystemLocationSnapshotHasher$$Lambda+0x0000017939b11000
instanceKlass org/gradle/api/internal/tasks/execution/ExecuteActionsTaskExecuter$2
instanceKlass  @bci org/gradle/api/internal/tasks/execution/ExecuteActionsTaskExecuter executeIfValid (Lorg/gradle/api/internal/TaskInternal;Lorg/gradle/api/internal/tasks/TaskStateInternal;Lorg/gradle/api/internal/tasks/TaskExecutionContext;Lorg/gradle/api/internal/tasks/execution/TaskExecution;)Lorg/gradle/api/internal/tasks/TaskExecuterResult; 76 <appendix> member <vmtarget> ; # org/gradle/api/internal/tasks/execution/ExecuteActionsTaskExecuter$$Lambda+0x0000017939b13690
instanceKlass  @bci org/gradle/api/internal/tasks/execution/ExecuteActionsTaskExecuter executeIfValid (Lorg/gradle/api/internal/TaskInternal;Lorg/gradle/api/internal/tasks/TaskStateInternal;Lorg/gradle/api/internal/tasks/TaskExecutionContext;Lorg/gradle/api/internal/tasks/execution/TaskExecution;)Lorg/gradle/api/internal/tasks/TaskExecuterResult; 69 <appendix> member <vmtarget> ; # org/gradle/api/internal/tasks/execution/ExecuteActionsTaskExecuter$$Lambda+0x0000017939b131c0
instanceKlass org/gradle/internal/execution/history/impl/DefaultOutputFilesRepository$1
instanceKlass  @bci org/gradle/internal/execution/history/impl/DefaultOutputFilesRepository recordOutputs (Ljava/lang/Iterable;)V 28 <appendix> member <vmtarget> ; # org/gradle/internal/execution/history/impl/DefaultOutputFilesRepository$$Lambda+0x0000017939b12d38
instanceKlass  @bci org/gradle/internal/execution/steps/HandleStaleOutputsStep execute (Lorg/gradle/internal/execution/UnitOfWork;Lorg/gradle/internal/execution/steps/WorkspaceContext;)Lorg/gradle/internal/execution/steps/AfterExecutionResult; 35 <appendix> member <vmtarget> ; # org/gradle/internal/execution/steps/HandleStaleOutputsStep$$Lambda+0x0000017939b12b08
instanceKlass  @bci org/gradle/internal/execution/steps/LoadPreviousExecutionStateStep execute (Lorg/gradle/internal/execution/UnitOfWork;Lorg/gradle/internal/execution/steps/WorkspaceContext;)Lorg/gradle/internal/execution/steps/AfterExecutionResult; 59 <appendix> member <vmtarget> ; # org/gradle/internal/execution/steps/LoadPreviousExecutionStateStep$$Lambda+0x0000017939b128d8
instanceKlass  @bci org/gradle/api/internal/tasks/execution/TaskExecution ensureLegacySnapshottingInputsClosed ()V 9 <appendix> argL0 ; # org/gradle/api/internal/tasks/execution/TaskExecution$$Lambda+0x0000017939b126b0
instanceKlass  @bci org/gradle/internal/execution/steps/SkipUpToDateStep execute (Lorg/gradle/internal/execution/UnitOfWork;Lorg/gradle/internal/execution/steps/IncrementalChangesContext;)Lorg/gradle/internal/execution/steps/UpToDateResult; 60 <appendix> member <vmtarget> ; # org/gradle/internal/execution/steps/SkipUpToDateStep$$Lambda+0x0000017939b12490
instanceKlass  @bci org/gradle/internal/execution/steps/SkipUpToDateStep execute (Lorg/gradle/internal/execution/UnitOfWork;Lorg/gradle/internal/execution/steps/IncrementalChangesContext;)Lorg/gradle/internal/execution/steps/UpToDateResult; 48 <appendix> member <vmtarget> ; # org/gradle/internal/execution/steps/SkipUpToDateStep$$Lambda+0x0000017939b12250
instanceKlass  @bci org/gradle/internal/execution/steps/SkipUpToDateStep execute (Lorg/gradle/internal/execution/UnitOfWork;Lorg/gradle/internal/execution/steps/IncrementalChangesContext;)Lorg/gradle/internal/execution/steps/UpToDateResult; 37 <appendix> member <vmtarget> ; # org/gradle/internal/execution/steps/SkipUpToDateStep$$Lambda+0x0000017939b12000
instanceKlass org/gradle/api/internal/tasks/SnapshotTaskInputsBuildOperationType$Result$InputFilePropertyVisitor
instanceKlass org/gradle/api/internal/tasks/BaseSnapshotInputsBuildOperationResult
instanceKlass org/gradle/api/internal/tasks/SnapshotTaskInputsBuildOperationType$Result
instanceKlass  @bci org/gradle/api/internal/tasks/execution/TaskExecution markLegacySnapshottingInputsFinished (Lorg/gradle/internal/execution/caching/CachingState;)V 11 <appendix> member <vmtarget> ; # org/gradle/api/internal/tasks/execution/TaskExecution$$Lambda+0x0000017939b17438
instanceKlass  @bci org/gradle/internal/execution/steps/AbstractResolveCachingStateStep execute (Lorg/gradle/internal/execution/UnitOfWork;Lorg/gradle/internal/execution/steps/ValidationFinishedContext;)Lorg/gradle/internal/execution/steps/CachingResult; 39 <appendix> member <vmtarget> ; # org/gradle/internal/execution/steps/AbstractResolveCachingStateStep$$Lambda+0x0000017939b17208
instanceKlass  @bci org/gradle/internal/execution/steps/AbstractResolveCachingStateStep execute (Lorg/gradle/internal/execution/UnitOfWork;Lorg/gradle/internal/execution/steps/ValidationFinishedContext;)Lorg/gradle/internal/execution/steps/CachingResult; 33 <appendix> member <vmtarget> ; # org/gradle/internal/execution/steps/AbstractResolveCachingStateStep$$Lambda+0x0000017939b16fd8
instanceKlass org/gradle/internal/execution/caching/CachingState$Enabled
instanceKlass  @bci org/gradle/internal/execution/steps/AbstractResolveCachingStateStep execute (Lorg/gradle/internal/execution/UnitOfWork;Lorg/gradle/internal/execution/steps/ValidationFinishedContext;)Lorg/gradle/internal/execution/steps/CachingResult; 18 <appendix> member <vmtarget> ; # org/gradle/internal/execution/steps/AbstractResolveCachingStateStep$$Lambda+0x0000017939b16ba8
instanceKlass org/gradle/internal/execution/caching/CachingState$CacheKeyCalculatedState
instanceKlass org/gradle/caching/internal/SimpleBuildCacheKey
instanceKlass org/gradle/caching/internal/BuildCacheKeyInternal
instanceKlass  @bci org/gradle/internal/execution/caching/impl/DefaultCachingStateFactory createCachingState (Lorg/gradle/internal/execution/history/BeforeExecutionState;Lorg/gradle/internal/hash/HashCode;Lcom/google/common/collect/ImmutableList;)Lorg/gradle/internal/execution/caching/CachingState; 22 <appendix> member <vmtarget> ; # org/gradle/internal/execution/caching/impl/DefaultCachingStateFactory$$Lambda+0x0000017939b16310
instanceKlass  @bci org/gradle/internal/execution/steps/AbstractResolveCachingStateStep calculateCachingState (Lorg/gradle/internal/execution/UnitOfWork;Lorg/gradle/internal/execution/steps/ValidationFinishedContext;Lorg/gradle/internal/execution/history/BeforeExecutionState;)Lorg/gradle/internal/execution/caching/CachingState; 127 <appendix> member <vmtarget> ; # org/gradle/internal/execution/steps/AbstractResolveCachingStateStep$$Lambda+0x0000017939b160e0
instanceKlass  @bci org/gradle/internal/execution/steps/AbstractResolveCachingStateStep calculateCachingState (Lorg/gradle/internal/execution/UnitOfWork;Lorg/gradle/internal/execution/steps/ValidationFinishedContext;Lorg/gradle/internal/execution/history/BeforeExecutionState;)Lorg/gradle/internal/execution/caching/CachingState; 37 <appendix> member <vmtarget> ; # org/gradle/internal/execution/steps/AbstractResolveCachingStateStep$$Lambda+0x0000017939b15ec0
instanceKlass  @bci org/gradle/internal/execution/steps/ResolveIncrementalCachingStateStep lambda$getPreviousCacheKeyIfApplicable$1 (Lorg/gradle/internal/execution/steps/IncrementalChangesContext;Lorg/gradle/internal/execution/history/changes/ExecutionStateChanges;)Ljava/util/Optional; 13 <appendix> argL0 ; # org/gradle/internal/execution/steps/ResolveIncrementalCachingStateStep$$Lambda+0x0000017939b15c88
instanceKlass  @bci org/gradle/internal/execution/steps/ResolveIncrementalCachingStateStep lambda$getPreviousCacheKeyIfApplicable$1 (Lorg/gradle/internal/execution/steps/IncrementalChangesContext;Lorg/gradle/internal/execution/history/changes/ExecutionStateChanges;)Ljava/util/Optional; 5 <appendix> member <vmtarget> ; # org/gradle/internal/execution/steps/ResolveIncrementalCachingStateStep$$Lambda+0x0000017939b15a38
instanceKlass  @bci org/gradle/internal/execution/steps/ResolveIncrementalCachingStateStep getPreviousCacheKeyIfApplicable (Lorg/gradle/internal/execution/steps/IncrementalChangesContext;)Ljava/util/Optional; 5 <appendix> member <vmtarget> ; # org/gradle/internal/execution/steps/ResolveIncrementalCachingStateStep$$Lambda+0x0000017939b157f8
instanceKlass org/gradle/caching/BuildCacheKey
instanceKlass org/gradle/internal/execution/caching/impl/DefaultCachingStateFactory
instanceKlass  @bci org/gradle/internal/execution/steps/AbstractResolveCachingStateStep execute (Lorg/gradle/internal/execution/UnitOfWork;Lorg/gradle/internal/execution/steps/ValidationFinishedContext;)Lorg/gradle/internal/execution/steps/CachingResult; 7 <appendix> member <vmtarget> ; # org/gradle/internal/execution/steps/AbstractResolveCachingStateStep$$Lambda+0x0000017939b15190
instanceKlass  @bci org/gradle/internal/execution/steps/ResolveChangesStep execute (Lorg/gradle/internal/execution/UnitOfWork;Lorg/gradle/internal/execution/steps/ValidationFinishedContext;)Lorg/gradle/internal/execution/steps/Result; 25 <appendix> member <vmtarget> ; # org/gradle/internal/execution/steps/ResolveChangesStep$$Lambda+0x0000017939b14f70
instanceKlass  @bci org/gradle/internal/execution/steps/ResolveChangesStep execute (Lorg/gradle/internal/execution/UnitOfWork;Lorg/gradle/internal/execution/steps/ValidationFinishedContext;)Lorg/gradle/internal/execution/steps/Result; 16 <appendix> member <vmtarget> ; # org/gradle/internal/execution/steps/ResolveChangesStep$$Lambda+0x0000017939b14d30
instanceKlass  @bci org/gradle/internal/execution/steps/ResolveChangesStep lambda$resolveExecutionStateChanges$6 (Lorg/gradle/internal/execution/steps/ValidationFinishedContext;Lorg/gradle/internal/execution/UnitOfWork;Lorg/gradle/internal/execution/history/BeforeExecutionState;Lorg/gradle/internal/execution/history/changes/IncrementalInputProperties;)Lorg/gradle/internal/execution/history/changes/ExecutionStateChanges; 21 <appendix> member <vmtarget> ; # org/gradle/internal/execution/steps/ResolveChangesStep$$Lambda+0x0000017939b14b10
instanceKlass org/gradle/internal/execution/history/changes/ExecutionStateChanges$1
instanceKlass org/gradle/internal/execution/history/changes/CachingChangeContainer$CachingVisitor
instanceKlass org/gradle/internal/execution/history/changes/DefaultExecutionStateChangeDetector$InputFileChangesWrapper
instanceKlass org/gradle/internal/execution/history/changes/CachingChangeContainer
instanceKlass org/gradle/internal/execution/history/changes/InputFileChanges$1
instanceKlass org/gradle/internal/execution/history/changes/AbstractFingerprintChanges$1
instanceKlass org/gradle/internal/execution/history/changes/SortedMapDiffUtil
instanceKlass org/gradle/internal/execution/history/changes/OutputFileChanges$1
instanceKlass org/gradle/internal/execution/history/changes/SummarizingChangeContainer$ChangeDetectingVisitor
instanceKlass org/gradle/internal/execution/history/changes/MessageCollectingChangeVisitor
instanceKlass org/gradle/internal/execution/history/changes/ErrorHandlingChangeContainer
instanceKlass org/gradle/internal/execution/history/changes/SummarizingChangeContainer
instanceKlass org/gradle/internal/execution/history/changes/OutputFileChanges
instanceKlass  @bci org/gradle/internal/execution/history/changes/ClasspathCompareStrategy <init> ()V 1 <appendix> argL0 ; # org/gradle/internal/execution/history/changes/ClasspathCompareStrategy$$Lambda+0x0000017939b0e880
instanceKlass  @bci java/util/Map$Entry comparingByKey ()Ljava/util/Comparator; 0 <appendix> argL0 ; # java/util/Map$Entry$$Lambda+0x00000179396ddc38
instanceKlass  @bci org/gradle/internal/execution/history/changes/IgnoredPathCompareStrategy <init> ()V 1 <appendix> argL0 ; # org/gradle/internal/execution/history/changes/IgnoredPathCompareStrategy$$Lambda+0x0000017939b0e438
instanceKlass  @cpi org/gradle/internal/execution/history/changes/ClasspathCompareStrategy 75 form vmentry <vmtarget> ; # java/lang/invoke/LambdaForm$DMH+0x0000017939b10000
instanceKlass  @bci org/gradle/api/internal/changedetection/state/DefaultResourceSnapshotterCacheService hashFile (Lorg/gradle/internal/snapshot/FileSystemLocationSnapshot;Lorg/gradle/internal/fingerprint/hashing/FileSystemLocationSnapshotHasher;Lorg/gradle/internal/hash/HashCode;)Lorg/gradle/internal/hash/HashCode; 4 <appendix> member <vmtarget> ; # org/gradle/api/internal/changedetection/state/DefaultResourceSnapshotterCacheService$$Lambda+0x0000017939b0dfe8
instanceKlass  @bci org/gradle/internal/fingerprint/impl/RelativePathFingerprintingStrategy collectFingerprints (Lorg/gradle/internal/snapshot/FileSystemSnapshot;)Ljava/util/Map; 23 <appendix> member <vmtarget> ; # org/gradle/internal/fingerprint/impl/RelativePathFingerprintingStrategy$$Lambda+0x0000017939b0d770
instanceKlass org/gradle/internal/execution/history/changes/TrivialChangeDetector
instanceKlass  @bci org/gradle/internal/execution/history/changes/AbstractFingerprintCompareStrategy <init> (Lorg/gradle/internal/execution/history/changes/CompareStrategy$ChangeDetector;)V 6 <appendix> argL0 ; # org/gradle/internal/execution/history/changes/AbstractFingerprintCompareStrategy$$Lambda+0x0000017939b0d0e0
instanceKlass  @bci org/gradle/internal/execution/history/changes/AbstractFingerprintCompareStrategy <init> (Lorg/gradle/internal/execution/history/changes/CompareStrategy$ChangeDetector;)V 1 <appendix> argL0 ; # org/gradle/internal/execution/history/changes/AbstractFingerprintCompareStrategy$$Lambda+0x0000017939b0cea8
instanceKlass  @bci org/gradle/internal/execution/history/changes/AbsolutePathFingerprintCompareStrategy <init> ()V 5 <appendix> argL0 ; # org/gradle/internal/execution/history/changes/AbsolutePathFingerprintCompareStrategy$$Lambda+0x0000017939b0cc90
instanceKlass org/gradle/internal/execution/history/changes/AbsolutePathChangeDetector$ItemComparator
instanceKlass org/gradle/internal/execution/history/changes/AbsolutePathChangeDetector
instanceKlass org/gradle/internal/execution/history/changes/AbstractFingerprintCompareStrategy$2
instanceKlass org/gradle/internal/execution/history/changes/AbstractFingerprintCompareStrategy$1
instanceKlass org/gradle/internal/execution/history/changes/TrivialChangeDetector$ItemComparator
instanceKlass org/gradle/internal/execution/history/changes/CompareStrategy$ChangeFactory
instanceKlass org/gradle/internal/execution/history/changes/CompareStrategy$ChangeDetector
instanceKlass org/gradle/internal/execution/history/changes/CompareStrategy
instanceKlass org/gradle/internal/execution/history/changes/FingerprintCompareStrategy
instanceKlass org/gradle/internal/execution/history/changes/PropertyDiffListener
instanceKlass org/gradle/internal/execution/history/changes/AbstractFingerprintChanges
instanceKlass org/gradle/internal/execution/history/changes/InputValueChanges
instanceKlass org/gradle/internal/execution/history/changes/PropertyChanges
instanceKlass org/gradle/internal/execution/history/changes/ImplementationChanges
instanceKlass org/gradle/internal/execution/history/changes/DescriptiveChange
instanceKlass org/gradle/internal/execution/history/changes/Change
instanceKlass org/gradle/internal/execution/history/changes/PreviousSuccessChanges
instanceKlass  @bci org/gradle/internal/execution/steps/ResolveChangesStep lambda$resolveExecutionStateChanges$6 (Lorg/gradle/internal/execution/steps/ValidationFinishedContext;Lorg/gradle/internal/execution/UnitOfWork;Lorg/gradle/internal/execution/history/BeforeExecutionState;Lorg/gradle/internal/execution/history/changes/IncrementalInputProperties;)Lorg/gradle/internal/execution/history/changes/ExecutionStateChanges; 10 <appendix> member <vmtarget> ; # org/gradle/internal/execution/steps/ResolveChangesStep$$Lambda+0x0000017939b0a018
instanceKlass  @bci org/gradle/internal/execution/steps/ResolveChangesStep resolveExecutionStateChanges (Lorg/gradle/internal/execution/UnitOfWork;Lorg/gradle/internal/execution/steps/ValidationFinishedContext;Lorg/gradle/internal/execution/history/BeforeExecutionState;)Lorg/gradle/internal/execution/history/changes/ExecutionStateChanges; 35 <appendix> member <vmtarget> ; # org/gradle/internal/execution/steps/ResolveChangesStep$$Lambda+0x0000017939b09df8
instanceKlass  @bci org/gradle/internal/execution/steps/ResolveChangesStep resolveExecutionStateChanges (Lorg/gradle/internal/execution/UnitOfWork;Lorg/gradle/internal/execution/steps/ValidationFinishedContext;Lorg/gradle/internal/execution/history/BeforeExecutionState;)Lorg/gradle/internal/execution/history/changes/ExecutionStateChanges; 21 <appendix> member <vmtarget> ; # org/gradle/internal/execution/steps/ResolveChangesStep$$Lambda+0x0000017939b09bb8
instanceKlass  @bci org/gradle/internal/execution/steps/ResolveChangesStep resolveExecutionStateChanges (Lorg/gradle/internal/execution/UnitOfWork;Lorg/gradle/internal/execution/steps/ValidationFinishedContext;Lorg/gradle/internal/execution/history/BeforeExecutionState;)Lorg/gradle/internal/execution/history/changes/ExecutionStateChanges; 10 <appendix> argL0 ; # org/gradle/internal/execution/steps/ResolveChangesStep$$Lambda+0x0000017939b09980
instanceKlass org/gradle/internal/execution/history/changes/IncrementalInputProperties$1
instanceKlass org/gradle/internal/execution/steps/ResolveChangesStep$2
instanceKlass  @bci org/gradle/internal/execution/steps/ResolveChangesStep execute (Lorg/gradle/internal/execution/UnitOfWork;Lorg/gradle/internal/execution/steps/ValidationFinishedContext;)Lorg/gradle/internal/execution/steps/Result; 7 <appendix> member <vmtarget> ; # org/gradle/internal/execution/steps/ResolveChangesStep$$Lambda+0x0000017939b08ed0
instanceKlass org/gradle/internal/execution/history/changes/ExecutionStateChanges
instanceKlass  @bci org/gradle/internal/execution/steps/BeforeExecutionContext getInputFileProperties ()Lcom/google/common/collect/ImmutableSortedMap; 13 <appendix> member <vmtarget> ; # org/gradle/internal/execution/steps/BeforeExecutionContext$$Lambda+0x0000017939b08ab8
instanceKlass  @bci org/gradle/internal/execution/steps/BeforeExecutionContext getInputFileProperties ()Lcom/google/common/collect/ImmutableSortedMap; 4 <appendix> argL0 ; # org/gradle/internal/execution/steps/BeforeExecutionContext$$Lambda+0x0000017939b08880
instanceKlass  @bci org/gradle/internal/execution/steps/BeforeExecutionContext getInputProperties ()Lcom/google/common/collect/ImmutableSortedMap; 13 <appendix> member <vmtarget> ; # org/gradle/internal/execution/steps/BeforeExecutionContext$$Lambda+0x0000017939b08660
instanceKlass  @bci org/gradle/internal/execution/steps/BeforeExecutionContext getInputProperties ()Lcom/google/common/collect/ImmutableSortedMap; 4 <appendix> argL0 ; # org/gradle/internal/execution/steps/BeforeExecutionContext$$Lambda+0x0000017939b08428
instanceKlass  @bci java/util/stream/Collectors lambda$groupingBy$55 (Ljava/util/function/Function;Ljava/util/Map;)Ljava/util/Map; 2 <appendix> member <vmtarget> ; # java/util/stream/Collectors$$Lambda+0x00000179396dda08
instanceKlass  @bci java/util/stream/Collectors groupingBy (Ljava/util/function/Function;Ljava/util/function/Supplier;Ljava/util/stream/Collector;)Ljava/util/stream/Collector; 84 <appendix> member <vmtarget> ; # java/util/stream/Collectors$$Lambda+0x00000179396dd7c8
instanceKlass  @bci java/util/stream/Collectors mapping (Ljava/util/function/Function;Ljava/util/stream/Collector;)Ljava/util/stream/Collector; 19 <appendix> member <vmtarget> ; # java/util/stream/Collectors$$Lambda+0x00000179396dd598
instanceKlass  @bci org/gradle/internal/execution/impl/DefaultExecutionProblemHandler handleReportedProblems (Lorg/gradle/internal/execution/UnitOfWork$Identity;Lorg/gradle/internal/execution/UnitOfWork;Lorg/gradle/internal/execution/WorkValidationContext;)V 32 <appendix> argL0 ; # org/gradle/internal/execution/impl/DefaultExecutionProblemHandler$$Lambda+0x0000017939b08000
instanceKlass  @bci org/gradle/internal/execution/steps/ValidateStep validateImplementations (Lorg/gradle/internal/execution/UnitOfWork;Lorg/gradle/internal/execution/history/BeforeExecutionState;Lorg/gradle/internal/execution/WorkValidationContext;)V 83 <appendix> member <vmtarget> ; # org/gradle/internal/execution/steps/ValidateStep$$Lambda+0x0000017939b04a30
instanceKlass  @bci org/gradle/internal/execution/steps/ValidateStep validateImplementations (Lorg/gradle/internal/execution/UnitOfWork;Lorg/gradle/internal/execution/history/BeforeExecutionState;Lorg/gradle/internal/execution/WorkValidationContext;)V 67 <appendix> member <vmtarget> ; # org/gradle/internal/execution/steps/ValidateStep$$Lambda+0x0000017939b04800
instanceKlass org/gradle/internal/execution/steps/ValidateStep$1
instanceKlass  @bci org/gradle/internal/execution/steps/ValidateStep execute (Lorg/gradle/internal/execution/UnitOfWork;Lorg/gradle/internal/execution/steps/BeforeExecutionContext;)Lorg/gradle/internal/execution/steps/Result; 25 <appendix> member <vmtarget> ; # org/gradle/internal/execution/steps/ValidateStep$$Lambda+0x0000017939b05b30
instanceKlass  @bci org/gradle/execution/plan/MissingTaskDependencyDetector collectValidationProblemsForProducer (Lorg/gradle/execution/plan/LocalTaskNode;Lorg/gradle/internal/reflect/validation/TypeValidationContext;Ljava/lang/String;Ljava/util/Collection;)V 30 <appendix> member <vmtarget> ; # org/gradle/execution/plan/MissingTaskDependencyDetector$$Lambda+0x0000017939b05900
instanceKlass  @bci org/gradle/execution/plan/MissingTaskDependencyDetector collectValidationProblemsForProducer (Lorg/gradle/execution/plan/LocalTaskNode;Lorg/gradle/internal/reflect/validation/TypeValidationContext;Ljava/lang/String;Ljava/util/Collection;)V 17 <appendix> argL0 ; # org/gradle/execution/plan/MissingTaskDependencyDetector$$Lambda+0x0000017939b056b8
instanceKlass  @bci org/gradle/execution/plan/MissingTaskDependencyDetector collectValidationProblemsForProducer (Lorg/gradle/execution/plan/LocalTaskNode;Lorg/gradle/internal/reflect/validation/TypeValidationContext;Ljava/lang/String;Ljava/util/Collection;)V 7 <appendix> member <vmtarget> ; # org/gradle/execution/plan/MissingTaskDependencyDetector$$Lambda+0x0000017939b05468
instanceKlass  @bci org/gradle/execution/plan/DefaultNodeExecutor lambda$executeLocalTaskNode$1 (Lorg/gradle/execution/plan/Node;Lorg/gradle/execution/plan/MissingTaskDependencyDetector;Lorg/gradle/execution/plan/LocalTaskNode;Lorg/gradle/internal/reflect/validation/TypeValidationContext;)V 10 <appendix> member <vmtarget> ; # org/gradle/execution/plan/DefaultNodeExecutor$$Lambda+0x0000017939b05238
instanceKlass  @bci org/gradle/api/internal/tasks/properties/AbstractValidatingProperty validate (Lorg/gradle/api/internal/tasks/properties/PropertyValidationContext;)V 21 <appendix> member <vmtarget> ; # org/gradle/api/internal/tasks/properties/AbstractValidatingProperty$$Lambda+0x0000017939b05000
instanceKlass org/gradle/api/internal/tasks/properties/DefaultPropertyValidationContext
instanceKlass org/gradle/internal/execution/steps/AbstractCaptureStateBeforeExecutionStep$Operation$Result$1
instanceKlass org/gradle/internal/execution/steps/AbstractCaptureStateBeforeExecutionStep$Operation$Result
instanceKlass  @bci org/gradle/internal/execution/steps/AbstractCaptureStateBeforeExecutionStep captureExecutionStateWithOutputs (Lorg/gradle/internal/execution/UnitOfWork;Lorg/gradle/internal/execution/steps/PreviousExecutionContext;Lcom/google/common/collect/ImmutableSortedMap;Lorg/gradle/internal/execution/history/OverlappingOutputs;)Lorg/gradle/internal/execution/history/BeforeExecutionState; 154 <appendix> member <vmtarget> ; # org/gradle/internal/execution/steps/AbstractCaptureStateBeforeExecutionStep$$Lambda+0x0000017939b07318
instanceKlass  @bci org/gradle/internal/execution/steps/AbstractCaptureStateBeforeExecutionStep captureExecutionStateWithOutputs (Lorg/gradle/internal/execution/UnitOfWork;Lorg/gradle/internal/execution/steps/PreviousExecutionContext;Lcom/google/common/collect/ImmutableSortedMap;Lorg/gradle/internal/execution/history/OverlappingOutputs;)Lorg/gradle/internal/execution/history/BeforeExecutionState; 111 <appendix> argL0 ; # org/gradle/internal/execution/steps/AbstractCaptureStateBeforeExecutionStep$$Lambda+0x0000017939b070e0
instanceKlass  @bci org/gradle/internal/execution/steps/AbstractCaptureStateBeforeExecutionStep captureExecutionStateWithOutputs (Lorg/gradle/internal/execution/UnitOfWork;Lorg/gradle/internal/execution/steps/PreviousExecutionContext;Lcom/google/common/collect/ImmutableSortedMap;Lorg/gradle/internal/execution/history/OverlappingOutputs;)Lorg/gradle/internal/execution/history/BeforeExecutionState; 90 <appendix> argL0 ; # org/gradle/internal/execution/steps/AbstractCaptureStateBeforeExecutionStep$$Lambda+0x0000017939b06ea8
instanceKlass org/gradle/internal/snapshot/impl/SerializedLambdaQueries
instanceKlass org/gradle/internal/execution/steps/AbstractCaptureStateBeforeExecutionStep$ImplementationsBuilder
instanceKlass  @bci org/gradle/internal/execution/steps/CaptureIncrementalStateBeforeExecutionStep detectOverlappingOutputs (Lorg/gradle/internal/execution/UnitOfWork;Lorg/gradle/internal/execution/steps/PreviousExecutionContext;Lcom/google/common/collect/ImmutableSortedMap;)Lorg/gradle/internal/execution/history/OverlappingOutputs; 18 <appendix> argL0 ; # org/gradle/internal/execution/steps/CaptureIncrementalStateBeforeExecutionStep$$Lambda+0x0000017939b06828
instanceKlass org/gradle/internal/execution/steps/AbstractCaptureStateBeforeExecutionStep$Operation$Details$1
instanceKlass org/gradle/internal/execution/steps/AbstractCaptureStateBeforeExecutionStep$Operation$Details
instanceKlass  @bci org/gradle/internal/execution/steps/AbstractCaptureStateBeforeExecutionStep captureExecutionState (Lorg/gradle/internal/execution/UnitOfWork;Lorg/gradle/internal/execution/steps/PreviousExecutionContext;)Lorg/gradle/internal/execution/history/BeforeExecutionState; 4 <appendix> member <vmtarget> ; # org/gradle/internal/execution/steps/AbstractCaptureStateBeforeExecutionStep$$Lambda+0x0000017939b03be0
instanceKlass  @bci org/gradle/internal/execution/steps/AbstractSkipEmptyWorkStep hasEmptySources (Lcom/google/common/collect/ImmutableSortedMap;Lcom/google/common/collect/ImmutableSet;Lorg/gradle/internal/execution/UnitOfWork;)Z 14 <appendix> argL0 ; # org/gradle/internal/execution/steps/AbstractSkipEmptyWorkStep$$Lambda+0x0000017939b03778
instanceKlass  @bci org/gradle/internal/fingerprint/impl/DefaultFileCollectionSnapshotter$SnapshottingVisitor visitFileTree (Ljava/io/File;Lorg/gradle/api/tasks/util/PatternSet;Lorg/gradle/api/internal/file/FileTreeInternal;)V 47 <appendix> member <vmtarget> ; # org/gradle/internal/fingerprint/impl/DefaultFileCollectionSnapshotter$SnapshottingVisitor$$Lambda+0x0000017939b03548
instanceKlass org/gradle/api/internal/file/collections/DirectoryTrees
instanceKlass org/gradle/api/tasks/util/internal/CachingPatternSpecFactory$CachingSpec$1
instanceKlass org/gradle/internal/fingerprint/impl/PatternSetSnapshottingFilter$PathBackedFileTreeElement
# instanceKlass org/gradle/internal/fingerprint/impl/PatternSetSnapshottingFilter$$Lambda+0x0000017939b02c30
instanceKlass  @bci org/gradle/internal/fingerprint/impl/PatternSetSnapshottingFilter getAsDirectoryWalkerPredicate ()Lorg/gradle/internal/snapshot/SnapshottingFilter$DirectoryWalkerPredicate; 10 <appendix> member <vmtarget> ; # org/gradle/internal/fingerprint/impl/PatternSetSnapshottingFilter$$Lambda+0x0000017939b02a10
instanceKlass  @cpi org/gradle/internal/fingerprint/impl/PatternSetSnapshottingFilter 98 form vmentry <vmtarget> ; # java/lang/invoke/LambdaForm$DMH+0x0000017939b04000
instanceKlass org/gradle/internal/snapshot/SnapshottingFilter$DirectoryWalkerPredicate
# instanceKlass org/gradle/internal/vfs/impl/DefaultFileSystemAccess$$Lambda+0x0000017939b023d8
instanceKlass  @bci org/gradle/internal/vfs/impl/DefaultFileSystemAccess read (Ljava/lang/String;Lorg/gradle/internal/snapshot/SnapshottingFilter;)Ljava/util/Optional; 29 <appendix> member <vmtarget> ; # org/gradle/internal/vfs/impl/DefaultFileSystemAccess$$Lambda+0x0000017939b025f8
# instanceKlass org/gradle/internal/vfs/impl/DefaultFileSystemAccess$$Lambda+0x0000017939b02198
instanceKlass  @bci org/gradle/internal/vfs/impl/DefaultFileSystemAccess read (Ljava/lang/String;Lorg/gradle/internal/snapshot/SnapshottingFilter;)Ljava/util/Optional; 21 <appendix> member <vmtarget> ; # org/gradle/internal/vfs/impl/DefaultFileSystemAccess$$Lambda+0x0000017939b01f58
instanceKlass org/gradle/internal/fingerprint/impl/PatternSetSnapshottingFilter
# instanceKlass org/gradle/execution/plan/MissingTaskDependencyDetector$$Lambda+0x0000017939b01ae0
instanceKlass  @bci org/gradle/execution/plan/MissingTaskDependencyDetector collectValidationProblemsForConsumer (Lorg/gradle/execution/plan/LocalTaskNode;Lorg/gradle/internal/reflect/validation/TypeValidationContext;Ljava/lang/String;Ljava/util/Collection;)V 30 <appendix> member <vmtarget> ; # org/gradle/execution/plan/MissingTaskDependencyDetector$$Lambda+0x0000017939b018b0
# instanceKlass org/gradle/execution/plan/MissingTaskDependencyDetector$$Lambda+0x0000017939b01668
instanceKlass  @bci org/gradle/execution/plan/MissingTaskDependencyDetector collectValidationProblemsForConsumer (Lorg/gradle/execution/plan/LocalTaskNode;Lorg/gradle/internal/reflect/validation/TypeValidationContext;Ljava/lang/String;Ljava/util/Collection;)V 17 <appendix> argL0 ; # org/gradle/execution/plan/MissingTaskDependencyDetector$$Lambda+0x0000017939b01420
# instanceKlass org/gradle/execution/plan/MissingTaskDependencyDetector$$Lambda+0x0000017939b011d0
instanceKlass  @bci org/gradle/execution/plan/MissingTaskDependencyDetector collectValidationProblemsForConsumer (Lorg/gradle/execution/plan/LocalTaskNode;Lorg/gradle/internal/reflect/validation/TypeValidationContext;Ljava/lang/String;Ljava/util/Collection;)V 7 <appendix> member <vmtarget> ; # org/gradle/execution/plan/MissingTaskDependencyDetector$$Lambda+0x0000017939b00f80
instanceKlass org/gradle/execution/plan/ExecutionNodeAccessHierarchy$FilteredNodeAccess
instanceKlass org/gradle/api/internal/file/collections/FileTreeAdapter$1
instanceKlass org/gradle/api/internal/file/FileCollectionBackedFileTree$2
# instanceKlass org/gradle/api/internal/tasks/execution/TaskExecution$$Lambda+0x0000017939b00440
instanceKlass  @bci org/gradle/api/internal/tasks/execution/TaskExecution visitRegularInputs (Lorg/gradle/internal/execution/UnitOfWork$InputVisitor;)V 148 <appendix> member <vmtarget> ; # org/gradle/api/internal/tasks/execution/TaskExecution$$Lambda+0x0000017939b00220
# instanceKlass org/gradle/api/internal/tasks/execution/TaskExecution$$Lambda+0x0000017939b00000
instanceKlass  @bci org/gradle/api/internal/tasks/execution/TaskExecution visitRegularInputs (Lorg/gradle/internal/execution/UnitOfWork$InputVisitor;)V 51 <appendix> member <vmtarget> ; # org/gradle/api/internal/tasks/execution/TaskExecution$$Lambda+0x0000017939afdc00
instanceKlass org/gradle/internal/execution/steps/AbstractSkipEmptyWorkStep$1
instanceKlass  @bci org/gradle/internal/execution/steps/AbstractSkipEmptyWorkStep fingerprintPrimaryInputs (Lorg/gradle/internal/execution/UnitOfWork;Lorg/gradle/internal/execution/steps/WorkspaceContext;Lcom/google/common/collect/ImmutableSortedMap;Lcom/google/common/collect/ImmutableSortedMap;)Lorg/gradle/internal/execution/InputFingerprinter$Result; 21 <appendix> member <vmtarget> ; # org/gradle/internal/execution/steps/AbstractSkipEmptyWorkStep$$Lambda+0x0000017939affb10
instanceKlass  @bci org/gradle/internal/execution/steps/SkipEmptyIncrementalWorkStep getKnownInputFileProperties (Lorg/gradle/internal/execution/steps/PreviousExecutionContext;)Lcom/google/common/collect/ImmutableSortedMap; 4 <appendix> argL0 ; # org/gradle/internal/execution/steps/SkipEmptyIncrementalWorkStep$$Lambda+0x0000017939aff8d8
instanceKlass  @bci org/gradle/internal/execution/steps/SkipEmptyIncrementalWorkStep getKnownInputProperties (Lorg/gradle/internal/execution/steps/PreviousExecutionContext;)Lcom/google/common/collect/ImmutableSortedMap; 4 <appendix> argL0 ; # org/gradle/internal/execution/steps/SkipEmptyIncrementalWorkStep$$Lambda+0x0000017939aff6a0
instanceKlass org/gradle/internal/operations/DefaultBuildOperationRunner$3$1
instanceKlass org/gradle/internal/fingerprint/FileCollectionFingerprint$1
instanceKlass org/gradle/internal/operations/DefaultBuildOperationRunner$3
instanceKlass org/gradle/internal/execution/history/impl/AbstractInputExecutionState
instanceKlass org/gradle/internal/execution/history/impl/FileSystemSnapshotSerializer$2
instanceKlass java/util/stream/ReduceOps$5ReducingSink
instanceKlass  @bci java/util/stream/IntPipeline sum ()I 2 <appendix> argL0 ; # java/util/stream/IntPipeline$$Lambda+0x00000179396dcad8
instanceKlass  @bci org/gradle/internal/execution/history/impl/FileSystemSnapshotSerializer toAbsolutePath (Ljava/util/Collection;Ljava/lang/String;)Ljava/lang/String; 17 <appendix> argL0 ; # org/gradle/internal/execution/history/impl/FileSystemSnapshotSerializer$$Lambda+0x0000017939afe430
instanceKlass org/gradle/internal/execution/history/impl/FileSystemSnapshotSerializer$SnapshotStack
instanceKlass org/gradle/internal/execution/history/impl/SerializableFileCollectionFingerprint
instanceKlass org/gradle/internal/execution/history/impl/FingerprintMapSerializer$1
instanceKlass  @bci org/gradle/internal/execution/steps/LoadPreviousExecutionStateStep execute (Lorg/gradle/internal/execution/UnitOfWork;Lorg/gradle/internal/execution/steps/WorkspaceContext;)Lorg/gradle/internal/execution/steps/AfterExecutionResult; 10 <appendix> member <vmtarget> ; # org/gradle/internal/execution/steps/LoadPreviousExecutionStateStep$$Lambda+0x0000017939afa2e0
# instanceKlass org/gradle/internal/execution/steps/HandleStaleOutputsStep$1$$Lambda+0x0000017939af9ec0
instanceKlass  @bci org/gradle/internal/execution/steps/HandleStaleOutputsStep$1 visitOutputProperty (Ljava/lang/String;Lorg/gradle/internal/file/TreeType;Lorg/gradle/internal/execution/UnitOfWork$OutputFileValueSupplier;)V 59 <appendix> member <vmtarget> ; # org/gradle/internal/execution/steps/HandleStaleOutputsStep$1$$Lambda+0x0000017939af9c90
# instanceKlass org/gradle/internal/execution/steps/HandleStaleOutputsStep$1$$Lambda+0x0000017939af9a48
instanceKlass  @bci org/gradle/internal/execution/steps/HandleStaleOutputsStep$1 visitOutputProperty (Ljava/lang/String;Lorg/gradle/internal/file/TreeType;Lorg/gradle/internal/execution/UnitOfWork$OutputFileValueSupplier;)V 40 <appendix> argL0 ; # org/gradle/internal/execution/steps/HandleStaleOutputsStep$1$$Lambda+0x0000017939af9800
# instanceKlass org/gradle/internal/execution/steps/HandleStaleOutputsStep$1$$Lambda+0x0000017939af95b0
instanceKlass  @bci org/gradle/internal/execution/steps/HandleStaleOutputsStep$1 visitOutputProperty (Ljava/lang/String;Lorg/gradle/internal/file/TreeType;Lorg/gradle/internal/execution/UnitOfWork$OutputFileValueSupplier;)V 30 <appendix> member <vmtarget> ; # org/gradle/internal/execution/steps/HandleStaleOutputsStep$1$$Lambda+0x0000017939af9360
instanceKlass java/io/SerialCallbackContext
# instanceKlass org/gradle/internal/execution/steps/HandleStaleOutputsStep$1$$Lambda+0x0000017939af8ec0
instanceKlass  @bci org/gradle/internal/execution/steps/HandleStaleOutputsStep$1 visitOutputProperty (Ljava/lang/String;Lorg/gradle/internal/file/TreeType;Lorg/gradle/internal/execution/UnitOfWork$OutputFileValueSupplier;)V 19 <appendix> member <vmtarget> ; # org/gradle/internal/execution/steps/HandleStaleOutputsStep$1$$Lambda+0x0000017939af9110
instanceKlass com/google/common/collect/Streams
instanceKlass  @bci jdk/internal/reflect/MethodHandleLongFieldAccessorImpl getLong (Ljava/lang/Object;)J 11 <adapter> ; # java/lang/invoke/LambdaForm$MH+0x0000017939afc400
# instanceKlass org/gradle/api/internal/tasks/execution/TaskExecution$$Lambda+0x0000017939af8aa0
instanceKlass  @bci org/gradle/api/internal/tasks/execution/TaskExecution visitOutputs (Ljava/io/File;Lorg/gradle/internal/execution/UnitOfWork$OutputVisitor;)V 65 <appendix> member <vmtarget> ; # org/gradle/api/internal/tasks/execution/TaskExecution$$Lambda+0x0000017939af8880
# instanceKlass java/lang/invoke/LambdaForm$DMH+0x0000017939afc000
instanceKlass org/gradle/internal/execution/steps/HandleStaleOutputsStep$1
# instanceKlass org/gradle/internal/execution/steps/AssignMutableWorkspaceStep$$Lambda+0x0000017939af8418
instanceKlass  @bci org/gradle/internal/execution/steps/AssignMutableWorkspaceStep execute (Lorg/gradle/internal/execution/UnitOfWork;Lorg/gradle/internal/execution/steps/IdentityContext;)Lorg/gradle/internal/execution/steps/WorkspaceResult; 21 <appendix> member <vmtarget> ; # org/gradle/internal/execution/steps/AssignMutableWorkspaceStep$$Lambda+0x0000017939af81f8
instanceKlass org/gradle/internal/execution/workspace/MutableWorkspaceProvider$WorkspaceAction
instanceKlass org/gradle/api/internal/tasks/execution/TaskExecution$4
# instanceKlass org/gradle/api/internal/tasks/execution/TaskExecution$$Lambda+0x0000017939af3a20
instanceKlass  @bci org/gradle/api/internal/tasks/execution/TaskExecution identify (Ljava/util/Map;Ljava/util/Map;)Lorg/gradle/internal/execution/UnitOfWork$Identity; 9 <appendix> member <vmtarget> ; # org/gradle/api/internal/tasks/execution/TaskExecution$$Lambda+0x0000017939af3800
instanceKlass java/io/ObjectStreamClass$ClassDataSlot
instanceKlass org/gradle/api/internal/tasks/execution/TaskExecution$5
instanceKlass java/io/ObjectStreamClass$5
instanceKlass java/io/ObjectStreamClass$4
instanceKlass java/io/ObjectStreamClass$3
# instanceKlass org/gradle/api/internal/tasks/execution/ExecuteActionsTaskExecuter$$Lambda+0x0000017939af7a08
instanceKlass  @bci org/gradle/api/internal/tasks/execution/ExecuteActionsTaskExecuter executeIfValid (Lorg/gradle/api/internal/TaskInternal;Lorg/gradle/api/internal/tasks/TaskStateInternal;Lorg/gradle/api/internal/tasks/TaskExecutionContext;Lorg/gradle/api/internal/tasks/execution/TaskExecution;)Lorg/gradle/api/internal/tasks/TaskExecuterResult; 31 <appendix> member <vmtarget> ; # org/gradle/api/internal/tasks/execution/ExecuteActionsTaskExecuter$$Lambda+0x0000017939af77d8
instanceKlass java/io/ObjectStreamClass$MemberSignature
instanceKlass java/io/ObjectStreamClass$1
instanceKlass org/gradle/api/internal/tasks/execution/TaskExecution$1
instanceKlass java/io/ObjectStreamClass$FieldReflector
instanceKlass org/gradle/api/internal/tasks/properties/PropertyValidationContext
instanceKlass org/gradle/api/internal/tasks/SnapshotTaskInputsBuildOperationType$Details
instanceKlass java/io/ObjectStreamClass$FieldReflectorKey
instanceKlass org/gradle/api/internal/tasks/execution/TaskExecution
instanceKlass java/io/ObjectStreamClass$2
instanceKlass org/gradle/internal/execution/MutableUnitOfWork
instanceKlass java/io/ClassCache
instanceKlass java/io/ObjectStreamClass$Caches
instanceKlass java/io/ObjectStreamClass
instanceKlass org/gradle/api/problems/internal/ProblemTaskIdentityTracker
instanceKlass org/gradle/api/internal/changedetection/changes/DefaultTaskExecutionMode
instanceKlass org/gradle/api/internal/changedetection/TaskExecutionMode
instanceKlass org/gradle/internal/build/event/types/AbstractProgressEvent
instanceKlass org/gradle/internal/build/event/types/DefaultTaskDescriptor
instanceKlass org/gradle/tooling/internal/protocol/events/InternalTaskWithExtraInfoDescriptor
instanceKlass org/gradle/tooling/internal/protocol/events/InternalTaskDescriptor
# instanceKlass org/gradle/tooling/internal/provider/runner/OperationDependenciesResolver$$Lambda+0x0000017939aefb00
instanceKlass  @bci org/gradle/tooling/internal/provider/runner/OperationDependenciesResolver lookupExistingOperationDescriptor (Lorg/gradle/execution/plan/Node;)Lorg/gradle/tooling/internal/protocol/events/InternalOperationDescriptor; 20 <appendix> argL0 ; # org/gradle/tooling/internal/provider/runner/OperationDependenciesResolver$$Lambda+0x0000017939aef8b8
# instanceKlass org/gradle/tooling/internal/provider/runner/OperationDependenciesResolver$$Lambda+0x0000017939aef678
instanceKlass  @bci org/gradle/tooling/internal/provider/runner/OperationDependenciesResolver lookupExistingOperationDescriptor (Lorg/gradle/execution/plan/Node;)Lorg/gradle/tooling/internal/protocol/events/InternalOperationDescriptor; 10 <appendix> member <vmtarget> ; # org/gradle/tooling/internal/provider/runner/OperationDependenciesResolver$$Lambda+0x0000017939aef438
# instanceKlass java/util/stream/Collectors$$Lambda+0x00000179396d9a38
instanceKlass  @bci java/util/stream/Collectors toCollection (Ljava/util/function/Supplier;)Ljava/util/stream/Collector; 10 <appendix> argL0 ; # java/util/stream/Collectors$$Lambda+0x00000179396d97f8
# instanceKlass java/util/stream/Collectors$$Lambda+0x00000179396d95d0
instanceKlass  @bci java/util/stream/Collectors toCollection (Ljava/util/function/Supplier;)Ljava/util/stream/Collector; 5 <appendix> argL0 ; # java/util/stream/Collectors$$Lambda+0x00000179396d93a8
# instanceKlass org/gradle/tooling/internal/provider/runner/OperationDependenciesResolver$$Lambda+0x0000017939aef220
instanceKlass  @bci org/gradle/tooling/internal/provider/runner/OperationDependenciesResolver resolveDependencies (Lorg/gradle/execution/plan/Node;)Ljava/util/Set; 30 <appendix> argL0 ; # org/gradle/tooling/internal/provider/runner/OperationDependenciesResolver$$Lambda+0x0000017939aef008
# instanceKlass org/gradle/tooling/internal/provider/runner/OperationDependenciesResolver$$Lambda+0x0000017939aeedc0
instanceKlass  @bci org/gradle/tooling/internal/provider/runner/OperationDependenciesResolver resolveDependencies (Lorg/gradle/execution/plan/Node;)Ljava/util/Set; 20 <appendix> argL0 ; # org/gradle/tooling/internal/provider/runner/OperationDependenciesResolver$$Lambda+0x0000017939aeeb78
# instanceKlass org/gradle/tooling/internal/provider/runner/OperationDependenciesResolver$$Lambda+0x0000017939aee938
instanceKlass  @bci org/gradle/tooling/internal/provider/runner/OperationDependenciesResolver resolveDependencies (Lorg/gradle/execution/plan/Node;)Ljava/util/Set; 10 <appendix> member <vmtarget> ; # org/gradle/tooling/internal/provider/runner/OperationDependenciesResolver$$Lambda+0x0000017939aee6f8
# instanceKlass org/gradle/tooling/internal/provider/runner/ProgressEventConsumer$$Lambda+0x0000017939aee4a8
instanceKlass  @bci org/gradle/tooling/internal/provider/runner/ProgressEventConsumer findStartedParentId (Lorg/gradle/internal/operations/BuildOperationDescriptor;)Lorg/gradle/internal/operations/OperationIdentifier; 17 <appendix> member <vmtarget> ; # org/gradle/tooling/internal/provider/runner/ProgressEventConsumer$$Lambda+0x0000017939aee258
instanceKlass org/gradle/api/internal/tasks/execution/EventFiringTaskExecuter$1
instanceKlass org/gradle/api/internal/tasks/execution/EventFiringTaskExecuter
instanceKlass org/gradle/api/internal/tasks/execution/CatchExceptionTaskExecuter
instanceKlass org/gradle/api/internal/tasks/execution/SkipOnlyIfTaskExecuter
instanceKlass org/gradle/api/internal/tasks/execution/SkipTaskWithNoActionsExecuter
instanceKlass org/gradle/api/internal/tasks/execution/ResolveTaskExecutionModeExecuter
instanceKlass org/gradle/api/internal/tasks/execution/FinalizePropertiesTaskExecuter
instanceKlass org/gradle/api/internal/tasks/execution/ProblemsTaskPathTrackingTaskExecuter
instanceKlass org/gradle/api/execution/TaskActionListener
instanceKlass org/gradle/api/internal/tasks/TaskExecuterResult
instanceKlass org/gradle/api/internal/tasks/execution/ExecuteActionsTaskExecuter
# instanceKlass java/lang/invoke/LambdaForm$MH+0x0000017939af2800
# instanceKlass java/lang/invoke/LambdaForm$MH+0x0000017939af2400
# instanceKlass java/lang/invoke/LambdaForm$MH+0x0000017939af2000
# instanceKlass java/lang/invoke/LambdaForm$MH+0x0000017939af1c00
# instanceKlass java/lang/invoke/LambdaForm$MH+0x0000017939af1800
# instanceKlass java/lang/invoke/LambdaForm$MH+0x0000017939af1400
# instanceKlass java/lang/invoke/LambdaForm$MH+0x0000017939af1000
# instanceKlass java/lang/invoke/LambdaForm$MH+0x0000017939af0c00
# instanceKlass java/lang/invoke/LambdaForm$MH+0x0000017939af0800
# instanceKlass java/lang/invoke/LambdaForm$MH+0x0000017939af0400
# instanceKlass java/lang/invoke/LambdaForm$MH+0x0000017939af0000
# instanceKlass java/lang/invoke/LambdaForm$MH+0x0000017939aedc00
# instanceKlass java/lang/invoke/LambdaForm$MH+0x0000017939aed800
# instanceKlass java/lang/invoke/LambdaForm$MH+0x0000017939aed400
# instanceKlass java/lang/invoke/LambdaForm$MH+0x0000017939aed000
instanceKlass org/gradle/api/internal/changedetection/changes/DefaultTaskExecutionModeResolver
instanceKlass org/gradle/api/internal/tasks/execution/DefaultTaskCacheabilityResolver
instanceKlass  @bci org/gradle/internal/file/DefaultReservedFileSystemLocationRegistry <init> (Ljava/util/List;)V 24 <appendix> argL0 ; # org/gradle/internal/file/DefaultReservedFileSystemLocationRegistry$$Lambda+0x0000017939aeb108
instanceKlass  @bci org/gradle/internal/file/DefaultReservedFileSystemLocationRegistry <init> (Ljava/util/List;)V 11 <appendix> argL0 ; # org/gradle/internal/file/DefaultReservedFileSystemLocationRegistry$$Lambda+0x0000017939aeaed0
instanceKlass org/gradle/internal/file/DefaultReservedFileSystemLocationRegistry
instanceKlass org/gradle/internal/execution/workspace/MutableWorkspaceProvider
instanceKlass org/gradle/api/internal/artifacts/DefaultDependencyManagementServices$DependencyResolutionScopeServices$1
instanceKlass  @bci org/gradle/api/internal/artifacts/DefaultDependencyManagementServices$DependencyResolutionScopeServices createTransformWorkspaceServices (Lorg/gradle/api/file/ProjectLayout;Lorg/gradle/internal/execution/history/ExecutionHistoryStore;)Lorg/gradle/api/internal/artifacts/transform/MutableTransformWorkspaceServices; 28 <appendix> member <vmtarget> ; # org/gradle/api/internal/artifacts/DefaultDependencyManagementServices$DependencyResolutionScopeServices$$Lambda+0x0000017939ad3c38
instanceKlass  @bci org/gradle/api/internal/artifacts/DefaultDependencyManagementServices$DependencyResolutionScopeServices createTransformWorkspaceServices (Lorg/gradle/api/file/ProjectLayout;Lorg/gradle/internal/execution/history/ExecutionHistoryStore;)Lorg/gradle/api/internal/artifacts/transform/MutableTransformWorkspaceServices; 13 <appendix> argL0 ; # org/gradle/api/internal/artifacts/DefaultDependencyManagementServices$DependencyResolutionScopeServices$$Lambda+0x0000017939ad3a20
instanceKlass org/gradle/internal/snapshot/impl/ImplementationSnapshotSerializer
instanceKlass org/gradle/internal/execution/history/impl/FileSystemSnapshotSerializer
instanceKlass org/gradle/internal/execution/history/impl/FileCollectionFingerprintSerializer
instanceKlass org/gradle/internal/execution/history/PreviousExecutionState
instanceKlass org/gradle/internal/execution/history/impl/DefaultExecutionHistoryStore
# instanceKlass java/lang/invoke/LambdaForm$MH+0x0000017939aecc00
# instanceKlass java/lang/invoke/LambdaForm$MH+0x0000017939aec800
# instanceKlass java/lang/invoke/LambdaForm$MH+0x0000017939aec400
# instanceKlass java/lang/invoke/LambdaForm$MH+0x0000017939aec000
instanceKlass org/gradle/api/internal/changedetection/state/DefaultExecutionHistoryCacheAccess
# instanceKlass org/gradle/execution/plan/DefaultNodeExecutor$$Lambda+0x0000017939ae9420
instanceKlass  @bci org/gradle/execution/plan/DefaultNodeExecutor executeLocalTaskNode (Lorg/gradle/execution/plan/Node;Lorg/gradle/api/internal/tasks/NodeExecutionContext;Lorg/gradle/execution/plan/LocalTaskNode;)V 43 <appendix> member <vmtarget> ; # org/gradle/execution/plan/DefaultNodeExecutor$$Lambda+0x0000017939ae9200
instanceKlass org/gradle/api/internal/tasks/TaskExecutionContext$OutputDependencyCheckAction
instanceKlass org/gradle/api/internal/tasks/execution/DefaultTaskExecutionContext
instanceKlass  @bci org/gradle/execution/plan/ValuedVfsHierarchy visitAllChildren (Ljava/util/function/BiConsumer;)V 10 <appendix> member <vmtarget> ; # org/gradle/execution/plan/ValuedVfsHierarchy$$Lambda+0x0000017939ae8908
instanceKlass  @bci org/gradle/execution/plan/ValuedVfsHierarchy visitAllValues (Lorg/gradle/execution/plan/ValuedVfsHierarchy$ValueVisitor;)V 25 <appendix> member <vmtarget> ; # org/gradle/execution/plan/ValuedVfsHierarchy$$Lambda+0x0000017939ae86d8
instanceKlass  @bci org/gradle/execution/plan/ValuedVfsHierarchy visitAllValues (Lorg/gradle/execution/plan/ValuedVfsHierarchy$ValueVisitor;)V 10 <appendix> member <vmtarget> ; # org/gradle/execution/plan/ValuedVfsHierarchy$$Lambda+0x0000017939ae84a8
instanceKlass org/gradle/execution/plan/ValuedVfsHierarchy$1
instanceKlass  @bci org/gradle/execution/plan/ValuedVfsHierarchy visitValuesRelatedTo (Lorg/gradle/internal/snapshot/VfsRelativePath;Lorg/gradle/execution/plan/ValuedVfsHierarchy$ValueVisitor;)V 6 <appendix> member <vmtarget> ; # org/gradle/execution/plan/ValuedVfsHierarchy$$Lambda+0x0000017939ae8000
instanceKlass  @bci org/gradle/execution/plan/DefaultFinalizedExecutionPlan mutationConflictsWithOtherNodes (Lorg/gradle/execution/plan/Node;Lorg/gradle/execution/plan/MutationInfo;)Z 47 <appendix> member <vmtarget> ; # org/gradle/execution/plan/DefaultFinalizedExecutionPlan$$Lambda+0x0000017939ae0400
instanceKlass  @bci org/gradle/execution/plan/DefaultFinalizedExecutionPlan mutationConflictsWithOtherNodes (Lorg/gradle/execution/plan/Node;Lorg/gradle/execution/plan/MutationInfo;)Z 32 <appendix> argL0 ; # org/gradle/execution/plan/DefaultFinalizedExecutionPlan$$Lambda+0x0000017939ae0c58
instanceKlass  @bci org/gradle/execution/plan/DefaultFinalizedExecutionPlan unlockSharedResourcesFor (Lorg/gradle/execution/plan/Node;)V 4 <appendix> argL0 ; # org/gradle/execution/plan/DefaultFinalizedExecutionPlan$$Lambda+0x0000017939ae0a30
instanceKlass  @bci org/gradle/execution/plan/DefaultFinalizedExecutionPlan finishedExecuting (Lorg/gradle/execution/plan/Node;Ljava/lang/Throwable;)V 132 <appendix> member <vmtarget> ; # org/gradle/execution/plan/DefaultFinalizedExecutionPlan$$Lambda+0x0000017939ae0800
instanceKlass  @bci org/gradle/execution/plan/DefaultFinalizedExecutionPlan updateAllDependenciesCompleteForPredecessors (Lorg/gradle/execution/plan/Node;)V 3 <appendix> member <vmtarget> ; # org/gradle/execution/plan/DefaultFinalizedExecutionPlan$$Lambda+0x0000017939ae1d60
instanceKlass  @bci org/gradle/execution/plan/DefaultFinalizedExecutionPlan finishedExecuting (Lorg/gradle/execution/plan/Node;Ljava/lang/Throwable;)V 82 <appendix> member <vmtarget> ; # org/gradle/execution/plan/DefaultFinalizedExecutionPlan$$Lambda+0x0000017939ae1b30
# instanceKlass org/gradle/execution/plan/DefaultPlanExecutor$ExecutorWorker$$Lambda+0x0000017939ae1910
instanceKlass  @bci org/gradle/execution/plan/DefaultPlanExecutor$ExecutorWorker markFinished (Ljava/lang/Object;Lorg/gradle/execution/plan/WorkSource;Ljava/lang/Throwable;)V 17 <appendix> member <vmtarget> ; # org/gradle/execution/plan/DefaultPlanExecutor$ExecutorWorker$$Lambda+0x0000017939ae16f0
# instanceKlass org/gradle/execution/plan/ResolveMutationsNode$1$$Lambda+0x0000017939ae14c0
instanceKlass  @bci org/gradle/execution/plan/ResolveMutationsNode$1 run (Lorg/gradle/internal/operations/BuildOperationContext;)V 26 <appendix> member <vmtarget> ; # org/gradle/execution/plan/ResolveMutationsNode$1$$Lambda+0x0000017939ae1290
instanceKlass org/gradle/execution/plan/ValuedVfsHierarchy$2
instanceKlass org/gradle/execution/plan/ExecutionNodeAccessHierarchy$DefaultNodeAccess
instanceKlass org/gradle/execution/plan/ExecutionNodeAccessHierarchy$NodeAccess
# instanceKlass org/gradle/execution/plan/ResolveMutationsNode$1$$Lambda+0x0000017939ae3858
instanceKlass  @bci org/gradle/execution/plan/ResolveMutationsNode$1 run (Lorg/gradle/internal/operations/BuildOperationContext;)V 13 <appendix> member <vmtarget> ; # org/gradle/execution/plan/ResolveMutationsNode$1$$Lambda+0x0000017939ae3628
# instanceKlass org/gradle/execution/plan/DefaultNodeValidator$$Lambda+0x0000017939ae33f0
instanceKlass  @bci org/gradle/execution/plan/DefaultNodeValidator getUniqueErrors (Ljava/util/List;)Ljava/util/Set; 16 <appendix> argL0 ; # org/gradle/execution/plan/DefaultNodeValidator$$Lambda+0x0000017939ae31b8
instanceKlass org/gradle/internal/reflect/validation/TypeValidationProblemRenderer
instanceKlass  @bci org/gradle/execution/plan/DefaultNodeValidator getUniqueErrors (Ljava/util/List;)Ljava/util/Set; 6 <appendix> argL0 ; # org/gradle/execution/plan/DefaultNodeValidator$$Lambda+0x0000017939ae2d70
instanceKlass  @bci org/gradle/execution/plan/DefaultNodeValidator logWarnings (Ljava/util/List;)V 16 <appendix> argL0 ; # org/gradle/execution/plan/DefaultNodeValidator$$Lambda+0x0000017939ae2b48
instanceKlass  @bci org/gradle/execution/plan/DefaultNodeValidator logWarnings (Ljava/util/List;)V 6 <appendix> argL0 ; # org/gradle/execution/plan/DefaultNodeValidator$$Lambda+0x0000017939ae2900
instanceKlass org/gradle/api/problems/internal/InternalProblem
instanceKlass org/gradle/api/internal/tasks/properties/InputPropertySpec
instanceKlass org/gradle/api/internal/tasks/properties/ValidationActions$7
instanceKlass  @bci org/gradle/api/internal/tasks/properties/DefaultTaskProperties$ValidationVisitor visitUnpackedOutputFileProperty (Ljava/lang/String;ZLorg/gradle/internal/properties/PropertyValue;Lorg/gradle/api/internal/tasks/properties/OutputFilePropertySpec;)V 16 <appendix> member <vmtarget> ; # org/gradle/api/internal/tasks/properties/DefaultTaskProperties$ValidationVisitor$$Lambda+0x0000017939ae60a8
instanceKlass org/gradle/api/internal/tasks/properties/DefaultTaskProperties$ResolvingValue
instanceKlass org/gradle/api/internal/tasks/properties/AbstractValidatingProperty
instanceKlass org/gradle/api/internal/tasks/properties/ValidatingProperty
instanceKlass org/gradle/api/internal/tasks/properties/LifecycleAwareValue
instanceKlass org/gradle/api/internal/tasks/properties/CacheableOutputFilePropertySpec
instanceKlass  @bci org/gradle/api/internal/tasks/properties/OutputUnpacker visitOutputFileProperty (Ljava/lang/String;ZLorg/gradle/internal/properties/PropertyValue;Lorg/gradle/internal/properties/OutputFilePropertyType;)V 49 <appendix> member <vmtarget> ; # org/gradle/api/internal/tasks/properties/OutputUnpacker$$Lambda+0x0000017939ae4550
instanceKlass org/gradle/api/internal/tasks/properties/AbstractPropertySpec
instanceKlass  @cpi org/gradle/api/internal/tasks/properties/OutputUnpacker 258 form vmentry <vmtarget> ; # java/lang/invoke/LambdaForm$DMH+0x0000017939ae0000
instanceKlass org/gradle/api/internal/tasks/properties/InputFilePropertySpec
instanceKlass org/gradle/api/internal/tasks/properties/OutputFilePropertySpec
instanceKlass org/gradle/api/internal/tasks/properties/FilePropertySpec
instanceKlass org/gradle/api/internal/tasks/properties/CompositePropertyVisitor
instanceKlass org/gradle/api/internal/tasks/properties/DefaultTaskProperties$GetDestroyablesVisitor
instanceKlass org/gradle/api/internal/tasks/properties/DefaultTaskProperties$GetLocalStateVisitor
instanceKlass org/gradle/api/internal/tasks/properties/OutputUnpacker$UnpackedOutputConsumer$1
instanceKlass org/gradle/api/internal/tasks/properties/OutputUnpacker
instanceKlass org/gradle/api/internal/tasks/properties/OutputFilesCollector
instanceKlass org/gradle/api/internal/tasks/properties/ValidationAction
instanceKlass org/gradle/api/internal/tasks/properties/DefaultTaskProperties$ValidationVisitor
instanceKlass org/gradle/api/internal/tasks/properties/GetInputFilesVisitor
instanceKlass org/gradle/api/internal/tasks/properties/GetInputPropertiesVisitor
instanceKlass org/gradle/api/internal/tasks/properties/DefaultTaskProperties
instanceKlass org/gradle/api/internal/tasks/properties/TaskProperties
instanceKlass  @bci org/gradle/internal/execution/impl/DefaultWorkValidationContext forType (Ljava/lang/Class;Z)Lorg/gradle/internal/reflect/validation/TypeValidationContext; 13 <appendix> member <vmtarget> ; # org/gradle/internal/execution/impl/DefaultWorkValidationContext$$Lambda+0x0000017939add208
# instanceKlass org/gradle/internal/execution/impl/DefaultWorkValidationContext$$Lambda+0x0000017939adcfe8
instanceKlass org/gradle/execution/plan/ResolveMutationsNode$ResolveTaskMutationsDetails
instanceKlass org/gradle/api/internal/tasks/execution/ResolveTaskMutationsBuildOperationType$Details
instanceKlass org/gradle/execution/plan/ResolveMutationsNode$1
instanceKlass org/gradle/execution/plan/MissingTaskDependencyDetector
instanceKlass org/gradle/api/internal/tasks/TaskExecuter
instanceKlass org/gradle/internal/file/ReservedFileSystemLocationRegistry
instanceKlass org/gradle/api/internal/changedetection/TaskExecutionModeResolver
instanceKlass org/gradle/api/internal/tasks/execution/TaskCacheabilityResolver
instanceKlass org/gradle/execution/ProjectExecutionServices
instanceKlass org/gradle/execution/ProjectExecutionServiceRegistry$DefaultNodeExecutionContext
# instanceKlass org/gradle/execution/taskgraph/DefaultTaskExecutionGraph$BuildOperationAwareExecutionAction$$Lambda+0x0000017939adb8a8
instanceKlass  @bci org/gradle/execution/taskgraph/DefaultTaskExecutionGraph$BuildOperationAwareExecutionAction execute (Lorg/gradle/execution/plan/Node;)V 9 <appendix> member <vmtarget> ; # org/gradle/execution/taskgraph/DefaultTaskExecutionGraph$BuildOperationAwareExecutionAction$$Lambda+0x0000017939adb688
instanceKlass org/gradle/execution/plan/DefaultPlanExecutor$WorkItem
instanceKlass org/gradle/execution/plan/WorkSource$Selection
instanceKlass  @bci org/gradle/execution/plan/DefaultFinalizedExecutionPlan attemptToStart (Lorg/gradle/execution/plan/Node;Ljava/util/List;)Z 45 <appendix> member <vmtarget> ; # org/gradle/execution/plan/DefaultFinalizedExecutionPlan$$Lambda+0x0000017939ada9e8
instanceKlass  @bci org/gradle/execution/plan/DefaultFinalizedExecutionPlan selectNext ()Lorg/gradle/execution/plan/WorkSource$Selection; 144 <appendix> member <vmtarget> ; # org/gradle/execution/plan/DefaultFinalizedExecutionPlan$$Lambda+0x0000017939ada7b8
# instanceKlass org/gradle/execution/plan/DefaultPlanExecutor$ExecutorWorker$$Lambda+0x0000017939ada148
# instanceKlass org/gradle/execution/plan/DefaultPlanExecutor$ExecutorWorker$$Lambda+0x0000017939ad9f08
# instanceKlass org/gradle/execution/plan/DefaultPlanExecutor$ExecutorWorker$$Lambda+0x0000017939ad9cc8
# instanceKlass org/gradle/execution/plan/DefaultPlanExecutor$ExecutorWorker$$Lambda+0x0000017939ad9a88
# instanceKlass org/gradle/execution/plan/DefaultPlanExecutor$ExecutorWorker$$Lambda+0x0000017939ad9848
# instanceKlass org/gradle/execution/plan/DefaultPlanExecutor$ExecutorWorker$$Lambda+0x0000017939ad9608
# instanceKlass org/gradle/execution/plan/DefaultPlanExecutor$ExecutorWorker$$Lambda+0x0000017939ad93c8
instanceKlass  @bci org/gradle/execution/plan/DefaultPlanExecutor$ExecutorWorker getNextItem (Lorg/gradle/internal/work/WorkerLeaseRegistry$WorkerLease;)Lorg/gradle/execution/plan/DefaultPlanExecutor$WorkItem; 20 <appendix> member <vmtarget> ; # org/gradle/execution/plan/DefaultPlanExecutor$ExecutorWorker$$Lambda+0x0000017939ad9188
instanceKlass org/gradle/execution/plan/DefaultPlanExecutor$ExecutorState$WorkerState
instanceKlass org/gradle/execution/plan/DefaultPlanExecutor$ExecutorWorker
instanceKlass  @bci org/gradle/execution/plan/DefaultPlanExecutor maybeStartWorkers (Lorg/gradle/execution/plan/DefaultPlanExecutor$MergedQueues;Ljava/util/concurrent/Executor;)V 18 <appendix> member <vmtarget> ; # org/gradle/execution/plan/DefaultPlanExecutor$$Lambda+0x0000017939ad8658
instanceKlass  @bci org/gradle/execution/plan/DefaultPlanExecutor$MergedQueues add (Lorg/gradle/execution/plan/DefaultPlanExecutor$PlanDetails;)V 6 <appendix> member <vmtarget> ; # org/gradle/execution/plan/DefaultPlanExecutor$MergedQueues$$Lambda+0x0000017939ad8438
instanceKlass org/gradle/execution/plan/DefaultPlanExecutor$PlanDetails
instanceKlass org/gradle/execution/taskgraph/DefaultTaskExecutionGraph$InvokeNodeExecutorsAction
instanceKlass org/gradle/execution/taskgraph/DefaultTaskExecutionGraph$BuildOperationAwareExecutionAction
instanceKlass  @bci org/gradle/execution/ProjectExecutionServiceRegistry <init> (Lorg/gradle/internal/service/ServiceRegistry;)V 29 <appendix> member <vmtarget> ; # org/gradle/execution/ProjectExecutionServiceRegistry$$Lambda+0x0000017939ac3a60
instanceKlass  @bci org/gradle/execution/SelectedTaskExecutionAction bindAllReferencesOfProject (Lorg/gradle/execution/plan/FinalizedExecutionPlan;)V 20 <appendix> member <vmtarget> ; # org/gradle/execution/SelectedTaskExecutionAction$$Lambda+0x0000017939ac33e8
instanceKlass org/gradle/execution/RunRootBuildWorkBuildOperationType$Details
instanceKlass org/gradle/execution/BuildOperationFiringBuildWorkerExecutor$ExecuteTasks
instanceKlass  @bci org/gradle/internal/model/StateTransitionController tryTransition (Lorg/gradle/internal/model/StateTransitionController$State;Lorg/gradle/internal/model/StateTransitionController$State;Ljava/util/function/Supplier;)Lorg/gradle/internal/build/ExecutionResult; 8 <appendix> member <vmtarget> ; # org/gradle/internal/model/StateTransitionController$$Lambda+0x0000017939ac2d70
instanceKlass  @bci org/gradle/internal/build/DefaultBuildLifecycleController executeTasks (Lorg/gradle/execution/plan/BuildWorkPlan;)Lorg/gradle/internal/build/ExecutionResult; 29 <appendix> member <vmtarget> ; # org/gradle/internal/build/DefaultBuildLifecycleController$$Lambda+0x0000017939ac2b50
instanceKlass  @bci org/gradle/composite/internal/DefaultBuildController doRun ()Lorg/gradle/internal/build/ExecutionResult; 13 <appendix> member <vmtarget> ; # org/gradle/composite/internal/DefaultBuildController$$Lambda+0x0000017939ad3800
instanceKlass  @bci org/gradle/composite/internal/DefaultBuildController$BuildOpRunnable run ()V 8 <appendix> member <vmtarget> ; # org/gradle/composite/internal/DefaultBuildController$BuildOpRunnable$$Lambda+0x0000017939ad7d78
instanceKlass  @bci org/gradle/composite/internal/DefaultBuildControllers awaitCompletion (Ljava/util/concurrent/CountDownLatch;)V 15 <appendix> member <vmtarget> ; # org/gradle/composite/internal/DefaultBuildControllers$$Lambda+0x0000017939ad7b58
instanceKlass org/gradle/composite/internal/DefaultBuildController$BuildOpRunnable
instanceKlass  @bci org/gradle/composite/internal/DefaultBuildControllers execute ()Lorg/gradle/internal/build/ExecutionResult; 70 <appendix> member <vmtarget> ; # org/gradle/composite/internal/DefaultBuildControllers$$Lambda+0x0000017939ad7700
instanceKlass org/gradle/internal/buildtree/BuildOperationFiringBuildTreeWorkExecutor$2
instanceKlass org/gradle/configurationcache/WorkGraphLoadResult
instanceKlass org/gradle/internal/configurationcache/ConfigurationCacheLoadBuildOperationType$Result
instanceKlass org/gradle/internal/cc/impl/DefaultConfigurationCache$LoadResultMetadata
instanceKlass org/gradle/internal/cc/impl/ConfigurationCacheState$calculateRootTaskGraph$1$1
instanceKlass org/gradle/internal/cc/impl/ConfigurationCacheState$calculateRootTaskGraph$1
instanceKlass org/gradle/internal/cc/impl/CachedBuildState
instanceKlass  @bci org/gradle/internal/serialize/codecs/core/WorkNodeCodec readSuccessorReferencesOf (Lorg/gradle/internal/serialize/graph/ReadContext;Lorg/gradle/execution/plan/Node;Lkotlin/jvm/functions/Function1;)V 69 <appendix> member <vmtarget> ; # org/gradle/internal/serialize/codecs/core/WorkNodeCodec$$Lambda+0x0000017939ad5f00
instanceKlass  @bci org/gradle/internal/serialize/codecs/core/WorkNodeCodec readSuccessorReferencesOf (Lorg/gradle/internal/serialize/graph/ReadContext;Lorg/gradle/execution/plan/Node;Lkotlin/jvm/functions/Function1;)V 47 <appendix> member <vmtarget> ; # org/gradle/internal/serialize/codecs/core/WorkNodeCodec$$Lambda+0x0000017939ad5ce0
instanceKlass  @bci org/gradle/internal/serialize/codecs/core/WorkNodeCodec readSuccessorReferencesOf (Lorg/gradle/internal/serialize/graph/ReadContext;Lorg/gradle/execution/plan/Node;Lkotlin/jvm/functions/Function1;)V 35 <appendix> member <vmtarget> ; # org/gradle/internal/serialize/codecs/core/WorkNodeCodec$$Lambda+0x0000017939ad5ac0
instanceKlass  @bci org/gradle/internal/serialize/codecs/core/WorkNodeCodec readSuccessorReferencesOf (Lorg/gradle/internal/serialize/graph/ReadContext;Lorg/gradle/execution/plan/Node;Lkotlin/jvm/functions/Function1;)V 23 <appendix> member <vmtarget> ; # org/gradle/internal/serialize/codecs/core/WorkNodeCodec$$Lambda+0x0000017939ad58a0
instanceKlass  @bci org/gradle/internal/serialize/codecs/core/WorkNodeCodec readSuccessorReferencesOf (Lorg/gradle/internal/serialize/graph/ReadContext;Lorg/gradle/execution/plan/Node;Lkotlin/jvm/functions/Function1;)V 4 <appendix> member <vmtarget> ; # org/gradle/internal/serialize/codecs/core/WorkNodeCodec$$Lambda+0x0000017939ad5680
instanceKlass  @bci org/gradle/internal/serialize/codecs/core/WorkNodeCodec readNodes (Lorg/gradle/internal/serialize/graph/ReadContext;I)Lkotlin/jvm/functions/Function1; 58 <appendix> member <vmtarget> ; # org/gradle/internal/serialize/codecs/core/WorkNodeCodec$$Lambda+0x0000017939ad5460
instanceKlass  @bci org/gradle/internal/serialize/codecs/core/WorkNodeCodec readNodes (Lorg/gradle/internal/serialize/graph/ReadContext;I)Lkotlin/jvm/functions/Function1; 45 <appendix> argL0 ; # org/gradle/internal/serialize/codecs/core/WorkNodeCodec$$Lambda+0x0000017939ad5248
instanceKlass org/gradle/internal/serialize/codecs/core/WorkNodeCodec$readNodeBatchesInParallel$1$1$1$1$1
instanceKlass org/gradle/internal/serialize/codecs/core/TaskNodeCodecKt$WhenMappings
instanceKlass  @bci org/gradle/internal/serialize/codecs/core/TaskNodeCodecKt readInputPropertiesOf (Lorg/gradle/internal/serialize/graph/ReadContext;Lorg/gradle/api/Task;Lkotlin/coroutines/Continuation;)Ljava/lang/Object; 152 <appendix> member <vmtarget> ; # org/gradle/internal/serialize/codecs/core/TaskNodeCodecKt$$Lambda+0x0000017939ad4bd0
instanceKlass  @bci org/gradle/api/internal/tasks/DefaultSourceSet $deserializeLambda$ (Ljava/lang/invoke/SerializedLambda;)Ljava/lang/Object; 140 <appendix> member <vmtarget> ; # org/gradle/api/internal/tasks/DefaultSourceSet$$Lambda+0x0000017939ad4718
instanceKlass  @bci org/gradle/api/tasks/AbstractCopyTask $deserializeLambda$ (Ljava/lang/invoke/SerializedLambda;)Ljava/lang/Object; 174 <appendix> member <vmtarget> ; # org/gradle/api/tasks/AbstractCopyTask$$Lambda+0x0000017939ac2090
instanceKlass org/gradle/internal/serialize/codecs/core/WorkNodeCodec$NodeWithId
instanceKlass kotlin/collections/MapWithDefault
instanceKlass org/gradle/internal/serialize/codecs/core/FilteredFileCollectionSpec
instanceKlass org/gradle/internal/serialize/codecs/core/SubtractingFileCollectionSpec
instanceKlass  @bci org/gradle/jvm/toolchain/internal/DefaultJavaToolchainService $deserializeLambda$ (Ljava/lang/invoke/SerializedLambda;)Ljava/lang/Object; 272 <appendix> member <vmtarget> ; # org/gradle/jvm/toolchain/internal/DefaultJavaToolchainService$$Lambda+0x0000017939acda60
instanceKlass  @bci org/gradle/api/internal/tasks/compile/CompilerForkUtils $deserializeLambda$ (Ljava/lang/invoke/SerializedLambda;)Ljava/lang/Object; 137 <appendix> member <vmtarget> ; # org/gradle/api/internal/tasks/compile/CompilerForkUtils$$Lambda+0x0000017939acd830
instanceKlass org/gradle/internal/serialize/codecs/core/TaskReferenceCodec$WhenMappings
instanceKlass  @bci org/gradle/internal/serialize/codecs/core/TaskNodeCodec$readTask$2 invokeSuspend (Ljava/lang/Object;)Ljava/lang/Object; 151 <appendix> member <vmtarget> ; # org/gradle/internal/serialize/codecs/core/TaskNodeCodec$readTask$2$$Lambda+0x0000017939acc768
instanceKlass  @bci org/gradle/internal/serialize/codecs/core/TaskNodeCodec$readTask$2 invokeSuspend (Ljava/lang/Object;)Ljava/lang/Object; 111 <appendix> member <vmtarget> ; # org/gradle/internal/serialize/codecs/core/TaskNodeCodec$readTask$2$$Lambda+0x0000017939acc548
instanceKlass  @bci org/gradle/internal/serialize/codecs/core/WorkNodeCodec readNodeBatchesInParallel$lambda$1 (Ljava/util/List;Lorg/gradle/internal/serialize/codecs/core/WorkNodeCodec;Lorg/gradle/internal/serialize/graph/ReadContext;Ljava/util/concurrent/atomic/AtomicReference;)Ljava/lang/Iterable; 109 <appendix> member <vmtarget> ; # org/gradle/internal/serialize/codecs/core/WorkNodeCodec$$Lambda+0x0000017939ac7370
instanceKlass  @bci org/gradle/internal/serialize/codecs/core/WorkNodeCodec readNodeBatchesInParallel (Lorg/gradle/internal/serialize/graph/ReadContext;)Lorg/gradle/internal/collect/PersistentList; 150 <appendix> member <vmtarget> ; # org/gradle/internal/serialize/codecs/core/WorkNodeCodec$$Lambda+0x0000017939ac7150
instanceKlass  @bci org/gradle/internal/cc/impl/ConfigurationCacheState readRequiredBuildServicesOf (Lorg/gradle/internal/serialize/graph/ReadContext;Lorg/gradle/api/internal/GradleInternal;Lkotlin/coroutines/Continuation;)Ljava/lang/Object; 94 <appendix> member <vmtarget> ; # org/gradle/internal/cc/impl/ConfigurationCacheState$$Lambda+0x0000017939ac6f30
instanceKlass org/gradle/internal/cc/impl/ConfigurationCacheState$WhenMappings
instanceKlass org/gradle/internal/serialize/codecs/stdlib/CircularReferenceMarker
instanceKlass org/gradle/internal/serialize/beans/services/BeanPropertyReader$attachModelPropertiesOf$1
instanceKlass org/gradle/internal/serialize/graph/CombinatorsKt$reentrant$1$decodeLoop$$inlined$Continuation$1
instanceKlass org/gradle/internal/serialize/graph/DecodeFrame
instanceKlass org/gradle/internal/cc/impl/DefaultConfigurationCacheHost$DefaultConfigurationCacheBuild$createSettings$serviceRegistryFactory$1
instanceKlass org/gradle/internal/cc/impl/DefaultConfigurationCacheHost$DefaultConfigurationCacheBuild
instanceKlass org/gradle/internal/cc/impl/ConfigurationCacheBuild
instanceKlass org/gradle/internal/cc/impl/serialize/ParallelStringDecoder$doReadString$stringOrFutureString$1
instanceKlass  @bci org/gradle/internal/cc/impl/serialize/DefaultSharedObjectDecoder <init> (Lorg/gradle/internal/serialize/graph/CloseableReadContext;)V 63 <appendix> member <vmtarget> ; # org/gradle/internal/cc/impl/serialize/DefaultSharedObjectDecoder$$Lambda+0x0000017939ab8430
instanceKlass java/util/concurrent/atomic/AtomicLongArray
instanceKlass java/util/concurrent/atomic/AtomicIntegerArray
instanceKlass kotlin/reflect/jvm/internal/impl/name/SpecialNames
instanceKlass kotlin/reflect/jvm/internal/impl/builtins/CompanionObjectMapping
instanceKlass kotlin/reflect/jvm/internal/impl/name/FqNamesUtilKt
instanceKlass kotlin/reflect/jvm/internal/impl/utils/CollectionsKt
instanceKlass kotlin/reflect/jvm/internal/impl/builtins/PrimitiveType$Companion
instanceKlass kotlin/reflect/jvm/internal/impl/builtins/PrimitiveType$$Lambda$1
instanceKlass kotlin/reflect/jvm/internal/impl/builtins/PrimitiveType$$Lambda$0
instanceKlass kotlin/reflect/jvm/internal/impl/builtins/StandardNames$FqNames
instanceKlass kotlin/reflect/jvm/internal/impl/builtins/jvm/JavaToKotlinClassMap$PlatformMutabilityMapping
instanceKlass kotlin/reflect/jvm/internal/impl/name/StandardClassIdsKt
instanceKlass kotlin/reflect/jvm/internal/impl/name/StandardClassIds
instanceKlass kotlin/reflect/jvm/internal/impl/builtins/StandardNames
instanceKlass kotlin/reflect/jvm/internal/impl/builtins/functions/FunctionTypeKind
instanceKlass kotlin/reflect/jvm/internal/impl/builtins/jvm/JavaToKotlinClassMap
instanceKlass kotlin/jvm/functions/Function22
instanceKlass kotlin/jvm/functions/Function21
instanceKlass kotlin/jvm/functions/Function20
instanceKlass kotlin/jvm/functions/Function19
instanceKlass kotlin/jvm/functions/Function18
instanceKlass kotlin/jvm/functions/Function17
instanceKlass kotlin/jvm/functions/Function16
instanceKlass kotlin/jvm/functions/Function15
instanceKlass kotlin/jvm/functions/Function14
instanceKlass kotlin/jvm/functions/Function13
instanceKlass kotlin/jvm/functions/Function12
instanceKlass kotlin/jvm/functions/Function11
instanceKlass kotlin/jvm/functions/Function10
instanceKlass kotlin/jvm/functions/Function9
instanceKlass kotlin/jvm/functions/Function8
instanceKlass kotlin/jvm/functions/Function7
instanceKlass kotlin/jvm/functions/Function6
instanceKlass kotlin/jvm/functions/Function5
instanceKlass kotlin/jvm/functions/Function4
instanceKlass kotlin/reflect/jvm/internal/impl/descriptors/runtime/structure/ReflectClassUtilKt
instanceKlass kotlin/reflect/jvm/internal/RuntimeTypeMapper
instanceKlass kotlin/reflect/jvm/internal/KClassImpl$Data$$Lambda$18
instanceKlass kotlin/reflect/jvm/internal/KClassImpl$Data$$Lambda$17
instanceKlass kotlin/reflect/jvm/internal/KClassImpl$Data$$Lambda$16
instanceKlass kotlin/reflect/jvm/internal/KClassImpl$Data$$Lambda$15
instanceKlass kotlin/reflect/jvm/internal/KClassImpl$Data$$Lambda$14
instanceKlass kotlin/reflect/jvm/internal/KClassImpl$Data$$Lambda$13
instanceKlass kotlin/reflect/jvm/internal/KClassImpl$Data$$Lambda$12
instanceKlass kotlin/reflect/jvm/internal/KClassImpl$Data$$Lambda$11
instanceKlass kotlin/reflect/jvm/internal/KClassImpl$Data$$Lambda$10
instanceKlass kotlin/reflect/jvm/internal/KClassImpl$Data$$Lambda$9
instanceKlass kotlin/reflect/jvm/internal/KClassImpl$Data$$Lambda$8
instanceKlass kotlin/reflect/jvm/internal/KClassImpl$Data$$Lambda$7
instanceKlass kotlin/reflect/jvm/internal/KClassImpl$Data$$Lambda$6
instanceKlass kotlin/reflect/jvm/internal/KClassImpl$Data$$Lambda$5
instanceKlass kotlin/reflect/jvm/internal/KClassImpl$Data$$Lambda$4
instanceKlass kotlin/reflect/jvm/internal/KClassImpl$Data$$Lambda$3
instanceKlass kotlin/reflect/jvm/internal/KClassImpl$Data$$Lambda$2
instanceKlass kotlin/reflect/jvm/internal/KClassImpl$Data$$Lambda$1
instanceKlass kotlin/reflect/jvm/internal/KClassImpl$Data$$Lambda$0
instanceKlass kotlin/reflect/jvm/internal/KDeclarationContainerImpl$Data$$Lambda$0
instanceKlass kotlin/reflect/jvm/internal/KDeclarationContainerImpl$Data
instanceKlass org/gradle/internal/cc/impl/serialize/DefaultSharedObjectDecoder
instanceKlass org/gradle/internal/cc/impl/serialize/ParallelStringDecoder$reader$1$1$1
instanceKlass  @bci org/gradle/internal/cc/impl/DefaultConfigurationCacheIO readConfigurationCacheState$lambda$0 (Lorg/gradle/internal/cc/impl/DefaultConfigurationCacheIO;Lorg/gradle/internal/cc/impl/ConfigurationCacheStateFile;Lkotlin/jvm/functions/Function3;Lorg/gradle/internal/serialize/graph/StringDecoder;)Ljava/lang/Object; 14 <appendix> member <vmtarget> ; # org/gradle/internal/cc/impl/DefaultConfigurationCacheIO$$Lambda+0x0000017939ab2800
instanceKlass kotlin/concurrent/ThreadsKt
instanceKlass  @bci org/gradle/internal/cc/impl/serialize/ParallelStringDecoder <init> (Ljava/io/InputStream;)V 29 <appendix> member <vmtarget> ; # org/gradle/internal/cc/impl/serialize/ParallelStringDecoder$$Lambda+0x0000017939ab3cf0
instanceKlass org/gradle/internal/cc/impl/serialize/ParallelStringDecoder
instanceKlass  @bci org/gradle/internal/cc/impl/DefaultConfigurationCacheIO readConfigurationCacheState (Lorg/gradle/internal/cc/impl/ConfigurationCacheStateFile;Lkotlin/jvm/functions/Function3;)Ljava/lang/Object; 5 <appendix> member <vmtarget> ; # org/gradle/internal/cc/impl/DefaultConfigurationCacheIO$$Lambda+0x0000017939ab34e0
instanceKlass  @bci org/gradle/internal/cc/impl/ConfigurationCacheRepository$StoreImpl useForStateLoad (Lorg/gradle/internal/cc/impl/StateType;Lkotlin/jvm/functions/Function1;)Lorg/gradle/internal/cc/impl/ConfigurationCacheStateStore$StateAccessResult; 15 <appendix> member <vmtarget> ; # org/gradle/internal/cc/impl/ConfigurationCacheRepository$StoreImpl$$Lambda+0x0000017939ab3000
instanceKlass  @bci org/gradle/internal/cc/impl/DefaultConfigurationCache loadWorkGraph$lambda$0$0 (Lorg/gradle/internal/cc/impl/DefaultConfigurationCache;ZLorg/gradle/internal/buildtree/BuildTreeWorkGraph;Lkotlin/jvm/functions/Function2;)Lkotlin/Pair; 11 <appendix> member <vmtarget> ; # org/gradle/internal/cc/impl/DefaultConfigurationCache$$Lambda+0x0000017939aafd38
instanceKlass org/gradle/configurationcache/WorkGraphLoadDetails
instanceKlass org/gradle/internal/configurationcache/ConfigurationCacheLoadBuildOperationType$Details
instanceKlass org/gradle/configurationcache/ConfigurationCacheBuildOperationsKt$withWorkGraphLoadOperation$1
instanceKlass  @bci org/gradle/internal/cc/impl/DefaultConfigurationCache loadWorkGraph (Lorg/gradle/internal/buildtree/BuildTreeWorkGraph;Lkotlin/jvm/functions/Function2;Z)Lorg/gradle/internal/buildtree/BuildTreeWorkGraph$FinalizedGraph; 29 <adapter> ; # java/lang/invoke/LambdaForm$MH+0x0000017939ab2000
instanceKlass  @bci org/gradle/internal/cc/impl/DefaultConfigurationCache loadWorkGraph (Lorg/gradle/internal/buildtree/BuildTreeWorkGraph;Lkotlin/jvm/functions/Function2;Z)Lorg/gradle/internal/buildtree/BuildTreeWorkGraph$FinalizedGraph; 29 <appendix> form vmentry <vmtarget> ; # java/lang/invoke/LambdaForm$DMH+0x0000017939ab1c00
instanceKlass  @bci org/gradle/internal/cc/impl/DefaultConfigurationCache loadWorkGraph (Lorg/gradle/internal/buildtree/BuildTreeWorkGraph;Lkotlin/jvm/functions/Function2;Z)Lorg/gradle/internal/buildtree/BuildTreeWorkGraph$FinalizedGraph; 29 <appendix> member <vmtarget> ; # org/gradle/internal/cc/impl/DefaultConfigurationCache$$Lambda+0x0000017939aaf6e0
instanceKlass org/gradle/internal/cc/impl/ConfigurationCacheAwareBuildTreeWorkController$scheduleAndRunRequestedTasks$3
instanceKlass  @bci org/gradle/api/services/internal/RegisteredBuildServiceProvider maybeStop ()V 34 <appendix> member <vmtarget> ; # org/gradle/api/services/internal/RegisteredBuildServiceProvider$$Lambda+0x0000017939ab4ae0
instanceKlass  @bci org/gradle/api/services/internal/RegisteredBuildServiceProvider maybeStop ()V 5 <appendix> member <vmtarget> ; # org/gradle/api/services/internal/RegisteredBuildServiceProvider$$Lambda+0x0000017939ab48b0
instanceKlass  @bci org/gradle/api/services/internal/DefaultBuildServicesRegistry lambda$discardAll$9 (ZLorg/gradle/api/NamedDomainObjectSet;)Ljava/lang/Object; 11 <appendix> member <vmtarget> ; # org/gradle/api/services/internal/DefaultBuildServicesRegistry$$Lambda+0x0000017939ab4680
instanceKlass  @bci org/gradle/api/services/internal/DefaultBuildServicesRegistry discardAll (Z)V 3 <appendix> member <vmtarget> ; # org/gradle/api/services/internal/DefaultBuildServicesRegistry$$Lambda+0x0000017939ab4440
instanceKlass  @bci org/gradle/internal/model/StateTransitionController restart (Lorg/gradle/internal/model/StateTransitionController$State;Lorg/gradle/internal/model/StateTransitionController$State;Ljava/lang/Runnable;)V 8 <appendix> member <vmtarget> ; # org/gradle/internal/model/StateTransitionController$$Lambda+0x0000017939ab4220
instanceKlass  @bci org/gradle/internal/build/DefaultBuildLifecycleController resetModel ()V 11 <appendix> member <vmtarget> ; # org/gradle/internal/build/DefaultBuildLifecycleController$$Lambda+0x0000017939ab4000
instanceKlass  @bci java/util/concurrent/ConcurrentLinkedQueue clear ()V 1 <appendix> argL0 ; # java/util/concurrent/ConcurrentLinkedQueue$$Lambda+0x00000179396d8d48
instanceKlass java/util/concurrent/ConcurrentLinkedQueue$Itr
instanceKlass org/gradle/internal/cc/impl/ConfigurationCacheAwareBuildTreeWorkController$scheduleAndRunRequestedTasks$2
instanceKlass  @bci org/gradle/api/internal/artifacts/DependencyManagementBuildScopeServices$1 beforeModelDiscarded (Lorg/gradle/api/internal/GradleInternal;Z)V 7 <appendix> argL0 ; # org/gradle/api/internal/artifacts/DependencyManagementBuildScopeServices$1$$Lambda+0x0000017939aaf030
# instanceKlass java/lang/invoke/LambdaForm$MH+0x0000017939ab1800
# instanceKlass java/lang/invoke/LambdaForm$MH+0x0000017939ab1400
# instanceKlass java/lang/invoke/LambdaForm$MH+0x0000017939ab1000
# instanceKlass java/lang/invoke/LambdaForm$MH+0x0000017939ab0c00
# instanceKlass java/lang/invoke/LambdaForm$BMH+0x0000017939ab0800
# instanceKlass java/lang/invoke/LambdaForm$DMH+0x0000017939ab0400
# instanceKlass java/lang/invoke/LambdaForm$DMH+0x0000017939ab0000
instanceKlass  @bci org/gradle/internal/build/DefaultBuildLifecycleController fireBeforeModelDiscarded (Z)Lorg/gradle/internal/build/ExecutionResult; 18 <appendix> member <vmtarget> ; # org/gradle/internal/build/DefaultBuildLifecycleController$$Lambda+0x0000017939aabd58
instanceKlass  @bci org/gradle/internal/model/StateTransitionController transition (Ljava/util/List;Lorg/gradle/internal/model/StateTransitionController$State;Ljava/util/function/Function;)Lorg/gradle/internal/build/ExecutionResult; 8 <appendix> member <vmtarget> ; # org/gradle/internal/model/StateTransitionController$$Lambda+0x0000017939aabb38
instanceKlass  @bci org/gradle/internal/build/DefaultBuildLifecycleController beforeModelReset ()Lorg/gradle/internal/build/ExecutionResult; 11 <appendix> member <vmtarget> ; # org/gradle/internal/build/DefaultBuildLifecycleController$$Lambda+0x0000017939aab8f8
instanceKlass org/gradle/internal/cc/impl/ConfigurationCacheAwareBuildTreeWorkController$scheduleAndRunRequestedTasks$1
instanceKlass org/gradle/internal/cc/impl/ConfigurationCacheEntryCollector$1
instanceKlass  @bci org/gradle/internal/cc/impl/DefaultConfigurationCacheIO writeCandidateEntries (Lorg/gradle/internal/cc/impl/ConfigurationCacheStateFile;Ljava/util/List;)V 17 <appendix> argL0 ; # org/gradle/internal/cc/impl/DefaultConfigurationCacheIO$$Lambda+0x0000017939aae700
instanceKlass kotlin/collections/builders/ListBuilder$Itr
instanceKlass kotlin/jvm/internal/markers/KMutableListIterator
instanceKlass kotlin/jvm/internal/markers/KMutableIterator
instanceKlass kotlin/collections/builders/ListBuilderKt
instanceKlass kotlin/collections/builders/ListBuilder$Companion
instanceKlass org/gradle/internal/cc/impl/extensions/ListExtensionsKt
instanceKlass  @bci org/gradle/internal/cc/impl/ConfigurationCacheRepository$WriteableLayout fileForRead (Lorg/gradle/internal/cc/impl/StateType;)Lorg/gradle/internal/cc/impl/ConfigurationCacheRepository$ReadableConfigurationCacheStateFile; 11 <appendix> argL0 ; # org/gradle/internal/cc/impl/ConfigurationCacheRepository$WriteableLayout$$Lambda+0x0000017939aae2e8
instanceKlass  @bci org/gradle/internal/cc/impl/DefaultConfigurationCache updateCandidateEntries (Lkotlin/jvm/functions/Function1;)Lorg/gradle/internal/cc/impl/ConfigurationCacheStateStore$StateAccessResult; 6 <appendix> member <vmtarget> ; # org/gradle/internal/cc/impl/DefaultConfigurationCache$$Lambda+0x0000017939aae0c8
instanceKlass  @bci org/gradle/internal/cc/impl/DefaultConfigurationCache updateMostRecentEntry (Ljava/lang/String;)Lorg/gradle/internal/cc/impl/ConfigurationCacheStateStore$StateAccessResult; 3 <appendix> member <vmtarget> ; # org/gradle/internal/cc/impl/DefaultConfigurationCache$$Lambda+0x0000017939aadea8
instanceKlass org/gradle/internal/serialize/graph/NullClassEncoder
instanceKlass  @bci org/gradle/internal/cc/impl/DefaultConfigurationCacheIO writeCacheEntryDetailsTo (Lorg/gradle/internal/build/BuildStateRegistry;Ljava/util/Map;Ljava/util/Map;Ljava/util/List;Lorg/gradle/internal/cc/impl/ConfigurationCacheStateFile;)V 45 <appendix> argL0 ; # org/gradle/internal/cc/impl/DefaultConfigurationCacheIO$$Lambda+0x0000017939aad588
instanceKlass org/gradle/internal/cc/impl/DefaultConfigurationCacheIO$collectRootDirs$1
instanceKlass sun/nio/fs/WindowsFileCopy
instanceKlass org/gradle/internal/cc/impl/fingerprint/ConfigurationCacheFingerprintWriter$captureBuildSrcPresence$1
instanceKlass  @bci org/gradle/internal/cc/impl/DefaultConfigurationCache commitCacheEntry (Ljava/util/Set;)V 6 <appendix> member <vmtarget> ; # org/gradle/internal/cc/impl/DefaultConfigurationCache$$Lambda+0x0000017939aacac0
instanceKlass org/gradle/internal/cc/impl/DefaultConfigurationCache$ProjectUsage
instanceKlass org/gradle/internal/cc/impl/DefaultConfigurationCache$collectProjectUsage$4
instanceKlass org/gradle/internal/cc/impl/DefaultConfigurationCache$collectProjectUsage$3
instanceKlass org/gradle/internal/cc/impl/DefaultConfigurationCache$collectProjectUsage$2
instanceKlass org/gradle/internal/cc/impl/DefaultConfigurationCache$collectProjectUsage$1
instanceKlass  @bci org/gradle/internal/cc/impl/models/ProjectStateStore <init> (Lorg/gradle/internal/cc/impl/ConfigurationCacheStateStore;Lorg/gradle/internal/cc/impl/StateType;Ljava/lang/String;Lorg/gradle/internal/model/CalculatedValueContainerFactory;)V 52 <appendix> member <vmtarget> ; # org/gradle/internal/cc/impl/models/ProjectStateStore$$Lambda+0x0000017939aa7d80
instanceKlass  @bci org/gradle/execution/plan/DefaultExecutionPlan close ()V 85 <appendix> argL0 ; # org/gradle/execution/plan/DefaultExecutionPlan$$Lambda+0x0000017939aaa5e8
instanceKlass  @bci org/gradle/internal/cc/impl/problems/ConfigurationCacheProblems queryFailure (Lorg/gradle/internal/cc/impl/problems/Summary;Ljava/io/File;)Ljava/lang/Throwable; 37 <appendix> member <vmtarget> ; # org/gradle/internal/cc/impl/problems/ConfigurationCacheProblems$$Lambda+0x0000017939aa7568
instanceKlass org/gradle/internal/cc/impl/problems/Summary
instanceKlass org/gradle/internal/cc/impl/serialize/DefaultSharedObjectCodecKt
instanceKlass  @bci org/gradle/internal/cc/impl/serialize/DefaultSharedObjectEncoder close ()V 7 <appendix> argL0 ; # org/gradle/internal/cc/impl/serialize/DefaultSharedObjectEncoder$$Lambda+0x0000017939aa6f48
instanceKlass org/gradle/internal/serialize/codecs/core/ProviderBackedFileCollectionSpec
instanceKlass org/gradle/internal/cc/impl/ConfigurationCacheState$writeFlowScopeOf$2$1
instanceKlass  @bci org/gradle/internal/serialize/codecs/core/WorkNodeCodec writeNodes (Lorg/gradle/internal/serialize/graph/WriteContext;Ljava/util/List;Lkotlin/jvm/functions/Function1;)Lkotlin/jvm/functions/Function1; 17 <appendix> argL0 ; # org/gradle/internal/serialize/codecs/core/WorkNodeCodec$$Lambda+0x0000017939aa5928
instanceKlass org/gradle/internal/serialize/codecs/core/WorkNodeCodec$PostExecutionNodes
instanceKlass it/unimi/dsi/fastutil/objects/Reference2ObjectMap$FastEntrySet
instanceKlass it/unimi/dsi/fastutil/objects/AbstractReference2ObjectFunction
instanceKlass it/unimi/dsi/fastutil/objects/Reference2ObjectMap
instanceKlass it/unimi/dsi/fastutil/objects/Reference2ObjectFunction
instanceKlass org/gradle/api/file/RelativePath
instanceKlass org/gradle/internal/serialize/codecs/core/RegisteredProperty
instanceKlass org/gradle/internal/serialize/codecs/core/DefaultCopySpecCodec$encode$2$2
instanceKlass org/gradle/internal/serialize/codecs/core/DefaultCopySpecCodec$encode$2$1
instanceKlass  @bci org/gradle/api/internal/tasks/DefaultTaskRequiredServices getElements (Z)Ljava/util/Set; 77 <appendix> member <vmtarget> ; # org/gradle/api/internal/tasks/DefaultTaskRequiredServices$$Lambda+0x0000017939aa8b80
instanceKlass  @bci org/gradle/api/internal/tasks/DefaultTaskRequiredServices getElements (Z)Ljava/util/Set; 61 <appendix> argL0 ; # org/gradle/api/internal/tasks/DefaultTaskRequiredServices$$Lambda+0x0000017939aa8938
instanceKlass  @bci org/gradle/api/internal/tasks/DefaultTaskRequiredServices getElements (Z)Ljava/util/Set; 51 <appendix> argL0 ; # org/gradle/api/internal/tasks/DefaultTaskRequiredServices$$Lambda+0x0000017939aa8700
instanceKlass  @bci org/gradle/api/internal/AbstractTask acceptServiceReferences (Ljava/util/Set;)V 24 <appendix> member <vmtarget> ; # org/gradle/api/internal/AbstractTask$$Lambda+0x0000017939aa84c0
instanceKlass org/gradle/api/internal/tasks/properties/GetServiceReferencesVisitor
instanceKlass  @bci org/gradle/api/internal/file/CompositeFileCollection getSourceCollections ()Ljava/util/List; 11 <appendix> member <vmtarget> ; # org/gradle/api/internal/file/CompositeFileCollection$$Lambda+0x0000017939aa8000
instanceKlass org/gradle/internal/serialize/codecs/core/TaskNodeCodecKt$collectRegisteredOutputsOf$1
instanceKlass org/gradle/internal/serialize/codecs/core/TaskNodeCodecKt$collectRegisteredInputsOf$1
instanceKlass org/gradle/internal/execution/history/changes/InputChangesInternal
instanceKlass org/gradle/internal/serialize/codecs/core/PatternSetCodecKt
instanceKlass org/gradle/api/internal/file/collections/GeneratedSingletonFileTree
instanceKlass org/gradle/api/internal/file/collections/GeneratedFiles
instanceKlass org/gradle/api/internal/file/collections/FilteredMinimalFileTree
instanceKlass org/gradle/api/internal/file/archive/AbstractArchiveFileTree
instanceKlass org/gradle/api/internal/file/collections/MinimalFileTree$MinimalFileTreeStructureVisitor
instanceKlass org/gradle/internal/serialize/codecs/core/FileTreeSpec
instanceKlass org/gradle/internal/serialize/codecs/core/FileTreeCodec$FileTreeVisitor
instanceKlass java/util/EnumSet$SerializationProxy
instanceKlass  @bci io/spring/gradle/dependencymanagement/internal/ImplicitDependencyManagementCollector lambda$execute$0 (Lorg/gradle/api/artifacts/Configuration;Lorg/gradle/api/artifacts/ResolvableDependencies;)V 17 <appendix> member <vmtarget> ; # io/spring/gradle/dependencymanagement/internal/ImplicitDependencyManagementCollector$$Lambda+0x0000017939a5a920
instanceKlass org/gradle/internal/serialize/codecs/core/AbstractVisitor
instanceKlass kotlin/jvm/optionals/OptionalsKt
instanceKlass org/gradle/internal/serialize/codecs/core/TaskNodeCodecKt
instanceKlass org/gradle/internal/cc/base/serialize/ProjectRefKt
instanceKlass org/gradle/internal/serialize/codecs/core/WorkNodeCodec$safeRunnerFor$2$1
instanceKlass  @bci org/gradle/internal/cc/impl/DefaultConfigurationCacheIO$ChildContextSource writeContextFor (Lorg/gradle/internal/serialize/graph/WriteContext;Lorg/gradle/util/Path;)Lorg/gradle/internal/serialize/graph/CloseableWriteContext; 59 <appendix> member <vmtarget> ; # org/gradle/internal/cc/impl/DefaultConfigurationCacheIO$ChildContextSource$$Lambda+0x0000017939a99c00
instanceKlass  @bci org/gradle/internal/serialize/codecs/core/WorkNodeCodec writeNodeBatchesInParallel$lambda$1 (Ljava/util/Map;Lorg/gradle/internal/serialize/codecs/core/WorkNodeCodec;Lorg/gradle/internal/serialize/graph/WriteContext;Lkotlin/jvm/functions/Function1;Ljava/util/concurrent/atomic/AtomicReference;)Ljava/lang/Iterable; 152 <appendix> member <vmtarget> ; # org/gradle/internal/serialize/codecs/core/WorkNodeCodec$$Lambda+0x0000017939a9bdd0
instanceKlass org/gradle/internal/serialize/codecs/core/OperationInfo
instanceKlass org/gradle/internal/serialize/codecs/core/WorkNodeCodecKt$asBuildOperation$1
instanceKlass org/gradle/internal/serialize/codecs/core/WorkNodeCodecKt
instanceKlass  @bci org/gradle/internal/serialize/codecs/core/WorkNodeCodec$runBuildOperations$1$1 execute (Lorg/gradle/internal/operations/BuildOperationQueue;)V 190 <appendix> member <vmtarget> ; # org/gradle/internal/serialize/codecs/core/WorkNodeCodec$runBuildOperations$1$1$$Lambda+0x0000017939a9b318
instanceKlass  @bci org/gradle/internal/operations/DefaultBuildOperationExecutor runAllWithAccessToProjectState (Lorg/gradle/api/Action;Lorg/gradle/internal/operations/BuildOperationConstraint;)V 2 <appendix> argL0 ; # org/gradle/internal/operations/DefaultBuildOperationExecutor$$Lambda+0x0000017939a9cfb0
instanceKlass org/gradle/internal/serialize/codecs/core/WorkNodeCodec$runBuildOperations$1$1
instanceKlass  @bci org/gradle/internal/serialize/codecs/core/WorkNodeCodec runBuildOperations (Lorg/gradle/internal/serialize/graph/IsolateContext;ZLjava/lang/String;Lkotlin/jvm/functions/Function0;)V 40 <adapter> ; # java/lang/invoke/LambdaForm$MH+0x0000017939a99800
# instanceKlass java/lang/invoke/LambdaForm$DMH+0x0000017939a99400
instanceKlass  @bci org/gradle/internal/serialize/codecs/core/WorkNodeCodec runBuildOperations (Lorg/gradle/internal/serialize/graph/IsolateContext;ZLjava/lang/String;Lkotlin/jvm/functions/Function0;)V 40 <appendix> form vmentry <vmtarget> ; # java/lang/invoke/LambdaForm$DMH+0x0000017939a99000
instanceKlass  @bci org/gradle/internal/serialize/codecs/core/WorkNodeCodec runBuildOperations (Lorg/gradle/internal/serialize/graph/IsolateContext;ZLjava/lang/String;Lkotlin/jvm/functions/Function0;)V 40 <appendix> member <vmtarget> ; # org/gradle/internal/serialize/codecs/core/WorkNodeCodec$$Lambda+0x0000017939a9aed8
instanceKlass  @cpi org/gradle/internal/serialize/codecs/core/WorkNodeCodec 1217 form vmentry <vmtarget> ; # java/lang/invoke/LambdaForm$DMH+0x0000017939a98c00
instanceKlass  @bci org/gradle/internal/serialize/codecs/core/WorkNodeCodec writeNodeBatchesInParallel (Lorg/gradle/internal/serialize/graph/WriteContext;Ljava/util/List;Lkotlin/jvm/functions/Function1;)Lorg/gradle/internal/collect/PersistentList; 352 <appendix> member <vmtarget> ; # org/gradle/internal/serialize/codecs/core/WorkNodeCodec$$Lambda+0x0000017939a9acb8
instanceKlass org/gradle/internal/serialize/codecs/core/NodeOwner$Companion
instanceKlass org/gradle/internal/serialize/codecs/core/NodeOwner
instanceKlass  @bci org/gradle/internal/serialize/codecs/core/WorkNodeCodec doWrite (Lorg/gradle/internal/serialize/graph/WriteContext;Lorg/gradle/execution/plan/ScheduledWork;)V 74 <appendix> member <vmtarget> ; # org/gradle/internal/serialize/codecs/core/WorkNodeCodec$$Lambda+0x0000017939a93dc8
instanceKlass org/gradle/internal/serialize/graph/codecs/NotImplementedCodec
instanceKlass org/gradle/internal/serialize/codecs/core/OrdinalNodeCodec
instanceKlass org/gradle/internal/serialize/codecs/core/ActionNodeCodec
instanceKlass org/gradle/internal/serialize/graph/codecs/DelegatingCodec
instanceKlass org/gradle/internal/serialize/codecs/core/TaskNodeCodec
instanceKlass  @bci org/gradle/internal/cc/impl/serialize/DefaultConfigurationCacheCodecs internalTypesCodec ()Lorg/gradle/internal/serialize/graph/Codec; 5 <appendix> member <vmtarget> ; # org/gradle/internal/cc/impl/serialize/DefaultConfigurationCacheCodecs$$Lambda+0x0000017939a93488
instanceKlass org/gradle/internal/serialize/codecs/core/WorkNodeCodec
instanceKlass  @bci org/gradle/normalization/internal/DefaultRuntimeClasspathNormalization$DefaultCachedState isTrivial ()Z 38 <appendix> argL0 ; # org/gradle/normalization/internal/DefaultRuntimeClasspathNormalization$DefaultCachedState$$Lambda+0x0000017939a9c8e8
instanceKlass  @bci org/gradle/normalization/internal/DefaultRuntimeClasspathNormalization$DefaultPropertiesFileFilter getState ()Ljava/util/Map; 24 <appendix> argL0 ; # org/gradle/normalization/internal/DefaultRuntimeClasspathNormalization$DefaultPropertiesFileFilter$$Lambda+0x0000017939a9c6b0
instanceKlass  @bci org/gradle/normalization/internal/DefaultRuntimeClasspathNormalization$DefaultPropertiesFileFilter getState ()Ljava/util/Map; 19 <appendix> argL0 ; # org/gradle/normalization/internal/DefaultRuntimeClasspathNormalization$DefaultPropertiesFileFilter$$Lambda+0x0000017939a9c478
instanceKlass  @bci org/gradle/normalization/internal/DefaultRuntimeClasspathNormalization$DefaultPropertiesFileFilter getFilters ()Ljava/util/Map; 16 <appendix> member <vmtarget> ; # org/gradle/normalization/internal/DefaultRuntimeClasspathNormalization$DefaultPropertiesFileFilter$$Lambda+0x0000017939a9c248
instanceKlass  @bci org/gradle/normalization/internal/DefaultRuntimeClasspathNormalization$EvaluatableFilter lambda$new$1 (Ljava/util/function/Function;Ljava/lang/Object;)Ljava/lang/Object; 10 <appendix> argL0 ; # org/gradle/normalization/internal/DefaultRuntimeClasspathNormalization$EvaluatableFilter$$Lambda+0x0000017939a9c000
instanceKlass org/gradle/normalization/internal/DefaultRuntimeClasspathNormalization$DefaultCachedState
instanceKlass  @bci org/gradle/normalization/internal/DefaultInputNormalizationHandler_Decorated $gradleInit ()V 1 <appendix> member <vmtarget> ; # org/gradle/normalization/internal/DefaultInputNormalizationHandler_Decorated$$Lambda+0x0000017939a97b30
instanceKlass org/gradle/normalization/internal/InputNormalizationHandlerInternal$CachedState
instanceKlass org/gradle/normalization/internal/DefaultInputNormalizationHandler
instanceKlass  @bci org/gradle/normalization/internal/DefaultRuntimeClasspathNormalization_Decorated $gradleInit ()V 1 <appendix> member <vmtarget> ; # org/gradle/normalization/internal/DefaultRuntimeClasspathNormalization_Decorated$$Lambda+0x0000017939a970a0
instanceKlass  @bci org/gradle/normalization/internal/DefaultRuntimeClasspathNormalization$DefaultPropertiesFileFilter <init> ()V 21 <appendix> argL0 ; # org/gradle/normalization/internal/DefaultRuntimeClasspathNormalization$DefaultPropertiesFileFilter$$Lambda+0x0000017939a96e68
instanceKlass  @bci org/gradle/normalization/internal/DefaultRuntimeClasspathNormalization <init> ()V 32 <appendix> argL0 ; # org/gradle/normalization/internal/DefaultRuntimeClasspathNormalization$$Lambda+0x0000017939a96c30
instanceKlass org/gradle/api/internal/changedetection/state/IgnoringResourceEntryFilter
instanceKlass  @bci org/gradle/normalization/internal/DefaultRuntimeClasspathNormalization$EvaluatableFilter <init> (Ljava/util/function/Function;Ljava/lang/Object;)V 15 <appendix> member <vmtarget> ; # org/gradle/normalization/internal/DefaultRuntimeClasspathNormalization$EvaluatableFilter$$Lambda+0x0000017939a967c8
instanceKlass  @bci org/gradle/normalization/internal/DefaultRuntimeClasspathNormalization <init> ()V 17 <appendix> argL0 ; # org/gradle/normalization/internal/DefaultRuntimeClasspathNormalization$$Lambda+0x0000017939a96590
instanceKlass org/gradle/api/internal/changedetection/state/IgnoringResourceFilter
instanceKlass org/gradle/normalization/internal/DefaultRuntimeClasspathNormalization$RuntimeMetaInfNormalization
instanceKlass org/gradle/normalization/PropertiesFileNormalization
instanceKlass org/gradle/normalization/internal/DefaultRuntimeClasspathNormalization$DefaultPropertiesFileFilter
instanceKlass org/gradle/normalization/internal/DefaultRuntimeClasspathNormalization$EvaluatableFilter
instanceKlass org/gradle/normalization/internal/RuntimeClasspathNormalizationInternal$CachedState
instanceKlass org/gradle/normalization/MetaInfNormalization
instanceKlass org/gradle/normalization/internal/DefaultRuntimeClasspathNormalization
instanceKlass org/gradle/internal/cc/impl/CachedProjectState
instanceKlass  @bci org/gradle/api/internal/project/DefaultProjectStateRegistry$DefaultBuildProjectRegistry getAllProjects ()Ljava/util/Set; 4 <appendix> argL0 ; # org/gradle/api/internal/project/DefaultProjectStateRegistry$DefaultBuildProjectRegistry$$Lambda+0x0000017939a94d90
instanceKlass  @bci org/gradle/execution/taskgraph/DefaultTaskExecutionGraph collectScheduledWork ()Lorg/gradle/execution/plan/ScheduledWork; 20 <appendix> member <vmtarget> ; # org/gradle/execution/taskgraph/DefaultTaskExecutionGraph$$Lambda+0x0000017939a94b60
instanceKlass org/gradle/internal/cc/impl/StoredBuildTreeState
instanceKlass org/gradle/internal/cc/impl/BuildToStore
instanceKlass  @bci org/gradle/composite/internal/DefaultIncludedBuildRegistry visitBuilds (Ljava/util/function/Consumer;)V 18 <appendix> argL0 ; # org/gradle/composite/internal/DefaultIncludedBuildRegistry$$Lambda+0x0000017939a919a0
instanceKlass org/gradle/internal/cc/impl/DefaultConfigurationCacheHost$sam$java_util_function_Consumer$0
instanceKlass  @bci org/gradle/internal/cc/impl/ConfigurationCacheState writeBuildsInTree (Lorg/gradle/internal/serialize/graph/WriteContext;Ljava/util/List;Lkotlin/coroutines/Continuation;)Ljava/lang/Object; 269 <appendix> member <vmtarget> ; # org/gradle/internal/cc/impl/ConfigurationCacheState$$Lambda+0x0000017939a91550
instanceKlass  @bci org/gradle/internal/build/event/DefaultBuildEventsListenerRegistry getSubscriptions ()Ljava/util/List; 21 <appendix> argL0 ; # org/gradle/internal/build/event/DefaultBuildEventsListenerRegistry$$Lambda+0x0000017939a94928
instanceKlass org/gradle/internal/build/event/BuildEventListenerRegistryInternal$Subscription
# instanceKlass java/lang/invoke/LambdaForm$MH+0x0000017939a98800
# instanceKlass java/lang/invoke/LambdaForm$MH+0x0000017939a98400
# instanceKlass java/lang/invoke/LambdaForm$MH+0x0000017939a98000
instanceKlass kotlin/jvm/internal/Ref$BooleanRef
instanceKlass org/gradle/internal/serialize/codecs/stdlib/HashSetCodecKt
instanceKlass com/google/common/primitives/Primitives
instanceKlass  @bci kotlin/sequences/SequencesKt___SequencesKt filterNotNull (Lkotlin/sequences/Sequence;)Lkotlin/sequences/Sequence; 7 <appendix> argL0 ; # kotlin/sequences/SequencesKt___SequencesKt$$Lambda+0x0000017939a83680
instanceKlass  @bci org/gradle/internal/serialize/beans/services/BeanSchemaKt conventionAwareFieldsOf (Ljava/lang/Class;)Lkotlin/sequences/Sequence; 27 <appendix> member <vmtarget> ; # org/gradle/internal/serialize/beans/services/BeanSchemaKt$$Lambda+0x0000017939a90488
instanceKlass kotlin/collections/AbstractList$IteratorImpl
instanceKlass org/gradle/internal/cc/impl/ConfigurationCacheState$EntriesMappings
instanceKlass org/gradle/internal/cc/impl/serialize/ParallelStringEncoder$writeString$1
instanceKlass org/gradle/internal/cc/impl/DefaultConfigurationCacheIO$ChildContextSource
instanceKlass org/gradle/internal/serialize/codecs/core/IsolateContextSource
instanceKlass org/gradle/internal/cc/impl/ConfigurationCacheState
instanceKlass  @bci org/gradle/internal/cc/impl/DefaultConfigurationCacheIO writeConfigurationCacheStateWithSpecialEncoders (Lorg/gradle/internal/serialize/graph/SpecialEncoders;Lorg/gradle/internal/cc/impl/ConfigurationCacheStateFile;Lkotlin/jvm/functions/Function3;)Ljava/lang/Object; 1 <appendix> member <vmtarget> ; # org/gradle/internal/cc/impl/DefaultConfigurationCacheIO$$Lambda+0x0000017939a8b430
instanceKlass org/gradle/internal/cc/impl/serialize/DefaultSharedObjectEncoder
instanceKlass  @bci org/gradle/internal/cc/impl/DefaultConfigurationCacheIO sharedObjectEncoderFor (Lorg/gradle/internal/cc/impl/ConfigurationCacheStateFile;Lorg/gradle/internal/cc/impl/ConfigurationCacheStateFile;Lorg/gradle/internal/serialize/graph/StringEncoder;)Lorg/gradle/internal/serialize/graph/SharedObjectEncoder; 28 <appendix> argL0 ; # org/gradle/internal/cc/impl/DefaultConfigurationCacheIO$$Lambda+0x0000017939a8ac30
instanceKlass  @bci org/gradle/internal/cc/impl/DefaultConfigurationCacheIO writeConfigurationCacheState$lambda$0 (Lorg/gradle/internal/cc/impl/DefaultConfigurationCacheIO;Lorg/gradle/internal/cc/impl/ConfigurationCacheStateFile;Lkotlin/jvm/functions/Function3;Lorg/gradle/internal/serialize/graph/StringEncoder;)Ljava/lang/Object; 14 <appendix> member <vmtarget> ; # org/gradle/internal/cc/impl/DefaultConfigurationCacheIO$$Lambda+0x0000017939a8aa10
instanceKlass org/gradle/internal/cc/impl/serialize/ParallelStringEncoder$Companion
instanceKlass org/gradle/internal/cc/impl/serialize/ParallelStringEncoder
instanceKlass  @bci org/gradle/internal/snapshot/AbstractInvalidateChildHandler handleAsDescendantOfChild (Lorg/gradle/internal/snapshot/VfsRelativePath;Ljava/lang/Object;)Lorg/gradle/internal/snapshot/ChildMap; 23 <appendix> member <vmtarget> ; # org/gradle/internal/snapshot/AbstractInvalidateChildHandler$$Lambda+0x0000017939a83208
instanceKlass  @bci org/gradle/internal/snapshot/AbstractInvalidateChildHandler handleAsDescendantOfChild (Lorg/gradle/internal/snapshot/VfsRelativePath;Ljava/lang/Object;)Lorg/gradle/internal/snapshot/ChildMap; 14 <appendix> member <vmtarget> ; # org/gradle/internal/snapshot/AbstractInvalidateChildHandler$$Lambda+0x0000017939a82fc8
instanceKlass kotlin/io/FilePathComponents
instanceKlass  @bci org/gradle/internal/cc/impl/DefaultConfigurationCacheIO writeConfigurationCacheState (Lorg/gradle/internal/cc/impl/ConfigurationCacheStateFile;Lkotlin/jvm/functions/Function3;)Ljava/lang/Object; 5 <appendix> member <vmtarget> ; # org/gradle/internal/cc/impl/DefaultConfigurationCacheIO$$Lambda+0x0000017939a8a000
instanceKlass org/gradle/internal/cc/impl/ConfigurationCacheRepository$WriteableConfigurationCacheStateFile
instanceKlass  @bci org/gradle/internal/cc/impl/ConfigurationCacheRepository$StoreImpl useForStore (Lkotlin/jvm/functions/Function1;)Lorg/gradle/internal/cc/impl/ConfigurationCacheStateStore$StateAccessResult; 19 <appendix> member <vmtarget> ; # org/gradle/internal/cc/impl/ConfigurationCacheRepository$StoreImpl$$Lambda+0x0000017939a5f3a8
instanceKlass  @bci org/gradle/internal/cc/impl/DefaultConfigurationCache runAndStore (Lorg/gradle/internal/cc/impl/StateType;Lkotlin/jvm/functions/Function1;)Lorg/gradle/internal/cc/impl/ConfigurationCacheStateStore$StateAccessResult; 7 <appendix> member <vmtarget> ; # org/gradle/internal/cc/impl/DefaultConfigurationCache$$Lambda+0x0000017939a5f188
instanceKlass  @bci org/gradle/internal/cc/impl/DefaultConfigurationCache saveWorkGraph$lambda$0 (Lorg/gradle/internal/cc/impl/DefaultConfigurationCache;Lorg/gradle/internal/build/BuildState;)Lorg/gradle/configurationcache/WorkGraphStoreResult; 6 <appendix> member <vmtarget> ; # org/gradle/internal/cc/impl/DefaultConfigurationCache$$Lambda+0x0000017939a5ef68
instanceKlass org/gradle/configurationcache/WorkGraphStoreDetails
instanceKlass org/gradle/internal/configurationcache/ConfigurationCacheStoreBuildOperationType$Details
instanceKlass org/gradle/configurationcache/ConfigurationCacheBuildOperationsKt$withWorkGraphStoreOperation$1
instanceKlass  @bci org/gradle/internal/cc/impl/DefaultConfigurationCache saveWorkGraph (Lorg/gradle/internal/build/BuildState;)V 31 <appendix> member <vmtarget> ; # org/gradle/internal/cc/impl/DefaultConfigurationCache$$Lambda+0x0000017939a5e910
instanceKlass org/gradle/configurationcache/WorkGraphStoreResult
instanceKlass org/gradle/internal/configurationcache/ConfigurationCacheStoreBuildOperationType$Result
instanceKlass org/gradle/internal/cc/impl/DefaultConfigurationCacheDegradationController$DegradationDecision$Companion
instanceKlass  @bci org/gradle/internal/cc/impl/DefaultConfigurationCache loadOrScheduleRequestedTasks$lambda$1 (Lkotlin/jvm/functions/Function1;Lorg/gradle/internal/buildtree/BuildTreeWorkGraph;Lorg/gradle/internal/cc/impl/DefaultConfigurationCache;)Lorg/gradle/internal/cc/impl/BuildTreeConfigurationCache$WorkGraphResult; 33 <appendix> member <vmtarget> ; # org/gradle/internal/cc/impl/DefaultConfigurationCache$$Lambda+0x0000017939a5e2d0
instanceKlass org/gradle/composite/internal/DefaultIncludedBuildTaskGraph$DefaultBuildTreeWorkGraph$1$1
instanceKlass org/gradle/internal/taskgraph/CalculateTreeTaskGraphBuildOperationType$Result
instanceKlass org/gradle/api/internal/provider/ValueSupplier$TaskProducer
instanceKlass  @bci org/gradle/api/tasks/Delete_Decorated $gradleInit ()V 1 <appendix> member <vmtarget> ; # org/gradle/api/tasks/Delete_Decorated$$Lambda+0x0000017939a82338
instanceKlass org/gradle/execution/taskgraph/NotifyTaskGraphWhenReadyBuildOperationType$1
instanceKlass org/gradle/execution/taskgraph/NotifyTaskGraphWhenReadyBuildOperationType$Result
instanceKlass org/gradle/execution/taskgraph/NotifyTaskGraphWhenReadyBuildOperationType
instanceKlass org/gradle/api/file/ExpandDetails
# instanceKlass java/lang/invoke/LambdaForm$MH+0x0000017939a88c00
# instanceKlass java/lang/invoke/LambdaForm$MH+0x0000017939a88800
# instanceKlass java/lang/invoke/LambdaForm$MH+0x0000017939a88400
# instanceKlass java/lang/invoke/LambdaForm$MH+0x0000017939a88000
# instanceKlass java/lang/invoke/LambdaForm$MH+0x0000017939a87c00
# instanceKlass java/lang/invoke/LambdaForm$MH+0x0000017939a87800
# instanceKlass java/lang/invoke/LambdaForm$MH+0x0000017939a87400
# instanceKlass java/lang/invoke/LambdaForm$MH+0x0000017939a87000
# instanceKlass java/lang/invoke/LambdaForm$DMH+0x0000017939a86c00
# instanceKlass java/lang/invoke/LambdaForm$MH+0x0000017939a86800
# instanceKlass java/lang/invoke/LambdaForm$MH+0x0000017939a86400
# instanceKlass java/lang/invoke/LambdaForm$MH+0x0000017939a86000
# instanceKlass java/lang/invoke/LambdaForm$MH+0x0000017939a85c00
# instanceKlass java/lang/invoke/LambdaForm$MH+0x0000017939a85800
# instanceKlass java/lang/invoke/LambdaForm$MH+0x0000017939a85400
# instanceKlass java/lang/invoke/LambdaForm$MH+0x0000017939a85000
# instanceKlass java/lang/invoke/LambdaForm$MH+0x0000017939a84c00
# instanceKlass java/lang/invoke/LambdaForm$MH+0x0000017939a84800
# instanceKlass java/lang/invoke/LambdaForm$MH+0x0000017939a84400
# instanceKlass java/lang/invoke/LambdaForm$MH+0x0000017939a84000
instanceKlass  @bci org/gradle/configuration/internal/DefaultListenerBuildOperationDecorator$BuildOperationEmittingClosure$1 run (Lorg/gradle/internal/operations/BuildOperationContext;)V 13 <appendix> member <vmtarget> ; # org/gradle/configuration/internal/DefaultListenerBuildOperationDecorator$BuildOperationEmittingClosure$1$$Lambda+0x0000017939a808a0
instanceKlass org/gradle/execution/taskgraph/DefaultTaskExecutionGraph$NotifyTaskGraphWhenReadyDetails
instanceKlass org/gradle/execution/taskgraph/NotifyTaskGraphWhenReadyBuildOperationType$Details
instanceKlass org/gradle/execution/taskgraph/DefaultTaskExecutionGraph$NotifyTaskGraphWhenReady
instanceKlass  @bci org/gradle/execution/taskgraph/DefaultTaskExecutionGraph fireWhenReady ()V 15 <appendix> member <vmtarget> ; # org/gradle/execution/taskgraph/DefaultTaskExecutionGraph$$Lambda+0x0000017939a7b6d8
instanceKlass it/unimi/dsi/fastutil/objects/ObjectOpenHashSet$SetIterator
instanceKlass  @bci org/gradle/execution/plan/DefaultFinalizedExecutionPlan <init> (Ljava/lang/String;Lorg/gradle/execution/plan/OrdinalNodeAccess;Lorg/gradle/execution/plan/ExecutionNodeAccessHierarchy;Lorg/gradle/execution/plan/ExecutionNodeAccessHierarchy;Lorg/gradle/internal/resources/ResourceLockCoordinationService;Ljava/util/List;ZLorg/gradle/execution/plan/QueryableExecutionPlan;Ljava/util/function/Consumer;)V 217 <appendix> member <vmtarget> ; # org/gradle/execution/plan/DefaultFinalizedExecutionPlan$$Lambda+0x0000017939a7b250
instanceKlass  @bci org/gradle/execution/plan/DefaultFinalizedExecutionPlan <init> (Ljava/lang/String;Lorg/gradle/execution/plan/OrdinalNodeAccess;Lorg/gradle/execution/plan/ExecutionNodeAccessHierarchy;Lorg/gradle/execution/plan/ExecutionNodeAccessHierarchy;Lorg/gradle/internal/resources/ResourceLockCoordinationService;Ljava/util/List;ZLorg/gradle/execution/plan/QueryableExecutionPlan;Ljava/util/function/Consumer;)V 50 <appendix> member <vmtarget> ; # org/gradle/execution/plan/DefaultFinalizedExecutionPlan$$Lambda+0x0000017939a7fdd0
instanceKlass org/gradle/execution/plan/DefaultFinalizedExecutionPlan$ExecutionQueue
instanceKlass org/gradle/execution/plan/DefaultFinalizedExecutionPlan$1
instanceKlass org/gradle/execution/plan/DefaultFinalizedExecutionPlan
instanceKlass  @bci org/gradle/execution/plan/DefaultExecutionPlan onComplete (Ljava/util/function/Consumer;)V 8 <appendix> member <vmtarget> ; # org/gradle/execution/plan/DefaultExecutionPlan$$Lambda+0x0000017939a7f5d0
instanceKlass  @bci org/gradle/internal/build/DefaultBuildLifecycleController finalizeWorkGraph (Lorg/gradle/execution/plan/BuildWorkPlan;)V 26 <appendix> member <vmtarget> ; # org/gradle/internal/build/DefaultBuildLifecycleController$$Lambda+0x0000017939a7f3b0
instanceKlass org/gradle/internal/build/BuildOperationFiringBuildWorkPreparer$PopulateWorkGraph$CalculateTaskGraphResult
instanceKlass org/gradle/internal/taskgraph/CalculateTaskGraphBuildOperationType$Result
instanceKlass  @bci org/gradle/internal/build/PlannedNodeGraph$Collector getNodeIdentityOrNull (Lorg/gradle/execution/plan/Node;)Lorg/gradle/internal/taskgraph/NodeIdentity; 26 <appendix> member <vmtarget> ; # org/gradle/internal/build/PlannedNodeGraph$Collector$$Lambda+0x0000017939a7ed00
instanceKlass org/gradle/execution/plan/ToPlannedTaskConverter$PlannedTaskIdentity
instanceKlass org/gradle/initialization/DefaultPlannedTask
instanceKlass org/gradle/internal/taskgraph/CalculateTaskGraphBuildOperationType$PlannedTask
instanceKlass org/gradle/internal/build/PlannedNodeGraph
instanceKlass  @bci org/gradle/internal/build/PlannedNodeGraph$Collector findNodeDependencies (Lorg/gradle/execution/plan/Node;)Ljava/util/List; 6 <appendix> member <vmtarget> ; # org/gradle/internal/build/PlannedNodeGraph$Collector$$Lambda+0x0000017939a7e1b0
instanceKlass org/gradle/internal/build/PlannedNodeGraph$IdentityProvider
instanceKlass  @bci org/gradle/internal/build/PlannedNodeGraph$Collector findNodeDependencies (Lorg/gradle/execution/plan/Node;)Ljava/util/List; 0 <appendix> argL0 ; # org/gradle/internal/build/PlannedNodeGraph$Collector$$Lambda+0x0000017939a7dda0
instanceKlass org/gradle/internal/build/PlannedNodeGraph$DependencyTraverser
instanceKlass  @bci org/gradle/execution/plan/ToPlannedNodeConverterRegistry getConverter (Lorg/gradle/execution/plan/Node;)Lorg/gradle/execution/plan/ToPlannedNodeConverter; 11 <appendix> member <vmtarget> ; # org/gradle/execution/plan/ToPlannedNodeConverterRegistry$$Lambda+0x0000017939a7d968
instanceKlass  @bci org/gradle/internal/build/BuildOperationFiringBuildWorkPreparer$PopulateWorkGraph computePlannedNodeGraph (Lorg/gradle/execution/plan/QueryableExecutionPlan$ScheduledNodes;)Lorg/gradle/internal/build/PlannedNodeGraph; 14 <appendix> member <vmtarget> ; # org/gradle/internal/build/BuildOperationFiringBuildWorkPreparer$PopulateWorkGraph$$Lambda+0x0000017939a7d738
instanceKlass  @bci org/gradle/execution/plan/ToPlannedNodeConverterRegistry getConvertedNodeTypes ()Ljava/util/Set; 9 <appendix> argL0 ; # org/gradle/execution/plan/ToPlannedNodeConverterRegistry$$Lambda+0x0000017939a7ced8
instanceKlass org/gradle/internal/build/PlannedNodeGraph$Collector
instanceKlass  @bci org/gradle/execution/plan/DetermineExecutionPlanAction createOrdinalRelationships (Lorg/gradle/execution/plan/Node;Lcom/google/common/collect/ImmutableList$Builder;)V 85 <appendix> member <vmtarget> ; # org/gradle/execution/plan/DetermineExecutionPlanAction$$Lambda+0x0000017939a7c658
instanceKlass org/gradle/execution/plan/DetermineExecutionPlanAction$TaskClassifier
instanceKlass  @bci org/gradle/execution/plan/DetermineExecutionPlanAction removeShouldRunAfterSuccessorsIfTheyImposeACycle (Lorg/gradle/execution/plan/TaskNode;I)V 6 <appendix> member <vmtarget> ; # org/gradle/execution/plan/DetermineExecutionPlanAction$$Lambda+0x0000017939a779c8
instanceKlass  @cpi org/gradle/execution/plan/DetermineExecutionPlanAction 673 form vmentry <vmtarget> ; # java/lang/invoke/LambdaForm$DMH+0x0000017939a7ac00
instanceKlass org/gradle/execution/plan/DetermineExecutionPlanAction$NodeInVisitingSegment
instanceKlass org/gradle/execution/plan/DetermineExecutionPlanAction
instanceKlass  @bci org/gradle/execution/TaskNameResolvingBuildTaskScheduler validateCompatibleTasksRequested (Lorg/gradle/execution/plan/ExecutionPlan;)V 26 <appendix> argL0 ; # org/gradle/execution/TaskNameResolvingBuildTaskScheduler$$Lambda+0x0000017939a76908
instanceKlass org/gradle/api/internal/provider/MergeProvider$MergeValueProducer
instanceKlass  @bci org/gradle/api/plugins/internal/JvmPluginsHelper computeTargetCompatibilityConvention (Lorg/gradle/api/plugins/internal/DefaultJavaPluginExtension;Lorg/gradle/api/tasks/compile/AbstractCompile;Ljava/util/function/BiFunction;)Lorg/gradle/api/JavaVersion; 25 <appendix> member <vmtarget> ; # org/gradle/api/plugins/internal/JvmPluginsHelper$$Lambda+0x0000017939a5dea8
instanceKlass  @bci org/gradle/api/plugins/internal/JvmPluginsHelper computeSourceCompatibilityConvention (Lorg/gradle/api/plugins/internal/DefaultJavaPluginExtension;Ljava/util/function/BiFunction;)Lorg/gradle/api/JavaVersion; 11 <appendix> member <vmtarget> ; # org/gradle/api/plugins/internal/JvmPluginsHelper$$Lambda+0x0000017939a5dc88
instanceKlass  @bci org/gradle/api/plugins/jvm/internal/DefaultJvmLanguageUtilities getMaxTargetJvmVersion (Ljava/util/Set;)Lorg/gradle/api/internal/provider/ProviderInternal; 59 <appendix> argL0 ; # org/gradle/api/plugins/jvm/internal/DefaultJvmLanguageUtilities$$Lambda+0x0000017939a5da70
instanceKlass  @bci org/gradle/api/plugins/jvm/internal/DefaultJvmLanguageUtilities lambda$getMaxTargetJvmVersion$3 (Lorg/gradle/api/tasks/TaskProvider;)Lorg/gradle/api/provider/Provider; 1 <appendix> argL0 ; # org/gradle/api/plugins/jvm/internal/DefaultJvmLanguageUtilities$$Lambda+0x0000017939a5d858
instanceKlass  @bci org/gradle/api/plugins/jvm/internal/DefaultJvmLanguageUtilities getMaxTargetJvmVersion (Ljava/util/Set;)Lorg/gradle/api/internal/provider/ProviderInternal; 29 <appendix> argL0 ; # org/gradle/api/plugins/jvm/internal/DefaultJvmLanguageUtilities$$Lambda+0x0000017939a5d620
# instanceKlass java/lang/invoke/LambdaForm$MH+0x0000017939a7a800
# instanceKlass java/lang/invoke/LambdaForm$MH+0x0000017939a7a400
# instanceKlass java/lang/invoke/LambdaForm$MH+0x0000017939a7a000
# instanceKlass java/lang/invoke/LambdaForm$MH+0x0000017939a79c00
# instanceKlass java/lang/invoke/LambdaForm$MH+0x0000017939a79800
# instanceKlass java/lang/invoke/LambdaForm$MH+0x0000017939a79400
# instanceKlass java/lang/invoke/LambdaForm$MH+0x0000017939a79000
# instanceKlass java/lang/invoke/LambdaForm$MH+0x0000017939a78c00
# instanceKlass java/lang/invoke/LambdaForm$MH+0x0000017939a78800
# instanceKlass java/lang/invoke/LambdaForm$MH+0x0000017939a78400
# instanceKlass java/lang/invoke/LambdaForm$MH+0x0000017939a78000
instanceKlass io/spring/gradle/dependencymanagement/org/apache/maven/model/Notifier
# instanceKlass java/lang/invoke/LambdaForm$MH+0x0000017939a75c00
# instanceKlass java/lang/invoke/LambdaForm$MH+0x0000017939a75800
# instanceKlass java/lang/invoke/LambdaForm$MH+0x0000017939a75400
# instanceKlass java/lang/invoke/LambdaForm$MH+0x0000017939a75000
instanceKlass io/spring/gradle/dependencymanagement/org/apache/maven/model/merge/ModelMerger$1
# instanceKlass java/lang/invoke/LambdaForm$MH+0x0000017939a74c00
instanceKlass io/spring/gradle/dependencymanagement/org/codehaus/plexus/util/Os
# instanceKlass java/lang/invoke/LambdaForm$MH+0x0000017939a74800
# instanceKlass java/lang/invoke/LambdaForm$MH+0x0000017939a74400
# instanceKlass java/lang/invoke/LambdaForm$MH+0x0000017939a74000
# instanceKlass java/lang/invoke/LambdaForm$MH+0x0000017939a73c00
# instanceKlass java/lang/invoke/LambdaForm$MH+0x0000017939a73800
# instanceKlass java/lang/invoke/LambdaForm$MH+0x0000017939a73400
# instanceKlass java/lang/invoke/LambdaForm$MH+0x0000017939a73000
# instanceKlass java/lang/invoke/LambdaForm$MH+0x0000017939a72c00
# instanceKlass java/lang/invoke/LambdaForm$MH+0x0000017939a72800
# instanceKlass java/lang/invoke/LambdaForm$MH+0x0000017939a72400
# instanceKlass java/lang/invoke/LambdaForm$MH+0x0000017939a72000
# instanceKlass java/lang/invoke/LambdaForm$MH+0x0000017939a71c00
# instanceKlass java/lang/invoke/LambdaForm$MH+0x0000017939a71800
# instanceKlass java/lang/invoke/LambdaForm$MH+0x0000017939a71400
# instanceKlass java/lang/invoke/LambdaForm$MH+0x0000017939a71000
# instanceKlass java/lang/invoke/LambdaForm$MH+0x0000017939a70c00
# instanceKlass java/lang/invoke/LambdaForm$MH+0x0000017939a70800
# instanceKlass java/lang/invoke/LambdaForm$MH+0x0000017939a70400
# instanceKlass java/lang/invoke/LambdaForm$MH+0x0000017939a70000
# instanceKlass java/lang/invoke/LambdaForm$MH+0x0000017939a6fc00
# instanceKlass java/lang/invoke/LambdaForm$MH+0x0000017939a6f800
# instanceKlass java/lang/invoke/LambdaForm$MH+0x0000017939a6f400
# instanceKlass java/lang/invoke/LambdaForm$MH+0x0000017939a6f000
# instanceKlass java/lang/invoke/LambdaForm$MH+0x0000017939a6ec00
# instanceKlass java/lang/invoke/LambdaForm$MH+0x0000017939a6e800
# instanceKlass java/lang/invoke/LambdaForm$MH+0x0000017939a6e400
# instanceKlass java/lang/invoke/LambdaForm$MH+0x0000017939a6e000
# instanceKlass java/lang/invoke/LambdaForm$MH+0x0000017939a6dc00
# instanceKlass java/lang/invoke/LambdaForm$MH+0x0000017939a6d800
# instanceKlass java/lang/invoke/LambdaForm$MH+0x0000017939a6d400
# instanceKlass java/lang/invoke/LambdaForm$MH+0x0000017939a6d000
# instanceKlass java/lang/invoke/LambdaForm$MH+0x0000017939a6cc00
# instanceKlass java/lang/invoke/LambdaForm$MH+0x0000017939a6c800
# instanceKlass java/lang/invoke/LambdaForm$MH+0x0000017939a6c400
# instanceKlass java/lang/invoke/LambdaForm$MH+0x0000017939a6c000
# instanceKlass java/lang/invoke/LambdaForm$MH+0x0000017939a6bc00
# instanceKlass java/lang/invoke/LambdaForm$MH+0x0000017939a6b800
# instanceKlass java/lang/invoke/LambdaForm$MH+0x0000017939a6b400
# instanceKlass java/lang/invoke/LambdaForm$MH+0x0000017939a6b000
# instanceKlass java/lang/invoke/LambdaForm$MH+0x0000017939a6ac00
# instanceKlass java/lang/invoke/LambdaForm$MH+0x0000017939a6a800
# instanceKlass java/lang/invoke/LambdaForm$MH+0x0000017939a6a400
# instanceKlass java/lang/invoke/LambdaForm$MH+0x0000017939a6a000
# instanceKlass java/lang/invoke/LambdaForm$MH+0x0000017939a69c00
# instanceKlass java/lang/invoke/LambdaForm$MH+0x0000017939a69800
# instanceKlass java/lang/invoke/LambdaForm$MH+0x0000017939a69400
# instanceKlass java/lang/invoke/LambdaForm$MH+0x0000017939a69000
# instanceKlass java/lang/invoke/LambdaForm$MH+0x0000017939a68c00
# instanceKlass java/lang/invoke/LambdaForm$MH+0x0000017939a68800
# instanceKlass java/lang/invoke/LambdaForm$MH+0x0000017939a68400
# instanceKlass java/lang/invoke/LambdaForm$MH+0x0000017939a68000
# instanceKlass java/lang/invoke/LambdaForm$MH+0x0000017939a67c00
# instanceKlass java/lang/invoke/LambdaForm$MH+0x0000017939a67800
# instanceKlass java/lang/invoke/LambdaForm$MH+0x0000017939a67400
# instanceKlass java/lang/invoke/LambdaForm$MH+0x0000017939a67000
# instanceKlass java/lang/invoke/LambdaForm$MH+0x0000017939a66c00
# instanceKlass java/lang/invoke/LambdaForm$MH+0x0000017939a66800
# instanceKlass java/lang/invoke/LambdaForm$MH+0x0000017939a66400
# instanceKlass java/lang/invoke/LambdaForm$MH+0x0000017939a66000
# instanceKlass java/lang/invoke/LambdaForm$MH+0x0000017939a65c00
# instanceKlass java/lang/invoke/LambdaForm$MH+0x0000017939a65800
# instanceKlass java/lang/invoke/LambdaForm$MH+0x0000017939a65400
# instanceKlass java/lang/invoke/LambdaForm$MH+0x0000017939a65000
# instanceKlass java/lang/invoke/LambdaForm$MH+0x0000017939a64c00
# instanceKlass java/lang/invoke/LambdaForm$MH+0x0000017939a64800
# instanceKlass java/lang/invoke/LambdaForm$MH+0x0000017939a64400
# instanceKlass java/lang/invoke/LambdaForm$MH+0x0000017939a64000
# instanceKlass java/lang/invoke/LambdaForm$MH+0x0000017939a63c00
# instanceKlass java/lang/invoke/LambdaForm$MH+0x0000017939a63800
# instanceKlass java/lang/invoke/LambdaForm$MH+0x0000017939a63400
# instanceKlass java/lang/invoke/LambdaForm$MH+0x0000017939a63000
# instanceKlass java/lang/invoke/LambdaForm$MH+0x0000017939a62c00
# instanceKlass java/lang/invoke/LambdaForm$MH+0x0000017939a62800
# instanceKlass java/lang/invoke/LambdaForm$MH+0x0000017939a62400
# instanceKlass java/lang/invoke/LambdaForm$MH+0x0000017939a62000
# instanceKlass java/lang/invoke/LambdaForm$MH+0x0000017939a61c00
# instanceKlass java/lang/invoke/LambdaForm$MH+0x0000017939a61800
# instanceKlass java/lang/invoke/LambdaForm$MH+0x0000017939a61400
# instanceKlass java/lang/invoke/LambdaForm$MH+0x0000017939a61000
# instanceKlass java/lang/invoke/LambdaForm$MH+0x0000017939a60c00
# instanceKlass java/lang/invoke/LambdaForm$MH+0x0000017939a60800
# instanceKlass java/lang/invoke/LambdaForm$MH+0x0000017939a60400
# instanceKlass java/lang/invoke/LambdaForm$MH+0x0000017939a60000
# instanceKlass java/lang/invoke/LambdaForm$MH+0x0000017939a59c00
# instanceKlass java/lang/invoke/LambdaForm$MH+0x0000017939a59800
# instanceKlass java/lang/invoke/LambdaForm$MH+0x0000017939a59400
# instanceKlass java/lang/invoke/LambdaForm$MH+0x0000017939a59000
# instanceKlass java/lang/invoke/LambdaForm$MH+0x0000017939a58c00
# instanceKlass java/lang/invoke/LambdaForm$MH+0x0000017939a58800
instanceKlass io/spring/gradle/dependencymanagement/org/apache/maven/model/merge/ModelMerger$NotifierKeyComputer
instanceKlass io/spring/gradle/dependencymanagement/org/apache/maven/model/building/DefaultModelProblem
instanceKlass io/spring/gradle/dependencymanagement/org/apache/maven/model/building/ModelProblemCollectorRequest
instanceKlass io/spring/gradle/dependencymanagement/org/apache/maven/model/building/FilterModelBuildingRequest
# instanceKlass java/lang/invoke/LambdaForm$MH+0x0000017939a58400
instanceKlass  @bci org/gradle/api/internal/artifacts/ivyservice/resolveengine/excludes/factories/NormalizingExcludeFactory doUnion (Ljava/util/Set;)Lorg/gradle/api/internal/artifacts/ivyservice/resolveengine/excludes/specs/ExcludeSpec; 1086 <appendix> member <vmtarget> ; # org/gradle/api/internal/artifacts/ivyservice/resolveengine/excludes/factories/NormalizingExcludeFactory$$Lambda+0x0000017939a5d3e0
instanceKlass org/gradle/api/internal/artifacts/ivyservice/resolveengine/excludes/simple/DefaultModuleIdSetExclude
instanceKlass  @bci org/gradle/api/internal/artifacts/ivyservice/resolveengine/excludes/factories/NormalizingExcludeFactory doUnion (Ljava/util/Set;)Lorg/gradle/api/internal/artifacts/ivyservice/resolveengine/excludes/specs/ExcludeSpec; 200 <appendix> argL0 ; # org/gradle/api/internal/artifacts/ivyservice/resolveengine/excludes/factories/NormalizingExcludeFactory$$Lambda+0x0000017939a5cf60
instanceKlass  @bci org/gradle/api/internal/artifacts/ivyservice/resolveengine/excludes/factories/NormalizingExcludeFactory doUnion (Ljava/util/Set;)Lorg/gradle/api/internal/artifacts/ivyservice/resolveengine/excludes/specs/ExcludeSpec; 78 <appendix> argL0 ; # org/gradle/api/internal/artifacts/ivyservice/resolveengine/excludes/factories/NormalizingExcludeFactory$$Lambda+0x0000017939a5cb38
instanceKlass org/gradle/api/internal/artifacts/ivyservice/resolveengine/excludes/factories/NormalizingExcludeFactory$FlattenOperationResult
instanceKlass  @bci org/gradle/api/internal/artifacts/ivyservice/resolveengine/excludes/factories/NormalizingExcludeFactory doUnion (Ljava/util/Set;)Lorg/gradle/api/internal/artifacts/ivyservice/resolveengine/excludes/specs/ExcludeSpec; 31 <appendix> member <vmtarget> ; # org/gradle/api/internal/artifacts/ivyservice/resolveengine/excludes/factories/NormalizingExcludeFactory$$Lambda+0x0000017939a5c4a0
instanceKlass  @bci org/gradle/api/internal/artifacts/ivyservice/resolveengine/excludes/factories/NormalizingExcludeFactory doUnion (Ljava/util/Set;)Lorg/gradle/api/internal/artifacts/ivyservice/resolveengine/excludes/specs/ExcludeSpec; 19 <appendix> member <vmtarget> ; # org/gradle/api/internal/artifacts/ivyservice/resolveengine/excludes/factories/NormalizingExcludeFactory$$Lambda+0x0000017939a5c250
instanceKlass  @bci org/gradle/api/internal/artifacts/ivyservice/resolveengine/excludes/factories/NormalizingExcludeFactory simplifySet (Ljava/lang/Class;Ljava/util/Set;)Ljava/util/Set; 12 <appendix> member <vmtarget> ; # org/gradle/api/internal/artifacts/ivyservice/resolveengine/excludes/factories/NormalizingExcludeFactory$$Lambda+0x0000017939a5c000
instanceKlass  @bci org/gradle/api/internal/artifacts/ivyservice/resolveengine/excludes/factories/NormalizingExcludeFactory anyOf (Lorg/gradle/api/internal/artifacts/ivyservice/resolveengine/excludes/specs/ExcludeSpec;Lorg/gradle/api/internal/artifacts/ivyservice/resolveengine/excludes/specs/ExcludeSpec;)Lorg/gradle/api/internal/artifacts/ivyservice/resolveengine/excludes/specs/ExcludeSpec; 6 <appendix> member <vmtarget> ; # org/gradle/api/internal/artifacts/ivyservice/resolveengine/excludes/factories/NormalizingExcludeFactory$$Lambda+0x0000017939a57cc0
instanceKlass org/gradle/api/internal/artifacts/ivyservice/resolveengine/excludes/specs/ExcludeAllOf
instanceKlass  @bci org/gradle/api/internal/artifacts/ivyservice/resolveengine/excludes/factories/CachingExcludeFactory cachedAnyPair (Lorg/gradle/api/internal/artifacts/ivyservice/resolveengine/excludes/specs/ExcludeSpec;Lorg/gradle/api/internal/artifacts/ivyservice/resolveengine/excludes/specs/ExcludeSpec;)Lorg/gradle/api/internal/artifacts/ivyservice/resolveengine/excludes/specs/ExcludeSpec; 10 <appendix> member <vmtarget> ; # org/gradle/api/internal/artifacts/ivyservice/resolveengine/excludes/factories/CachingExcludeFactory$$Lambda+0x0000017939a57888
instanceKlass org/gradle/api/internal/artifacts/ivyservice/resolveengine/excludes/factories/CachingExcludeFactory$ExcludePair
instanceKlass  @bci org/gradle/api/internal/artifacts/ivyservice/resolveengine/excludes/factories/OptimizingExcludeFactory anyOf (Ljava/util/Set;)Lorg/gradle/api/internal/artifacts/ivyservice/resolveengine/excludes/specs/ExcludeSpec; 3 <appendix> member <vmtarget> ; # org/gradle/api/internal/artifacts/ivyservice/resolveengine/excludes/factories/OptimizingExcludeFactory$$Lambda+0x0000017939a57440
# instanceKlass java/lang/invoke/LambdaForm$MH+0x0000017939a58000
# instanceKlass java/lang/invoke/LambdaForm$MH+0x0000017939a56c00
instanceKlass org/gradle/api/internal/artifacts/ivyservice/resolveengine/excludes/specs/ExcludeEverything
instanceKlass org/gradle/api/internal/artifacts/ivyservice/resolveengine/excludes/simple/DefaultModuleIdExclude
instanceKlass org/apache/ivy/plugins/matcher/PatternMatcher
instanceKlass org/gradle/api/internal/artifacts/ivyservice/resolveengine/excludes/PatternMatchers
instanceKlass  @bci org/gradle/api/internal/artifacts/ivyservice/resolveengine/excludes/ModuleExclusions forExclude (Lorg/gradle/internal/component/model/ExcludeMetadata;)Lorg/gradle/api/internal/artifacts/ivyservice/resolveengine/excludes/specs/ExcludeSpec; 6 <appendix> member <vmtarget> ; # org/gradle/api/internal/artifacts/ivyservice/resolveengine/excludes/ModuleExclusions$$Lambda+0x0000017939a378c8
instanceKlass  @bci org/gradle/api/internal/attributes/matching/MultipleCandidateMatcher disambiguateRequestedAttribute (I)V 6 <appendix> member <vmtarget> ; # org/gradle/api/internal/attributes/matching/MultipleCandidateMatcher$$Lambda+0x0000017939a376a8
# instanceKlass java/lang/invoke/LambdaForm$MH+0x0000017939a56800
instanceKlass org/gradle/api/internal/artifacts/ivyservice/resolveengine/graph/selectors/SelectorStateResolverResults$Registration
instanceKlass com/google/common/primitives/Longs$AsciiDigits
instanceKlass org/gradle/internal/Actions$FilteredAction
instanceKlass  @bci io/spring/gradle/dependencymanagement/internal/Exclusions addAll (Lio/spring/gradle/dependencymanagement/internal/Exclusions;)V 5 <appendix> member <vmtarget> ; # io/spring/gradle/dependencymanagement/internal/Exclusions$$Lambda+0x0000017939a4ef70
instanceKlass io/spring/gradle/dependencymanagement/internal/ExclusionConfiguringAction$Node
instanceKlass org/gradle/api/internal/artifacts/ivyservice/resolveengine/artifact/AbstractFailedResolvedArtifactSet
instanceKlass org/gradle/api/internal/artifacts/ivyservice/DefaultLenientConfiguration$LenientArtifactCollectingVisitor
instanceKlass io/spring/gradle/dependencymanagement/internal/ExclusionConfiguringAction$DependencyCandidate
instanceKlass  @bci io/spring/gradle/dependencymanagement/internal/ExclusionConfiguringAction findExcludedDependencies ()Ljava/util/Set; 33 <appendix> member <vmtarget> ; # io/spring/gradle/dependencymanagement/internal/ExclusionConfiguringAction$$Lambda+0x0000017939a4e940
instanceKlass org/gradle/api/internal/artifacts/result/AbstractDependencyResult
instanceKlass org/gradle/api/artifacts/result/ResolvedDependencyResult
instanceKlass org/gradle/api/internal/artifacts/ivyservice/resolveengine/result/DetachedResolvedGraphDependency
instanceKlass  @bci org/gradle/api/internal/artifacts/ivyservice/resolveengine/result/CachingComponentSelectionDescriptorFactory newDescriptor (Lorg/gradle/api/artifacts/result/ComponentSelectionCause;)Lorg/gradle/api/artifacts/result/ComponentSelectionDescriptor; 18 <appendix> member <vmtarget> ; # org/gradle/api/internal/artifacts/ivyservice/resolveengine/result/CachingComponentSelectionDescriptorFactory$$Lambda+0x0000017939a360d8
instanceKlass org/gradle/api/internal/artifacts/ivyservice/resolveengine/result/CachingComponentSelectionDescriptorFactory$Key
instanceKlass  @bci org/gradle/api/internal/artifacts/ivyservice/resolveengine/result/StreamingResolutionResultBuilder$RootFactory lambda$create$0 ()Lorg/gradle/api/internal/artifacts/result/ResolvedComponentResultInternal; 5 <appendix> member <vmtarget> ; # org/gradle/api/internal/artifacts/ivyservice/resolveengine/result/StreamingResolutionResultBuilder$RootFactory$$Lambda+0x0000017939a35cb0
instanceKlass org/gradle/cache/internal/BinaryStore$ReadAction
instanceKlass  @bci org/gradle/api/internal/artifacts/ivyservice/resolveengine/result/StreamingResolutionResultBuilder$RootFactory create ()Lorg/gradle/api/internal/artifacts/result/ResolvedComponentResultInternal; 12 <appendix> member <vmtarget> ; # org/gradle/api/internal/artifacts/ivyservice/resolveengine/result/StreamingResolutionResultBuilder$RootFactory$$Lambda+0x0000017939a35a90
instanceKlass  @bci org/gradle/api/internal/artifacts/ivyservice/resolveengine/graph/builder/NodeState maybeSubstitute (Lorg/gradle/api/internal/artifacts/ivyservice/resolveengine/graph/builder/DependencyState;Lorg/gradle/api/internal/artifacts/ivyservice/dependencysubstitution/DependencySubstitutionApplicator;)Lorg/gradle/api/internal/artifacts/ivyservice/resolveengine/graph/builder/DependencyState; 61 <appendix> member <vmtarget> ; # org/gradle/api/internal/artifacts/ivyservice/resolveengine/graph/builder/NodeState$$Lambda+0x0000017939a35850
instanceKlass org/gradle/api/internal/artifacts/ivyservice/dependencysubstitution/UnversionedModuleComponentSelector
instanceKlass org/gradle/api/internal/artifacts/dsl/ComponentSelectorParsers$ProjectConverter
instanceKlass org/gradle/api/internal/artifacts/dsl/ComponentSelectorParsers$StringConverter
instanceKlass org/gradle/api/internal/artifacts/dsl/ComponentSelectorParsers
instanceKlass  @bci io/spring/gradle/dependencymanagement/internal/Exclusions add (Ljava/lang/String;Ljava/util/Collection;)V 15 <appendix> argL0 ; # io/spring/gradle/dependencymanagement/internal/Exclusions$$Lambda+0x0000017939a4e708
instanceKlass io/spring/gradle/dependencymanagement/internal/pom/Pom
instanceKlass  @bci io/spring/gradle/dependencymanagement/internal/maven/MavenPomResolver getDependencies (Lio/spring/gradle/dependencymanagement/org/apache/maven/model/Model;)Ljava/util/List; 21 <appendix> member <vmtarget> ; # io/spring/gradle/dependencymanagement/internal/maven/MavenPomResolver$$Lambda+0x0000017939a4e2a0
instanceKlass  @bci io/spring/gradle/dependencymanagement/internal/maven/MavenPomResolver createDependency (Lio/spring/gradle/dependencymanagement/org/apache/maven/model/Dependency;)Lio/spring/gradle/dependencymanagement/internal/pom/Dependency; 40 <appendix> member <vmtarget> ; # io/spring/gradle/dependencymanagement/internal/maven/MavenPomResolver$$Lambda+0x0000017939a4e070
instanceKlass  @bci io/spring/gradle/dependencymanagement/internal/maven/MavenPomResolver createDependency (Lio/spring/gradle/dependencymanagement/org/apache/maven/model/Dependency;)Lio/spring/gradle/dependencymanagement/internal/pom/Dependency; 24 <appendix> argL0 ; # io/spring/gradle/dependencymanagement/internal/maven/MavenPomResolver$$Lambda+0x0000017939a4de38
instanceKlass io/spring/gradle/dependencymanagement/internal/Exclusion
instanceKlass  @bci io/spring/gradle/dependencymanagement/internal/maven/MavenPomResolver getManagedDependencies (Lio/spring/gradle/dependencymanagement/org/apache/maven/model/Model;)Ljava/util/List; 34 <appendix> member <vmtarget> ; # io/spring/gradle/dependencymanagement/internal/maven/MavenPomResolver$$Lambda+0x0000017939a4d9e0
instanceKlass io/spring/gradle/dependencymanagement/internal/pom/Dependency
# instanceKlass java/lang/invoke/LambdaForm$MH+0x0000017939a56400
# instanceKlass java/lang/invoke/LambdaForm$MH+0x0000017939a56000
# instanceKlass java/lang/invoke/LambdaForm$MH+0x0000017939a55c00
# instanceKlass java/lang/invoke/LambdaForm$MH+0x0000017939a55800
# instanceKlass java/lang/invoke/LambdaForm$MH+0x0000017939a55400
# instanceKlass java/lang/invoke/LambdaForm$MH+0x0000017939a55000
# instanceKlass java/lang/invoke/LambdaForm$MH+0x0000017939a54c00
# instanceKlass java/lang/invoke/LambdaForm$MH+0x0000017939a54800
# instanceKlass java/lang/invoke/LambdaForm$MH+0x0000017939a54400
# instanceKlass java/lang/invoke/LambdaForm$MH+0x0000017939a54000
# instanceKlass java/lang/invoke/LambdaForm$MH+0x0000017939a53c00
# instanceKlass java/lang/invoke/LambdaForm$MH+0x0000017939a53800
# instanceKlass java/lang/invoke/LambdaForm$MH+0x0000017939a53400
instanceKlass io/spring/gradle/dependencymanagement/org/codehaus/plexus/interpolation/RegexBasedInterpolator
instanceKlass io/spring/gradle/dependencymanagement/org/apache/maven/model/ActivationFile
instanceKlass io/spring/gradle/dependencymanagement/org/apache/maven/model/ActivationOS
# instanceKlass java/lang/invoke/LambdaForm$MH+0x0000017939a53000
# instanceKlass java/lang/invoke/LambdaForm$MH+0x0000017939a52c00
# instanceKlass java/lang/invoke/LambdaForm$MH+0x0000017939a52800
# instanceKlass java/lang/invoke/LambdaForm$MH+0x0000017939a52400
# instanceKlass java/lang/invoke/LambdaForm$MH+0x0000017939a52000
# instanceKlass java/lang/invoke/LambdaForm$MH+0x0000017939a51c00
# instanceKlass java/lang/invoke/LambdaForm$MH+0x0000017939a51800
# instanceKlass java/lang/invoke/LambdaForm$MH+0x0000017939a51400
instanceKlass org/gradle/internal/component/external/model/AbstractMutableModuleComponentResolveMetadata$DependencyConstraintImpl
instanceKlass org/gradle/internal/component/external/model/ComponentVariant$DependencyConstraint
# instanceKlass java/lang/invoke/LambdaForm$MH+0x0000017939a51000
# instanceKlass java/lang/invoke/LambdaForm$MH+0x0000017939a50c00
# instanceKlass java/lang/invoke/LambdaForm$MH+0x0000017939a50800
# instanceKlass java/lang/invoke/LambdaForm$MH+0x0000017939a50400
# instanceKlass java/lang/invoke/LambdaForm$MH+0x0000017939a50000
# instanceKlass java/lang/invoke/LambdaForm$MH+0x0000017939a4bc00
# instanceKlass java/lang/invoke/LambdaForm$MH+0x0000017939a4b800
# instanceKlass java/lang/invoke/LambdaForm$MH+0x0000017939a4b400
# instanceKlass java/lang/invoke/LambdaForm$MH+0x0000017939a4b000
# instanceKlass java/lang/invoke/LambdaForm$MH+0x0000017939a4ac00
# instanceKlass java/lang/invoke/LambdaForm$MH+0x0000017939a4a800
instanceKlass io/spring/gradle/dependencymanagement/org/codehaus/plexus/interpolation/SimpleRecursionInterceptor
# instanceKlass java/lang/invoke/LambdaForm$MH+0x0000017939a4a400
# instanceKlass java/lang/invoke/LambdaForm$MH+0x0000017939a4a000
# instanceKlass java/lang/invoke/LambdaForm$MH+0x0000017939a49c00
# instanceKlass java/lang/invoke/LambdaForm$MH+0x0000017939a49800
# instanceKlass java/lang/invoke/LambdaForm$MH+0x0000017939a49400
# instanceKlass java/lang/invoke/LambdaForm$MH+0x0000017939a49000
# instanceKlass java/lang/invoke/LambdaForm$MH+0x0000017939a48c00
# instanceKlass java/lang/invoke/LambdaForm$MH+0x0000017939a48800
instanceKlass io/spring/gradle/dependencymanagement/org/apache/maven/model/Relocation
instanceKlass io/spring/gradle/dependencymanagement/org/apache/maven/model/Site
instanceKlass io/spring/gradle/dependencymanagement/org/apache/maven/model/profile/activation/JdkVersionProfileActivator$RangeValue
instanceKlass  @bci io/spring/gradle/dependencymanagement/internal/maven/ConfigurationModelResolver resolveModel (Lio/spring/gradle/dependencymanagement/org/apache/maven/model/Parent;)Lio/spring/gradle/dependencymanagement/org/apache/maven/model/building/ModelSource; 19 <appendix> member <vmtarget> ; # io/spring/gradle/dependencymanagement/internal/maven/ConfigurationModelResolver$$Lambda+0x0000017939a4c420
instanceKlass io/spring/gradle/dependencymanagement/org/apache/maven/model/building/ModelProblemUtils
instanceKlass  @bci org/gradle/internal/cc/impl/fingerprint/ConfigurationCacheFingerprintWriter reportFileSystemEntryInput (Ljava/io/File;Ljava/lang/String;)V 5 <appendix> member <vmtarget> ; # org/gradle/internal/cc/impl/fingerprint/ConfigurationCacheFingerprintWriter$$Lambda+0x0000017939a34640
instanceKlass org/gradle/internal/serialize/codecs/stdlib/EnumCodecKt
instanceKlass org/gradle/internal/extensions/core/FileSystemExtensionsKt
instanceKlass org/gradle/internal/classpath/declarations/FileInterceptorsDeclaration
instanceKlass  @bci io/spring/gradle/dependencymanagement/internal/maven/RelaxedModelValidator validateEffectiveModel (Lio/spring/gradle/dependencymanagement/org/apache/maven/model/Model;Lio/spring/gradle/dependencymanagement/org/apache/maven/model/building/ModelBuildingRequest;Lio/spring/gradle/dependencymanagement/org/apache/maven/model/building/ModelProblemCollector;)V 5 <appendix> member <vmtarget> ; # io/spring/gradle/dependencymanagement/internal/maven/RelaxedModelValidator$$Lambda+0x0000017939a4c000
instanceKlass  @bci io/spring/gradle/dependencymanagement/internal/maven/ConfigurationModelResolver resolveModel (Ljava/lang/String;Ljava/lang/String;Ljava/lang/String;)Lio/spring/gradle/dependencymanagement/org/apache/maven/model/building/ModelSource; 4 <appendix> argL0 ; # io/spring/gradle/dependencymanagement/internal/maven/ConfigurationModelResolver$$Lambda+0x0000017939a43db8
instanceKlass io/spring/gradle/dependencymanagement/internal/maven/EffectiveModelBuilder$InMemoryModelCache$Key
instanceKlass io/spring/gradle/dependencymanagement/org/apache/maven/model/building/ModelCacheTag$2
instanceKlass io/spring/gradle/dependencymanagement/org/apache/maven/model/building/ModelCacheTag$1
instanceKlass io/spring/gradle/dependencymanagement/org/apache/maven/model/building/ModelCacheTag
instanceKlass io/spring/gradle/dependencymanagement/org/apache/maven/model/building/ModelBuildingEventCatapult$1
instanceKlass io/spring/gradle/dependencymanagement/org/apache/maven/model/building/ModelBuildingEventCatapult
# instanceKlass java/lang/invoke/LambdaForm$MH+0x0000017939a48400
# instanceKlass java/lang/invoke/LambdaForm$MH+0x0000017939a48000
# instanceKlass java/lang/invoke/LambdaForm$MH+0x0000017939a47c00
# instanceKlass java/lang/invoke/LambdaForm$MH+0x0000017939a47800
# instanceKlass java/lang/invoke/LambdaForm$MH+0x0000017939a47400
# instanceKlass java/lang/invoke/LambdaForm$MH+0x0000017939a47000
# instanceKlass java/lang/invoke/LambdaForm$MH+0x0000017939a46c00
# instanceKlass java/lang/invoke/LambdaForm$MH+0x0000017939a46800
# instanceKlass java/lang/invoke/LambdaForm$MH+0x0000017939a46400
# instanceKlass java/lang/invoke/LambdaForm$MH+0x0000017939a46000
# instanceKlass java/lang/invoke/LambdaForm$MH+0x0000017939a45c00
# instanceKlass java/lang/invoke/LambdaForm$MH+0x0000017939a45800
# instanceKlass java/lang/invoke/LambdaForm$MH+0x0000017939a45400
# instanceKlass java/lang/invoke/LambdaForm$MH+0x0000017939a45000
# instanceKlass java/lang/invoke/LambdaForm$MH+0x0000017939a44c00
# instanceKlass java/lang/invoke/LambdaForm$MH+0x0000017939a44800
# instanceKlass java/lang/invoke/LambdaForm$MH+0x0000017939a44400
# instanceKlass java/lang/invoke/LambdaForm$MH+0x0000017939a44000
instanceKlass io/spring/gradle/dependencymanagement/org/apache/maven/model/Extension
instanceKlass io/spring/gradle/dependencymanagement/org/codehaus/plexus/interpolation/util/StringUtils
instanceKlass io/spring/gradle/dependencymanagement/org/apache/maven/model/MailingList
instanceKlass io/spring/gradle/dependencymanagement/org/codehaus/plexus/interpolation/reflection/MethodMap
instanceKlass io/spring/gradle/dependencymanagement/org/codehaus/plexus/interpolation/reflection/ClassMap$CacheMiss
instanceKlass io/spring/gradle/dependencymanagement/org/codehaus/plexus/interpolation/reflection/ClassMap
instanceKlass io/spring/gradle/dependencymanagement/org/codehaus/plexus/interpolation/reflection/ReflectionValueExtractor$Tokenizer
instanceKlass io/spring/gradle/dependencymanagement/org/codehaus/plexus/interpolation/reflection/ReflectionValueExtractor
instanceKlass  @bci org/gradle/internal/cc/impl/fingerprint/ConfigurationCacheFingerprintWriter reportGradlePropertyInput (Lorg/gradle/api/internal/properties/GradlePropertyScope;Ljava/lang/String;Ljava/lang/String;)V 51 <appendix> member <vmtarget> ; # org/gradle/internal/cc/impl/fingerprint/ConfigurationCacheFingerprintWriter$$Lambda+0x0000017939a34220
instanceKlass  @bci io/spring/gradle/dependencymanagement/internal/properties/CompositePropertySource getProperty (Ljava/lang/String;)Ljava/lang/Object; 20 <appendix> argL0 ; # io/spring/gradle/dependencymanagement/internal/properties/CompositePropertySource$$Lambda+0x0000017939a41b10
instanceKlass  @bci io/spring/gradle/dependencymanagement/internal/properties/CompositePropertySource getProperty (Ljava/lang/String;)Ljava/lang/Object; 10 <appendix> member <vmtarget> ; # io/spring/gradle/dependencymanagement/internal/properties/CompositePropertySource$$Lambda+0x0000017939a418d0
instanceKlass io/spring/gradle/dependencymanagement/org/codehaus/plexus/interpolation/util/ValueSourceUtils
instanceKlass io/spring/gradle/dependencymanagement/org/apache/maven/model/DistributionManagement
instanceKlass io/spring/gradle/dependencymanagement/org/apache/maven/model/interpolation/StringSearchModelInterpolator$InterpolateObjectAction$CacheField
instanceKlass io/spring/gradle/dependencymanagement/org/apache/maven/model/CiManagement
instanceKlass io/spring/gradle/dependencymanagement/org/apache/maven/model/Prerequisites
instanceKlass io/spring/gradle/dependencymanagement/org/apache/maven/model/Organization
instanceKlass io/spring/gradle/dependencymanagement/org/apache/maven/model/Parent
instanceKlass io/spring/gradle/dependencymanagement/org/apache/maven/model/interpolation/StringSearchModelInterpolator$InterpolateObjectAction$CacheItem
instanceKlass io/spring/gradle/dependencymanagement/org/apache/maven/model/interpolation/StringSearchModelInterpolator$InterpolateObjectAction
instanceKlass io/spring/gradle/dependencymanagement/org/apache/maven/model/interpolation/StringSearchModelInterpolator$1
instanceKlass io/spring/gradle/dependencymanagement/org/codehaus/plexus/interpolation/PrefixAwareRecursionInterceptor
instanceKlass io/spring/gradle/dependencymanagement/org/codehaus/plexus/interpolation/StringSearchInterpolator
instanceKlass io/spring/gradle/dependencymanagement/org/codehaus/plexus/interpolation/Interpolator
instanceKlass io/spring/gradle/dependencymanagement/org/codehaus/plexus/interpolation/BasicInterpolator
instanceKlass io/spring/gradle/dependencymanagement/org/apache/maven/model/interpolation/UrlNormalizingPostProcessor
instanceKlass io/spring/gradle/dependencymanagement/org/codehaus/plexus/interpolation/InterpolationPostProcessor
instanceKlass io/spring/gradle/dependencymanagement/org/apache/maven/model/interpolation/ProblemDetectingValueSource
instanceKlass io/spring/gradle/dependencymanagement/org/codehaus/plexus/interpolation/PrefixedValueSourceWrapper
instanceKlass io/spring/gradle/dependencymanagement/org/codehaus/plexus/interpolation/FeedbackEnabledValueSource
instanceKlass io/spring/gradle/dependencymanagement/org/codehaus/plexus/interpolation/AbstractDelegatingValueSource
instanceKlass io/spring/gradle/dependencymanagement/org/codehaus/plexus/interpolation/QueryEnabledValueSource
instanceKlass io/spring/gradle/dependencymanagement/org/codehaus/plexus/interpolation/AbstractValueSource
instanceKlass io/spring/gradle/dependencymanagement/org/apache/maven/model/merge/ModelMerger$ExtensionKeyComputer
instanceKlass io/spring/gradle/dependencymanagement/org/apache/maven/model/merge/ModelMerger$ResourceKeyComputer
instanceKlass io/spring/gradle/dependencymanagement/org/apache/maven/model/merge/ModelMerger$SourceDominant
instanceKlass io/spring/gradle/dependencymanagement/org/apache/maven/model/merge/ModelMerger$DependencyKeyComputer
instanceKlass io/spring/gradle/dependencymanagement/org/codehaus/plexus/util/xml/XMLWriter
instanceKlass io/spring/gradle/dependencymanagement/org/codehaus/plexus/util/xml/Xpp3Dom
instanceKlass io/spring/gradle/dependencymanagement/org/codehaus/plexus/util/xml/Xpp3DomBuilder
instanceKlass io/spring/gradle/dependencymanagement/org/apache/maven/model/io/xpp3/MavenXpp3ReaderEx$Xpp3DomBuilderInputLocationBuilder
instanceKlass io/spring/gradle/dependencymanagement/org/apache/maven/model/ActivationProperty
instanceKlass io/spring/gradle/dependencymanagement/org/apache/maven/model/Activation
instanceKlass io/spring/gradle/dependencymanagement/org/apache/maven/model/Reporting
instanceKlass io/spring/gradle/dependencymanagement/org/apache/maven/model/RepositoryPolicy
instanceKlass io/spring/gradle/dependencymanagement/org/apache/maven/model/io/xpp3/MavenXpp3ReaderEx$1
instanceKlass io/spring/gradle/dependencymanagement/org/codehaus/plexus/util/xml/Xpp3DomBuilder$InputLocationBuilder
instanceKlass io/spring/gradle/dependencymanagement/org/apache/maven/model/io/xpp3/MavenXpp3ReaderEx$ContentTransformer
instanceKlass io/spring/gradle/dependencymanagement/org/apache/maven/model/io/xpp3/MavenXpp3ReaderEx
instanceKlass io/spring/gradle/dependencymanagement/org/apache/maven/model/building/ModelData
instanceKlass io/spring/gradle/dependencymanagement/org/codehaus/plexus/util/StringUtils
instanceKlass  @bci io/spring/gradle/dependencymanagement/internal/maven/RelaxedModelValidator validateRawModel (Lio/spring/gradle/dependencymanagement/org/apache/maven/model/Model;Lio/spring/gradle/dependencymanagement/org/apache/maven/model/building/ModelBuildingRequest;Lio/spring/gradle/dependencymanagement/org/apache/maven/model/building/ModelProblemCollector;)V 5 <appendix> member <vmtarget> ; # io/spring/gradle/dependencymanagement/internal/maven/RelaxedModelValidator$$Lambda+0x0000017939a391b8
instanceKlass io/spring/gradle/dependencymanagement/org/apache/maven/model/Exclusion
instanceKlass io/spring/gradle/dependencymanagement/org/apache/maven/model/Dependency
instanceKlass io/spring/gradle/dependencymanagement/org/apache/maven/model/DependencyManagement
instanceKlass io/spring/gradle/dependencymanagement/org/apache/maven/model/IssueManagement
instanceKlass io/spring/gradle/dependencymanagement/org/apache/maven/model/Scm
instanceKlass io/spring/gradle/dependencymanagement/org/apache/maven/model/License
instanceKlass io/spring/gradle/dependencymanagement/org/codehaus/plexus/util/xml/pull/EntityReplacementMap
instanceKlass io/spring/gradle/dependencymanagement/org/codehaus/plexus/util/xml/pull/MXParser
instanceKlass io/spring/gradle/dependencymanagement/org/apache/maven/model/io/xpp3/MavenXpp3Reader$1
instanceKlass io/spring/gradle/dependencymanagement/org/codehaus/plexus/util/xml/pull/XmlPullParser
instanceKlass io/spring/gradle/dependencymanagement/org/apache/maven/model/io/xpp3/MavenXpp3Reader$ContentTransformer
instanceKlass io/spring/gradle/dependencymanagement/org/apache/maven/model/io/xpp3/MavenXpp3Reader
instanceKlass  @bci java/util/regex/Pattern union (Ljava/util/regex/Pattern$CharPredicate;Ljava/util/regex/Pattern$CharPredicate;Z)Ljava/util/regex/Pattern$CharPredicate; 14 <appendix> member <vmtarget> ; # java/util/regex/Pattern$$Lambda+0x00000179396d6510
instanceKlass io/spring/gradle/dependencymanagement/org/codehaus/plexus/util/ReaderFactory
instanceKlass  @bci org/gradle/internal/cc/impl/fingerprint/ConfigurationCacheFingerprintWriter reportFileInput (Ljava/io/File;Ljava/lang/String;)V 5 <appendix> member <vmtarget> ; # org/gradle/internal/cc/impl/fingerprint/ConfigurationCacheFingerprintWriter$$Lambda+0x0000017939a34000
instanceKlass org/gradle/internal/classpath/declarations/FileInputStreamInterceptorsDeclaration
instanceKlass io/spring/gradle/dependencymanagement/org/apache/maven/model/profile/DefaultProfileActivationContext
instanceKlass io/spring/gradle/dependencymanagement/org/apache/maven/model/building/ModelProblem
instanceKlass io/spring/gradle/dependencymanagement/org/apache/maven/model/building/DefaultModelProblemCollector
instanceKlass io/spring/gradle/dependencymanagement/org/apache/maven/model/building/DefaultModelBuildingResult
instanceKlass io/spring/gradle/dependencymanagement/org/apache/maven/model/interpolation/StringSearchModelInterpolator$InnerInterpolator
instanceKlass io/spring/gradle/dependencymanagement/org/apache/maven/model/InputLocation
instanceKlass io/spring/gradle/dependencymanagement/org/apache/maven/model/InputSource
instanceKlass io/spring/gradle/dependencymanagement/org/apache/maven/model/plugin/DefaultReportingConverter
instanceKlass io/spring/gradle/dependencymanagement/org/apache/maven/model/plugin/DefaultReportConfigurationExpander
instanceKlass io/spring/gradle/dependencymanagement/org/apache/maven/model/plugin/DefaultPluginConfigurationExpander
instanceKlass io/spring/gradle/dependencymanagement/org/apache/maven/model/management/DefaultPluginManagementInjector
instanceKlass io/spring/gradle/dependencymanagement/org/apache/maven/model/building/DefaultModelBuilderFactory$StubLifecycleBindingsInjector
instanceKlass io/spring/gradle/dependencymanagement/org/apache/maven/model/management/DefaultDependencyManagementInjector
instanceKlass io/spring/gradle/dependencymanagement/org/apache/maven/model/composition/DefaultDependencyManagementImporter
instanceKlass io/spring/gradle/dependencymanagement/org/apache/maven/model/superpom/DefaultSuperPomProvider
instanceKlass io/spring/gradle/dependencymanagement/org/apache/maven/model/path/ProfileActivationFilePathInterpolator
instanceKlass io/spring/gradle/dependencymanagement/org/apache/maven/model/profile/activation/FileProfileActivator
instanceKlass io/spring/gradle/dependencymanagement/org/apache/maven/model/profile/activation/PropertyProfileActivator
instanceKlass io/spring/gradle/dependencymanagement/org/apache/maven/model/profile/activation/OperatingSystemProfileActivator
instanceKlass io/spring/gradle/dependencymanagement/org/apache/maven/model/profile/activation/JdkVersionProfileActivator
instanceKlass io/spring/gradle/dependencymanagement/org/apache/maven/model/profile/activation/ProfileActivator
instanceKlass io/spring/gradle/dependencymanagement/org/apache/maven/model/profile/DefaultProfileSelector
instanceKlass io/spring/gradle/dependencymanagement/org/apache/maven/model/profile/DefaultProfileInjector
instanceKlass io/spring/gradle/dependencymanagement/org/apache/maven/model/inheritance/DefaultInheritanceAssembler
instanceKlass io/spring/gradle/dependencymanagement/org/apache/maven/model/interpolation/StringVisitorModelInterpolator$InnerInterpolator
instanceKlass io/spring/gradle/dependencymanagement/org/codehaus/plexus/interpolation/RecursionInterceptor
instanceKlass io/spring/gradle/dependencymanagement/org/apache/maven/model/interpolation/AbstractStringBasedModelInterpolator
instanceKlass io/spring/gradle/dependencymanagement/org/apache/maven/model/path/DefaultUrlNormalizer
instanceKlass io/spring/gradle/dependencymanagement/org/apache/maven/model/path/DefaultModelUrlNormalizer
instanceKlass io/spring/gradle/dependencymanagement/org/apache/maven/model/path/DefaultPathTranslator
instanceKlass io/spring/gradle/dependencymanagement/org/apache/maven/model/path/DefaultModelPathTranslator
instanceKlass io/spring/gradle/dependencymanagement/org/apache/maven/model/PatternSet
instanceKlass io/spring/gradle/dependencymanagement/org/apache/maven/model/ModelBase
instanceKlass io/spring/gradle/dependencymanagement/org/apache/maven/model/Contributor
instanceKlass io/spring/gradle/dependencymanagement/org/apache/maven/model/PluginContainer
instanceKlass io/spring/gradle/dependencymanagement/org/apache/maven/model/ConfigurationContainer
instanceKlass io/spring/gradle/dependencymanagement/org/apache/maven/model/merge/ModelMerger$KeyComputer
instanceKlass io/spring/gradle/dependencymanagement/org/apache/maven/model/merge/ModelMerger$Remapping
instanceKlass io/spring/gradle/dependencymanagement/org/apache/maven/model/merge/ModelMerger
instanceKlass io/spring/gradle/dependencymanagement/org/apache/maven/model/normalization/DefaultModelNormalizer
instanceKlass io/spring/gradle/dependencymanagement/org/apache/maven/model/interpolation/DefaultModelVersionProcessor
instanceKlass io/spring/gradle/dependencymanagement/org/apache/maven/model/RepositoryBase
instanceKlass io/spring/gradle/dependencymanagement/org/apache/maven/model/InputLocationTracker
instanceKlass io/spring/gradle/dependencymanagement/org/apache/maven/model/validation/DefaultModelValidator
instanceKlass io/spring/gradle/dependencymanagement/org/apache/maven/model/io/DefaultModelReader
instanceKlass io/spring/gradle/dependencymanagement/org/apache/maven/model/locator/DefaultModelLocator
instanceKlass io/spring/gradle/dependencymanagement/org/apache/maven/model/building/DefaultModelProcessor
instanceKlass io/spring/gradle/dependencymanagement/org/apache/maven/model/building/ModelBuildingEvent
instanceKlass io/spring/gradle/dependencymanagement/org/apache/maven/artifact/versioning/ArtifactVersion
instanceKlass io/spring/gradle/dependencymanagement/org/codehaus/plexus/interpolation/ValueSource
instanceKlass io/spring/gradle/dependencymanagement/org/apache/maven/model/building/ModelProblemCollectorExt
instanceKlass io/spring/gradle/dependencymanagement/org/apache/maven/model/profile/ProfileActivationContext
instanceKlass io/spring/gradle/dependencymanagement/org/apache/maven/model/building/ModelProblemCollector
instanceKlass io/spring/gradle/dependencymanagement/org/apache/maven/model/building/ModelBuildingResult
instanceKlass io/spring/gradle/dependencymanagement/org/apache/maven/model/building/DefaultModelBuilder
instanceKlass io/spring/gradle/dependencymanagement/org/apache/maven/model/building/ModelBuilder
instanceKlass io/spring/gradle/dependencymanagement/org/apache/maven/model/path/ModelPathTranslator
instanceKlass io/spring/gradle/dependencymanagement/org/apache/maven/model/plugin/ReportingConverter
instanceKlass io/spring/gradle/dependencymanagement/org/apache/maven/model/inheritance/InheritanceAssembler
instanceKlass io/spring/gradle/dependencymanagement/org/apache/maven/model/path/ModelUrlNormalizer
instanceKlass io/spring/gradle/dependencymanagement/org/apache/maven/model/superpom/SuperPomProvider
instanceKlass io/spring/gradle/dependencymanagement/org/apache/maven/model/management/DependencyManagementInjector
instanceKlass io/spring/gradle/dependencymanagement/org/apache/maven/model/plugin/PluginConfigurationExpander
instanceKlass io/spring/gradle/dependencymanagement/org/apache/maven/model/plugin/LifecycleBindingsInjector
instanceKlass io/spring/gradle/dependencymanagement/org/apache/maven/model/management/PluginManagementInjector
instanceKlass io/spring/gradle/dependencymanagement/org/apache/maven/model/composition/DependencyManagementImporter
instanceKlass io/spring/gradle/dependencymanagement/org/apache/maven/model/interpolation/ModelVersionProcessor
instanceKlass io/spring/gradle/dependencymanagement/org/apache/maven/model/plugin/ReportConfigurationExpander
instanceKlass io/spring/gradle/dependencymanagement/org/apache/maven/model/normalization/ModelNormalizer
instanceKlass io/spring/gradle/dependencymanagement/org/apache/maven/model/profile/ProfileInjector
instanceKlass io/spring/gradle/dependencymanagement/org/apache/maven/model/path/UrlNormalizer
instanceKlass io/spring/gradle/dependencymanagement/org/apache/maven/model/profile/ProfileSelector
instanceKlass io/spring/gradle/dependencymanagement/org/apache/maven/model/building/ModelProcessor
instanceKlass io/spring/gradle/dependencymanagement/org/apache/maven/model/io/ModelReader
instanceKlass io/spring/gradle/dependencymanagement/org/apache/maven/model/path/PathTranslator
instanceKlass io/spring/gradle/dependencymanagement/org/apache/maven/model/locator/ModelLocator
instanceKlass io/spring/gradle/dependencymanagement/org/apache/maven/model/building/DefaultModelBuilderFactory
instanceKlass io/spring/gradle/dependencymanagement/org/apache/maven/building/FileSource
instanceKlass io/spring/gradle/dependencymanagement/org/apache/maven/model/building/ModelSource2
instanceKlass org/gradle/internal/configuration/inputs/AccessTrackingProperties$TrackingEntry
instanceKlass  @bci org/gradle/internal/configuration/inputs/AccessTrackingSet iterator ()Ljava/util/Iterator; 22 <appendix> member <vmtarget> ; # org/gradle/internal/configuration/inputs/AccessTrackingSet$$Lambda+0x0000017939a1ec58
instanceKlass  @bci org/gradle/internal/configuration/inputs/AccessTrackingProperties entrySet ()Ljava/util/Set; 16 <appendix> member <vmtarget> ; # org/gradle/internal/configuration/inputs/AccessTrackingProperties$$Lambda+0x0000017939a1ea18
instanceKlass org/gradle/internal/configuration/inputs/AccessTrackingProperties$2
instanceKlass com/google/common/collect/ForwardingObject
instanceKlass  @bci org/gradle/internal/configuration/inputs/AccessTrackingProperties reportAggregatingAccess ()V 5 <appendix> member <vmtarget> ; # org/gradle/internal/configuration/inputs/AccessTrackingProperties$$Lambda+0x0000017939a1d6a8
instanceKlass org/gradle/internal/classpath/Instrumented$1
instanceKlass org/gradle/internal/configuration/inputs/AccessTrackingSet$Listener
instanceKlass io/spring/gradle/dependencymanagement/org/apache/maven/model/building/DefaultModelBuildingRequest
instanceKlass io/spring/gradle/dependencymanagement/internal/maven/EffectiveModelBuilder$InMemoryModelCache
instanceKlass io/spring/gradle/dependencymanagement/internal/maven/EffectiveModelBuilder$ModelInput
instanceKlass io/spring/gradle/dependencymanagement/internal/properties/CompositePropertySource
instanceKlass org/gradle/internal/resolve/resolver/DefaultVariantArtifactResolver$SingleArtifactVariantIdentifier
instanceKlass org/gradle/api/internal/artifacts/ivyservice/ArtifactCollectingVisitor
instanceKlass  @bci org/gradle/api/internal/artifacts/repositories/resolver/ComponentMetadataDetailsAdapter_Decorated $gradleInit ()V 1 <appendix> member <vmtarget> ; # org/gradle/api/internal/artifacts/repositories/resolver/ComponentMetadataDetailsAdapter_Decorated$$Lambda+0x0000017939a1b8c8
# instanceKlass java/lang/invoke/LambdaForm$MH+0x0000017939a20800
# instanceKlass java/lang/invoke/LambdaForm$MH+0x0000017939a20400
# instanceKlass java/lang/invoke/LambdaForm$MH+0x0000017939a20000
instanceKlass org/gradle/api/artifacts/DirectDependenciesMetadata
instanceKlass org/gradle/api/artifacts/DependenciesMetadata
instanceKlass org/gradle/api/artifacts/VariantMetadata
instanceKlass org/gradle/api/internal/artifacts/repositories/resolver/ComponentMetadataDetailsAdapter
instanceKlass  @bci org/gradle/internal/component/model/MutableModuleSources of (Lorg/gradle/internal/component/model/ModuleSources;)Lorg/gradle/internal/component/model/MutableModuleSources; 33 <appendix> member <vmtarget> ; # org/gradle/internal/component/model/MutableModuleSources$$Lambda+0x0000017939a1ae98
instanceKlass org/gradle/internal/component/external/descriptor/DefaultExclude
instanceKlass org/gradle/internal/component/model/Exclude
instanceKlass io/spring/gradle/dependencymanagement/internal/properties/ProjectPropertySource
instanceKlass  @bci io/spring/gradle/dependencymanagement/internal/Versions isDynamic (Ljava/lang/String;)Z 14 <appendix> member <vmtarget> ; # io/spring/gradle/dependencymanagement/internal/Versions$$Lambda+0x00000179399d0f18
instanceKlass io/spring/gradle/dependencymanagement/internal/Versions
instanceKlass  @bci org/gradle/api/internal/artifacts/ivyservice/dependencysubstitution/DefaultDependencyResolveDetails_Decorated $gradleInit ()V 1 <appendix> member <vmtarget> ; # org/gradle/api/internal/artifacts/ivyservice/dependencysubstitution/DefaultDependencyResolveDetails_Decorated$$Lambda+0x0000017939a1a818
instanceKlass org/gradle/api/internal/artifacts/ivyservice/dependencysubstitution/DefaultDependencyResolveDetails
instanceKlass org/gradle/api/artifacts/DependencyResolveDetails
instanceKlass org/gradle/api/internal/artifacts/DefaultModuleVersionSelector
instanceKlass  @bci org/gradle/api/internal/artifacts/ivyservice/dependencysubstitution/DefaultDependencySubstitution_Decorated $gradleInit ()V 1 <appendix> member <vmtarget> ; # org/gradle/api/internal/artifacts/ivyservice/dependencysubstitution/DefaultDependencySubstitution_Decorated$$Lambda+0x0000017939a19d30
instanceKlass org/gradle/api/artifacts/DependencyArtifactSelector
instanceKlass org/gradle/api/internal/artifacts/ivyservice/dependencysubstitution/DefaultArtifactSelectionDetails
instanceKlass  @bci org/gradle/api/internal/artifacts/ivyservice/dependencysubstitution/CachingDependencySubstitutionApplicator apply (Lorg/gradle/internal/component/model/DependencyMetadata;)Lorg/gradle/api/internal/artifacts/ivyservice/dependencysubstitution/DependencySubstitutionApplicator$SubstitutionResult; 14 <appendix> member <vmtarget> ; # org/gradle/api/internal/artifacts/ivyservice/dependencysubstitution/CachingDependencySubstitutionApplicator$$Lambda+0x0000017939a19858
instanceKlass org/gradle/api/internal/artifacts/ivyservice/dependencysubstitution/ArtifactSelectionDetailsInternal
instanceKlass org/gradle/api/artifacts/ArtifactSelectionDetails
instanceKlass org/gradle/api/internal/artifacts/ivyservice/dependencysubstitution/DefaultDependencySubstitution
instanceKlass org/gradle/api/internal/artifacts/ivyservice/dependencysubstitution/DefaultDependencySubstitutionApplicator
instanceKlass org/gradle/api/internal/artifacts/ivyservice/dependencysubstitution/CachingDependencySubstitutionApplicator
instanceKlass  @bci org/gradle/api/internal/artifacts/resolver/DefaultResolutionOutputs getRootComponent ()Lorg/gradle/api/provider/Provider; 5 <appendix> member <vmtarget> ; # org/gradle/api/internal/artifacts/resolver/DefaultResolutionOutputs$$Lambda+0x0000017939a18908
instanceKlass org/gradle/api/internal/artifacts/result/DefaultResolutionResult
instanceKlass org/gradle/api/internal/CompositeDomainObjectSet$2
instanceKlass org/gradle/api/internal/CompositeDomainObjectSet$1
instanceKlass org/gradle/api/internal/CompositeDomainObjectSet$ItemNotInCompositeSpec
instanceKlass org/gradle/api/internal/CompositeDomainObjectSet$ItemIsUniqueInCompositeSpec
instanceKlass org/gradle/api/internal/CompositeDomainObjectSet$DomainObjectCompositeCollection
instanceKlass org/gradle/internal/component/local/model/LocalComponentGraphResolveStateFactory$ConfigurationsProviderVariantFactory
instanceKlass  @bci org/gradle/api/internal/file/FileCollectionBackedFileTree matching (Lorg/gradle/api/tasks/util/PatternFilterable;)Lorg/gradle/api/internal/file/FileTreeInternal; 15 <appendix> member <vmtarget> ; # org/gradle/api/internal/file/FileCollectionBackedFileTree$$Lambda+0x0000017939a175d0
instanceKlass  @bci org/gradle/internal/properties/annotations/AbstractTypeMetadataWalker walkNested (Ljava/lang/Object;Ljava/lang/String;Lorg/gradle/internal/properties/annotations/PropertyMetadata;Lorg/gradle/internal/properties/annotations/TypeMetadataWalker$TypeMetadataVisitor;Ljava/util/Map;Z)V 129 <appendix> member <vmtarget> ; # org/gradle/internal/properties/annotations/AbstractTypeMetadataWalker$$Lambda+0x0000017939a15f58
instanceKlass org/gradle/internal/properties/bean/DefaultPropertyWalker$ImplementationPropertyValue
instanceKlass org/gradle/internal/snapshot/impl/ImplementationValue
instanceKlass org/gradle/internal/scripts/ScriptOriginUtil
instanceKlass  @bci org/gradle/internal/properties/annotations/NestedValidationUtil validateBeanType (Lorg/gradle/internal/reflect/validation/TypeValidationContext;Ljava/lang/String;Ljava/lang/Class;)V 7 <appendix> member <vmtarget> ; # org/gradle/internal/properties/annotations/NestedValidationUtil$$Lambda+0x0000017939a156b0
instanceKlass org/gradle/internal/properties/annotations/NestedValidationUtil
instanceKlass org/gradle/jvm/toolchain/internal/operations/JavaToolchainUsageProgressDetails$JavaToolchain
instanceKlass org/gradle/jvm/toolchain/internal/DefaultJavaToolchainUsageProgressDetails
instanceKlass org/gradle/jvm/toolchain/internal/operations/JavaToolchainUsageProgressDetails
instanceKlass org/gradle/jvm/toolchain/JavaLauncher
instanceKlass org/gradle/jvm/toolchain/internal/DefaultToolchainJavaCompiler
instanceKlass  @bci org/gradle/jvm/toolchain/internal/JavaToolchainQueryService query (Lorg/gradle/jvm/toolchain/JavaToolchainSpec;Ljava/util/Set;Z)Lorg/gradle/jvm/toolchain/internal/JavaToolchain; 60 <appendix> member <vmtarget> ; # org/gradle/jvm/toolchain/internal/JavaToolchainQueryService$$Lambda+0x0000017939a14ca8
instanceKlass org/gradle/jvm/toolchain/internal/JavaToolchainInput
instanceKlass  @bci org/gradle/jvm/toolchain/internal/JavaToolchainQueryService findInstalledToolchain (Lorg/gradle/jvm/toolchain/JavaToolchainSpec;Ljava/util/Set;)Ljava/util/Optional; 71 <appendix> member <vmtarget> ; # org/gradle/jvm/toolchain/internal/JavaToolchainQueryService$$Lambda+0x0000017939a14848
instanceKlass  @bci org/gradle/internal/serialization/Cached$Deferred tryComputation (Ljava/util/concurrent/Callable;)Lorg/gradle/internal/Try; 5 <appendix> member <vmtarget> ; # org/gradle/internal/serialization/Cached$Deferred$$Lambda+0x0000017939a14628
instanceKlass org/gradle/internal/evaluation/ScopedEvaluation
instanceKlass java/util/stream/ReduceOps$2ReducingSink
instanceKlass  @bci java/util/function/BinaryOperator minBy (Ljava/util/Comparator;)Ljava/util/function/BinaryOperator; 6 <appendix> member <vmtarget> ; # java/util/function/BinaryOperator$$Lambda+0x00000179396d5a80
instanceKlass org/gradle/internal/jvm/inspection/JvmInstallationMetadataComparator
instanceKlass  @bci org/gradle/jvm/toolchain/internal/JavaToolchainQueryService findInstalledToolchain (Lorg/gradle/jvm/toolchain/JavaToolchainSpec;Ljava/util/Set;)Ljava/util/Optional; 45 <appendix> argL0 ; # org/gradle/jvm/toolchain/internal/JavaToolchainQueryService$$Lambda+0x0000017939a13f48
instanceKlass  @bci org/gradle/jvm/toolchain/internal/JavaToolchainQueryService findInstalledToolchain (Lorg/gradle/jvm/toolchain/JavaToolchainSpec;Ljava/util/Set;)Ljava/util/Optional; 35 <appendix> member <vmtarget> ; # org/gradle/jvm/toolchain/internal/JavaToolchainQueryService$$Lambda+0x0000017939a13cf8
instanceKlass  @bci org/gradle/jvm/toolchain/internal/JavaToolchainQueryService findInstalledToolchain (Lorg/gradle/jvm/toolchain/JavaToolchainSpec;Ljava/util/Set;)Ljava/util/Optional; 24 <appendix> argL0 ; # org/gradle/jvm/toolchain/internal/JavaToolchainQueryService$$Lambda+0x0000017939a13ab0
instanceKlass  @bci org/gradle/process/internal/streams/ExecOutputHandleRunner forwardContent ()V 46 <appendix> member <vmtarget> ; # org/gradle/process/internal/streams/ExecOutputHandleRunner$$Lambda+0x0000017939a13890
instanceKlass org/gradle/internal/operations/CurrentBuildOperationRef$Callable
instanceKlass org/apache/commons/io/file/Counters$LongCounter
instanceKlass org/apache/commons/io/file/Counters$AbstractPathCounters
instanceKlass org/apache/commons/io/file/Counters$Counter
instanceKlass org/apache/commons/io/file/Counters$PathCounters
instanceKlass org/apache/commons/io/file/Counters
instanceKlass org/apache/commons/io/file/DeleteOption
instanceKlass org/apache/commons/io/file/PathUtils
instanceKlass  @bci org/apache/commons/io/function/IOStream forAll (Lorg/apache/commons/io/function/IOConsumer;Ljava/util/function/BiFunction;)V 38 <appendix> member <vmtarget> ; # org/apache/commons/io/function/IOStream$$Lambda+0x0000017939a11ab8
instanceKlass  @bci org/apache/commons/io/function/IOStreams forAll (Ljava/util/stream/Stream;Lorg/apache/commons/io/function/IOConsumer;Ljava/util/function/BiFunction;)V 5 <appendix> argL0 ; # org/apache/commons/io/function/IOStreams$$Lambda+0x0000017939a11890
instanceKlass org/apache/commons/io/function/IOBaseStreamAdapter
instanceKlass org/apache/commons/io/function/IOBiFunction
instanceKlass org/apache/commons/io/function/IOSpliterator
instanceKlass org/apache/commons/io/function/IOIterator
instanceKlass org/apache/commons/io/function/IOStream
instanceKlass org/apache/commons/io/function/IOBaseStream
instanceKlass  @bci org/apache/commons/io/function/IOStreams forAll (Ljava/util/stream/Stream;Lorg/apache/commons/io/function/IOConsumer;)V 2 <appendix> argL0 ; # org/apache/commons/io/function/IOStreams$$Lambda+0x0000017939a10200
instanceKlass org/apache/commons/io/function/IOStreams
instanceKlass  @bci org/apache/commons/io/function/IOConsumer <clinit> ()V 0 <appendix> argL0 ; # org/apache/commons/io/function/IOConsumer$$Lambda+0x0000017939a08c00
instanceKlass  @bci org/apache/commons/io/FileUtils cleanDirectory (Ljava/io/File;)V 0 <appendix> argL0 ; # org/apache/commons/io/FileUtils$$Lambda+0x0000017939a09cf8
instanceKlass org/apache/commons/io/function/IOConsumer
instanceKlass  @bci org/gradle/internal/jvm/inspection/DefaultJvmMetadataDetector parseExecOutput (Ljava/io/File;Ljava/lang/String;)Lorg/gradle/internal/jvm/inspection/JvmInstallationMetadata; 33 <appendix> argL0 ; # org/gradle/internal/jvm/inspection/DefaultJvmMetadataDetector$$Lambda+0x0000017939a098e8
instanceKlass  @bci org/gradle/internal/jvm/inspection/DefaultJvmMetadataDetector parseExecOutput (Ljava/io/File;Ljava/lang/String;)Lorg/gradle/internal/jvm/inspection/JvmInstallationMetadata; 23 <appendix> argL0 ; # org/gradle/internal/jvm/inspection/DefaultJvmMetadataDetector$$Lambda+0x0000017939a096b0
instanceKlass  @bci org/gradle/internal/jvm/inspection/DefaultJvmMetadataDetector parseExecOutput (Ljava/io/File;Ljava/lang/String;)Lorg/gradle/internal/jvm/inspection/JvmInstallationMetadata; 13 <appendix> argL0 ; # org/gradle/internal/jvm/inspection/DefaultJvmMetadataDetector$$Lambda+0x0000017939a09468
instanceKlass org/gradle/process/internal/DefaultExecHandle$ExecResultImpl
instanceKlass  @bci org/gradle/process/internal/ExecHandleRunner run ()V 62 <appendix> member <vmtarget> ; # org/gradle/process/internal/ExecHandleRunner$$Lambda+0x0000017939a09000
instanceKlass org/gradle/process/internal/streams/ExecOutputHandleRunner
instanceKlass sun/util/logging/PlatformLogger$ConfigurableBridge$LoggerConfiguration
instanceKlass jdk/internal/logger/LoggerFinderLoader
instanceKlass  @bci java/lang/System$LoggerFinder accessProvider ()Ljava/lang/System$LoggerFinder; 8 <appendix> argL0 ; # java/lang/System$LoggerFinder$$Lambda+0x00000179396d4ab8
instanceKlass jdk/internal/logger/LazyLoggers$LazyLoggerFactories
instanceKlass jdk/internal/logger/LazyLoggers$1
instanceKlass jdk/internal/logger/LazyLoggers
instanceKlass java/lang/ProcessImpl$2
instanceKlass  @bci java/lang/ProcessHandleImpl lambda$static$1 ()Ljava/util/concurrent/Executor; 45 <appendix> member <vmtarget> ; # java/lang/ProcessHandleImpl$$Lambda+0x00000179396d3900
instanceKlass  @cpi java/lang/ProcessHandleImpl 436 form vmentry <vmtarget> ; # java/lang/invoke/LambdaForm$DMH+0x0000017939a08800
instanceKlass  @bci java/lang/ProcessHandleImpl <clinit> ()V 32 <appendix> argL0 ; # java/lang/ProcessHandleImpl$$Lambda+0x00000179396d36e8
instanceKlass java/lang/ProcessHandleImpl
instanceKlass  @bci java/lang/ProcessImpl <init> ([Ljava/lang/String;Ljava/lang/String;Ljava/lang/String;[JZZ)V 286 <appendix> member <vmtarget> ; # java/lang/ProcessImpl$$Lambda+0x00000179396d3238
instanceKlass  @cpi java/lang/ProcessImpl 625 form vmentry <vmtarget> ; # java/lang/invoke/LambdaForm$DMH+0x0000017939a08400
instanceKlass net/rubygrapefruit/platform/internal/jni/WindowsHandleFunctions
instanceKlass  @bci org/gradle/process/internal/ExecHandleRunner run ()V 8 <appendix> member <vmtarget> ; # org/gradle/process/internal/ExecHandleRunner$$Lambda+0x0000017939a0b7b0
instanceKlass org/gradle/process/internal/ProcessBuilderFactory
instanceKlass org/gradle/process/internal/DefaultExecHandle$CompositeStreamsHandler
instanceKlass org/gradle/process/internal/ExecHandleRunner
instanceKlass org/gradle/process/internal/ExecHandleShutdownHookAction
instanceKlass net/rubygrapefruit/platform/internal/DefaultProcessLauncher
instanceKlass net/rubygrapefruit/platform/internal/WindowsProcessLauncher
instanceKlass net/rubygrapefruit/platform/internal/WrapperProcessLauncher
instanceKlass org/gradle/process/ExecResult
instanceKlass org/gradle/process/internal/DefaultExecHandle
instanceKlass org/gradle/process/internal/ProcessSettings
instanceKlass org/gradle/process/internal/streams/OutputStreamsForwarder
instanceKlass org/gradle/process/internal/streams/SafeStreams
instanceKlass org/gradle/process/internal/ProcessStreamsSpec
instanceKlass org/gradle/process/internal/ProcessArgumentsSpec
instanceKlass org/gradle/process/internal/streams/EmptyStdInStreamsHandler
instanceKlass org/gradle/process/internal/ExecHandle
instanceKlass org/gradle/process/internal/StreamsHandler
instanceKlass org/gradle/process/internal/DefaultClientExecHandleBuilder
instanceKlass org/gradle/process/internal/ProcessArgumentsSpec$HasExecutable
instanceKlass org/gradle/internal/ErroringAction
instanceKlass  @bci org/gradle/internal/jvm/inspection/MetadataProbe <init> ()V 5 <appendix> argL0 ; # org/gradle/internal/jvm/inspection/MetadataProbe$$Lambda+0x0000017939a0d510
instanceKlass org/gradle/internal/jvm/inspection/MetadataProbe
instanceKlass  @bci org/gradle/internal/jvm/inspection/DefaultJavaInstallationRegistry toolchains ()Ljava/util/List; 42 <appendix> member <vmtarget> ; # org/gradle/internal/jvm/inspection/DefaultJavaInstallationRegistry$$Lambda+0x0000017939a0d0c0
instanceKlass org/gradle/internal/jvm/inspection/JvmToolchainMetadata
instanceKlass  @bci org/gradle/internal/jvm/inspection/DefaultJavaInstallationRegistry toolchains ()Ljava/util/List; 31 <appendix> member <vmtarget> ; # org/gradle/internal/jvm/inspection/DefaultJavaInstallationRegistry$$Lambda+0x0000017939a0cc88
instanceKlass org/gradle/internal/jvm/inspection/JvmInstallationProblemReporter$ProblemReport
instanceKlass  @bci org/gradle/jvm/toolchain/internal/SdkmanInstallationSupplier findJavaCandidates (Ljava/io/File;)Ljava/util/Set; 16 <appendix> argL0 ; # org/gradle/jvm/toolchain/internal/SdkmanInstallationSupplier$$Lambda+0x0000017939a0c858
instanceKlass  @bci org/gradle/jvm/toolchain/internal/AsdfInstallationSupplier findJavaCandidates (Ljava/io/File;)Ljava/util/Set; 16 <appendix> argL0 ; # org/gradle/jvm/toolchain/internal/AsdfInstallationSupplier$$Lambda+0x0000017939a0c630
instanceKlass org/gradle/api/internal/provider/DefaultValueSourceProviderFactory$ObtainedValueHolder
instanceKlass  @bci org/gradle/internal/cc/impl/fingerprint/ConfigurationCacheFingerprintWriter reportEnvironmentVariableInput (Ljava/lang/String;Ljava/lang/String;)V 6 <appendix> member <vmtarget> ; # org/gradle/internal/cc/impl/fingerprint/ConfigurationCacheFingerprintWriter$$Lambda+0x00000179399efb48
instanceKlass org/gradle/api/internal/provider/sources/SystemPropertiesPrefixedByValueSource$Parameters
instanceKlass org/gradle/api/internal/provider/sources/MapWithPrefixedKeysValueSource$Parameters
instanceKlass org/gradle/api/internal/provider/sources/SystemPropertyValueSource$Parameters
instanceKlass org/gradle/api/internal/provider/sources/AbstractPropertyValueSource$Parameters
instanceKlass org/gradle/api/internal/provider/sources/FileContentValueSource$Parameters
instanceKlass org/gradle/internal/cc/impl/fingerprint/ConfigurationCacheFingerprintWriter$valueObtained$1
instanceKlass org/gradle/api/internal/provider/DefaultValueSourceProviderFactory$DefaultObtainedValue
# instanceKlass org/gradle/api/internal/provider/sources/EnvironmentVariableValueSource$Inject_$$Lambda+0x0000017939a07008
# instanceKlass org/gradle/api/internal/provider/sources/EnvironmentVariableValueSource$Inject_$$Lambda+0x0000017939a06de8
# instanceKlass org/gradle/api/internal/provider/sources/EnvironmentVariableValueSource$Inject_$$Lambda+0x0000017939a06bc8
instanceKlass  @bci org/gradle/api/internal/provider/sources/EnvironmentVariableValueSource$Inject_ $gradleInit ()V 1 <appendix> member <vmtarget> ; # org/gradle/api/internal/provider/sources/EnvironmentVariableValueSource$Inject_$$Lambda+0x0000017939a069a8
# instanceKlass org/gradle/api/internal/provider/sources/EnvironmentVariableValueSource$Inject_$$Lambda+0x0000017939a06788
# instanceKlass org/gradle/api/internal/provider/DefaultValueSourceProviderFactory$$Lambda+0x0000017939a06218
# instanceKlass org/gradle/api/internal/provider/DefaultValueSourceProviderFactory$$Lambda+0x0000017939a05ff8
# instanceKlass org/gradle/api/internal/provider/DefaultValueSourceProviderFactory$$Lambda+0x0000017939a05dd8
# instanceKlass org/gradle/api/internal/provider/DefaultValueSourceProviderFactory$$Lambda+0x0000017939a05bb8
instanceKlass  @bci org/gradle/api/internal/provider/DefaultValueSourceProviderFactory instantiateValueSource (Ljava/lang/Class;Ljava/lang/Class;Lorg/gradle/api/provider/ValueSourceParameters;)Lorg/gradle/api/provider/ValueSource; 11 <appendix> member <vmtarget> ; # org/gradle/api/internal/provider/DefaultValueSourceProviderFactory$$Lambda+0x0000017939a05998
# instanceKlass org/gradle/api/internal/provider/sources/EnvironmentVariableValueSource$Parameters$Inject_$$Lambda+0x0000017939a05778
# instanceKlass org/gradle/api/internal/provider/sources/EnvironmentVariableValueSource$Parameters$Inject_$$Lambda+0x0000017939a05558
# instanceKlass org/gradle/api/internal/provider/sources/EnvironmentVariableValueSource$Parameters$Inject_$$Lambda+0x0000017939a05338
instanceKlass  @bci org/gradle/api/internal/provider/sources/EnvironmentVariableValueSource$Parameters$Inject_ $gradleInit ()V 1 <appendix> member <vmtarget> ; # org/gradle/api/internal/provider/sources/EnvironmentVariableValueSource$Parameters$Inject_$$Lambda+0x0000017939a04ef8
# instanceKlass org/gradle/api/internal/provider/sources/EnvironmentVariableValueSource$Parameters$Inject_$$Lambda+0x0000017939a05118
instanceKlass org/gradle/api/internal/provider/sources/EnvironmentVariableValueSource$Parameters$Inject_
# instanceKlass org/gradle/api/internal/provider/DefaultValueSourceProviderFactory$LazilyObtainedValue$$Lambda+0x0000017939a04798
# instanceKlass org/gradle/api/internal/provider/DefaultValueSourceProviderFactory$LazilyObtainedValue$$Lambda+0x0000017939a04578
# instanceKlass org/gradle/api/internal/provider/DefaultValueSourceProviderFactory$LazilyObtainedValue$$Lambda+0x0000017939a04358
# instanceKlass org/gradle/api/internal/provider/DefaultValueSourceProviderFactory$LazilyObtainedValue$$Lambda+0x0000017939a04138
instanceKlass  @bci org/gradle/api/internal/provider/DefaultValueSourceProviderFactory$LazilyObtainedValue <init> (Lorg/gradle/api/internal/provider/DefaultValueSourceProviderFactory;Ljava/lang/Class;Ljava/lang/Class;Lorg/gradle/api/provider/ValueSourceParameters;)V 48 <appendix> member <vmtarget> ; # org/gradle/api/internal/provider/DefaultValueSourceProviderFactory$LazilyObtainedValue$$Lambda+0x0000017939a03f18
instanceKlass org/gradle/api/internal/provider/ValueSourceProviderFactory$ValueListener$ObtainedValue
instanceKlass org/gradle/api/internal/provider/DefaultValueSourceProviderFactory$LazilyObtainedValue
# instanceKlass org/gradle/api/internal/provider/DefaultValueSourceProviderFactory$DefaultValueSourceSpec_Decorated$$Lambda+0x0000017939a036c8
# instanceKlass org/gradle/api/internal/provider/DefaultValueSourceProviderFactory$DefaultValueSourceSpec_Decorated$$Lambda+0x0000017939a038e8
# instanceKlass org/gradle/api/internal/provider/DefaultValueSourceProviderFactory$DefaultValueSourceSpec_Decorated$$Lambda+0x0000017939a03288
# instanceKlass org/gradle/api/internal/provider/DefaultValueSourceProviderFactory$DefaultValueSourceSpec_Decorated$$Lambda+0x0000017939a034a8
instanceKlass  @bci org/gradle/api/internal/provider/DefaultValueSourceProviderFactory$DefaultValueSourceSpec_Decorated $gradleInit ()V 1 <appendix> member <vmtarget> ; # org/gradle/api/internal/provider/DefaultValueSourceProviderFactory$DefaultValueSourceSpec_Decorated$$Lambda+0x0000017939a03068
instanceKlass org/gradle/api/internal/provider/DefaultValueSourceProviderFactory$DefaultValueSourceSpec
instanceKlass  @bci org/gradle/jvm/toolchain/internal/FileBasedInstallationFactory fromDirectory (Ljava/io/File;Ljava/lang/String;Ljava/util/function/BiFunction;)Ljava/util/Set; 29 <appendix> member <vmtarget> ; # org/gradle/jvm/toolchain/internal/FileBasedInstallationFactory$$Lambda+0x0000017939a02898
# instanceKlass org/gradle/api/internal/provider/sources/EnvironmentVariableValueSource$Parameters_Decorated$$Lambda+0x0000017939a02678
# instanceKlass org/gradle/api/internal/provider/sources/EnvironmentVariableValueSource$Parameters_Decorated$$Lambda+0x0000017939a02458
# instanceKlass org/gradle/api/internal/provider/sources/EnvironmentVariableValueSource$Parameters_Decorated$$Lambda+0x0000017939a02238
# instanceKlass org/gradle/api/internal/provider/sources/EnvironmentVariableValueSource$Parameters_Decorated$$Lambda+0x0000017939a02018
instanceKlass  @bci org/gradle/api/internal/provider/sources/EnvironmentVariableValueSource$Parameters_Decorated $gradleInit ()V 1 <appendix> member <vmtarget> ; # org/gradle/api/internal/provider/sources/EnvironmentVariableValueSource$Parameters_Decorated$$Lambda+0x0000017939a01df8
instanceKlass  @bci org/gradle/jvm/toolchain/internal/FileBasedInstallationFactory fromDirectory (Ljava/io/File;Ljava/lang/String;Ljava/util/function/BiFunction;)Ljava/util/Set; 17 <appendix> argL0 ; # org/gradle/jvm/toolchain/internal/FileBasedInstallationFactory$$Lambda+0x0000017939a01bb0
instanceKlass  @bci org/gradle/jvm/toolchain/internal/WindowsInstallationSupplier find (Ljava/lang/String;Ljava/lang/String;Ljava/lang/String;)Ljava/util/List; 18 <appendix> member <vmtarget> ; # org/gradle/jvm/toolchain/internal/WindowsInstallationSupplier$$Lambda+0x0000017939a01970
instanceKlass  @bci org/gradle/jvm/toolchain/internal/LocationListInstallationSupplier get ()Ljava/util/Set; 27 <appendix> member <vmtarget> ; # org/gradle/jvm/toolchain/internal/LocationListInstallationSupplier$$Lambda+0x0000017939a01730
instanceKlass org/gradle/api/internal/provider/sources/EnvironmentVariableValueSource$Parameters_Decorated
instanceKlass org/gradle/jvm/toolchain/internal/FileBasedInstallationFactory
instanceKlass  @bci org/gradle/jvm/toolchain/internal/LocationListInstallationSupplier get ()Ljava/util/Set; 16 <appendix> argL0 ; # org/gradle/jvm/toolchain/internal/LocationListInstallationSupplier$$Lambda+0x0000017939a00f10
instanceKlass net/rubygrapefruit/platform/internal/jni/WindowsRegistryFunctions
instanceKlass  @bci org/gradle/jvm/toolchain/internal/AutoInstalledInstallationSupplier get ()Ljava/util/Set; 39 <appendix> member <vmtarget> ; # org/gradle/jvm/toolchain/internal/AutoInstalledInstallationSupplier$$Lambda+0x0000017939a00ad0
instanceKlass  @bci org/gradle/jvm/toolchain/internal/IntellijInstallationSupplier get ()Ljava/util/Set; 13 <appendix> argL0 ; # org/gradle/jvm/toolchain/internal/IntellijInstallationSupplier$$Lambda+0x0000017939a008a8
instanceKlass  @bci org/gradle/jvm/toolchain/internal/EnvironmentVariableListInstallationSupplier get ()Ljava/util/Set; 37 <appendix> argL0 ; # org/gradle/jvm/toolchain/internal/EnvironmentVariableListInstallationSupplier$$Lambda+0x0000017939a00480
instanceKlass  @bci org/gradle/jvm/toolchain/internal/install/DefaultJdkCacheDirectory listJavaHomes ()Ljava/util/Set; 28 <appendix> member <vmtarget> ; # org/gradle/jvm/toolchain/internal/install/DefaultJdkCacheDirectory$$Lambda+0x0000017939a00000
instanceKlass  @bci org/gradle/jvm/toolchain/internal/EnvironmentVariableListInstallationSupplier get ()Ljava/util/Set; 27 <appendix> argL0 ; # org/gradle/jvm/toolchain/internal/EnvironmentVariableListInstallationSupplier$$Lambda+0x00000179399fdd40
instanceKlass  @bci org/gradle/jvm/internal/services/ProviderBackedToolchainConfiguration getIntelliJdkDirectory ()Ljava/io/File; 6 <appendix> argL0 ; # org/gradle/jvm/internal/services/ProviderBackedToolchainConfiguration$$Lambda+0x00000179399ef4f8
instanceKlass  @bci org/gradle/jvm/toolchain/internal/install/DefaultJdkCacheDirectory listJavaHomes ()Ljava/util/Set; 17 <appendix> member <vmtarget> ; # org/gradle/jvm/toolchain/internal/install/DefaultJdkCacheDirectory$$Lambda+0x00000179399fdaf0
instanceKlass  @bci org/gradle/jvm/toolchain/internal/EnvironmentVariableListInstallationSupplier get ()Ljava/util/Set; 17 <appendix> member <vmtarget> ; # org/gradle/jvm/toolchain/internal/EnvironmentVariableListInstallationSupplier$$Lambda+0x00000179399fd8b0
instanceKlass  @bci org/gradle/jvm/toolchain/internal/WindowsInstallationSupplier findInstallationsInRegistry ()Ljava/util/Set; 65 <appendix> member <vmtarget> ; # org/gradle/jvm/toolchain/internal/WindowsInstallationSupplier$$Lambda+0x00000179399fd670
instanceKlass org/gradle/api/internal/provider/sources/EnvironmentVariableValueSource$Parameters
instanceKlass  @bci org/gradle/jvm/toolchain/internal/WindowsInstallationSupplier findInstallationsInRegistry ()Ljava/util/Set; 48 <appendix> argL0 ; # org/gradle/jvm/toolchain/internal/WindowsInstallationSupplier$$Lambda+0x00000179399fd240
instanceKlass  @bci org/gradle/jvm/toolchain/internal/WindowsInstallationSupplier findInstallationsInRegistry ()Ljava/util/Set; 38 <appendix> member <vmtarget> ; # org/gradle/jvm/toolchain/internal/WindowsInstallationSupplier$$Lambda+0x00000179399fd000
# instanceKlass org/gradle/api/internal/provider/DefaultProviderFactory$$Lambda+0x00000179399ffd20
instanceKlass  @bci org/gradle/api/internal/provider/DefaultProviderFactory environmentVariable (Lorg/gradle/api/provider/Provider;)Lorg/gradle/api/provider/Provider; 4 <appendix> member <vmtarget> ; # org/gradle/api/internal/provider/DefaultProviderFactory$$Lambda+0x00000179399ffb00
# instanceKlass org/gradle/api/internal/provider/DefaultProviderFactory$$Lambda+0x00000179399ff8e0
instanceKlass  @bci org/gradle/jvm/toolchain/internal/WindowsInstallationSupplier findOpenJDKs ()Ljava/util/stream/Stream; 23 <appendix> member <vmtarget> ; # org/gradle/jvm/toolchain/internal/WindowsInstallationSupplier$$Lambda+0x00000179399ff6a0
instanceKlass org/gradle/api/internal/provider/sources/EnvironmentVariableValueSource
instanceKlass java/util/concurrent/ForkJoinTask$Aux
instanceKlass  @bci org/gradle/internal/jvm/inspection/DefaultJavaInstallationRegistry distinctByKey (Ljava/util/function/Function;)Ljava/util/function/Predicate; 6 <appendix> member <vmtarget> ; # org/gradle/internal/jvm/inspection/DefaultJavaInstallationRegistry$$Lambda+0x00000179399ff1f8
instanceKlass  @bci org/gradle/internal/jvm/inspection/DefaultJavaInstallationRegistry collectInstallations (Ljava/util/List;)Ljava/util/Set; 81 <appendix> argL0 ; # org/gradle/internal/jvm/inspection/DefaultJavaInstallationRegistry$$Lambda+0x00000179399fefc0
instanceKlass  @bci org/gradle/internal/jvm/inspection/DefaultJavaInstallationRegistry collectInstallations (Ljava/util/List;)Ljava/util/Set; 71 <appendix> member <vmtarget> ; # org/gradle/internal/jvm/inspection/DefaultJavaInstallationRegistry$$Lambda+0x00000179399fed70
instanceKlass  @bci org/gradle/internal/jvm/inspection/DefaultJavaInstallationRegistry collectInstallations (Ljava/util/List;)Ljava/util/Set; 60 <appendix> member <vmtarget> ; # org/gradle/internal/jvm/inspection/DefaultJavaInstallationRegistry$$Lambda+0x00000179399feb30
instanceKlass  @bci org/gradle/internal/jvm/inspection/DefaultJavaInstallationRegistry collectInstallations (Ljava/util/List;)Ljava/util/Set; 49 <appendix> member <vmtarget> ; # org/gradle/internal/jvm/inspection/DefaultJavaInstallationRegistry$$Lambda+0x00000179399fe8f0
instanceKlass  @bci org/gradle/internal/jvm/inspection/DefaultJavaInstallationRegistry collectInstallations (Ljava/util/List;)Ljava/util/Set; 38 <appendix> member <vmtarget> ; # org/gradle/internal/jvm/inspection/DefaultJavaInstallationRegistry$$Lambda+0x00000179399fe6a0
instanceKlass  @bci org/gradle/internal/jvm/inspection/DefaultJavaInstallationRegistry collectInstallations (Ljava/util/List;)Ljava/util/Set; 27 <appendix> argL0 ; # org/gradle/internal/jvm/inspection/DefaultJavaInstallationRegistry$$Lambda+0x00000179399fe468
instanceKlass  @bci org/gradle/internal/jvm/inspection/DefaultJavaInstallationRegistry collectInstallations (Ljava/util/List;)Ljava/util/Set; 17 <appendix> argL0 ; # org/gradle/internal/jvm/inspection/DefaultJavaInstallationRegistry$$Lambda+0x00000179399fe230
instanceKlass  @bci org/gradle/internal/jvm/inspection/DefaultJavaInstallationRegistry collectInstallations (Ljava/util/List;)Ljava/util/Set; 7 <appendix> member <vmtarget> ; # org/gradle/internal/jvm/inspection/DefaultJavaInstallationRegistry$$Lambda+0x00000179399fe000
instanceKlass  @bci org/gradle/internal/jvm/inspection/DefaultJavaInstallationRegistry maybeCollectInBuildOperation (Ljava/util/List;)Ljava/util/Set; 23 <appendix> member <vmtarget> ; # org/gradle/internal/jvm/inspection/DefaultJavaInstallationRegistry$$Lambda+0x00000179399fbd48
instanceKlass org/gradle/internal/jvm/inspection/DefaultJavaInstallationRegistry$ToolchainDetectionBuildOperation
instanceKlass org/gradle/jvm/toolchain/internal/install/JvmInstallationMetadataMatcher
instanceKlass  @bci org/gradle/jvm/toolchain/internal/JavaToolchainQueryService resolveToolchain (Lorg/gradle/jvm/toolchain/internal/JavaToolchainSpecInternal;Ljava/util/Set;)Lorg/gradle/jvm/toolchain/internal/JavaToolchain; 113 <appendix> member <vmtarget> ; # org/gradle/jvm/toolchain/internal/JavaToolchainQueryService$$Lambda+0x00000179399fb358
instanceKlass org/gradle/jvm/toolchain/internal/JavaToolchainQueryService$ToolchainLookupKey
instanceKlass org/gradle/jvm/toolchain/internal/DefaultToolchainSpec$Key
instanceKlass org/gradle/api/internal/tasks/compile/JavaCompileExecutableUtils
instanceKlass  @bci org/gradle/internal/properties/annotations/AbstractTypeMetadataWalker$InstanceTypeMetadataWalker walkNestedProvider (Ljava/lang/Object;Ljava/lang/String;Lorg/gradle/internal/properties/annotations/PropertyMetadata;Lorg/gradle/internal/properties/annotations/TypeMetadataWalker$InstanceMetadataVisitor;ZLjava/util/function/Consumer;)V 2 <appendix> member <vmtarget> ; # org/gradle/internal/properties/annotations/AbstractTypeMetadataWalker$InstanceTypeMetadataWalker$$Lambda+0x00000179399fad28
instanceKlass  @bci org/gradle/internal/properties/annotations/AbstractTypeMetadataWalker walkNested (Ljava/lang/Object;Ljava/lang/String;Lorg/gradle/internal/properties/annotations/PropertyMetadata;Lorg/gradle/internal/properties/annotations/TypeMetadataWalker$TypeMetadataVisitor;Ljava/util/Map;Z)V 34 <adapter> ; # java/lang/invoke/LambdaForm$MH+0x00000179399fcc00
# instanceKlass java/lang/invoke/LambdaForm$DMH+0x00000179399fc800
instanceKlass  @bci org/gradle/internal/properties/annotations/AbstractTypeMetadataWalker walkNested (Ljava/lang/Object;Ljava/lang/String;Lorg/gradle/internal/properties/annotations/PropertyMetadata;Lorg/gradle/internal/properties/annotations/TypeMetadataWalker$TypeMetadataVisitor;Ljava/util/Map;Z)V 34 <appendix> form vmentry <vmtarget> ; # java/lang/invoke/LambdaForm$DMH+0x00000179399fc400
instanceKlass  @bci org/gradle/internal/properties/annotations/AbstractTypeMetadataWalker walkNested (Ljava/lang/Object;Ljava/lang/String;Lorg/gradle/internal/properties/annotations/PropertyMetadata;Lorg/gradle/internal/properties/annotations/TypeMetadataWalker$TypeMetadataVisitor;Ljava/util/Map;Z)V 34 <appendix> member <vmtarget> ; # org/gradle/internal/properties/annotations/AbstractTypeMetadataWalker$$Lambda+0x00000179399faaf8
instanceKlass  @cpi org/gradle/internal/properties/annotations/AbstractTypeMetadataWalker 262 form vmentry <vmtarget> ; # java/lang/invoke/LambdaForm$DMH+0x00000179399fc000
instanceKlass  @bci org/gradle/internal/properties/annotations/AbstractTypeMetadataWalker$InstanceTypeMetadataWalker walkNestedChild (Ljava/lang/Object;Ljava/lang/String;Lorg/gradle/internal/properties/annotations/PropertyMetadata;Lorg/gradle/internal/properties/annotations/TypeMetadataWalker$InstanceMetadataVisitor;Ljava/util/function/Consumer;)V 7 <appendix> member <vmtarget> ; # org/gradle/internal/properties/annotations/AbstractTypeMetadataWalker$InstanceTypeMetadataWalker$$Lambda+0x00000179399fa8d8
instanceKlass  @bci org/gradle/internal/properties/annotations/AbstractTypeMetadataWalker lambda$walkChildren$4 (Ljava/lang/Object;Ljava/lang/String;Lorg/gradle/internal/properties/annotations/TypeMetadataWalker$TypeMetadataVisitor;Ljava/util/Map;Lorg/gradle/internal/properties/annotations/PropertyMetadata;)V 37 <appendix> member <vmtarget> ; # org/gradle/internal/properties/annotations/AbstractTypeMetadataWalker$$Lambda+0x00000179399fa6a8
instanceKlass org/gradle/execution/plan/NodeSets$LazySortedReferenceHashSet$1
instanceKlass it/unimi/dsi/fastutil/objects/ObjectIterators$EmptyIterator
instanceKlass it/unimi/dsi/fastutil/objects/ObjectList
instanceKlass it/unimi/dsi/fastutil/objects/ObjectIterators
instanceKlass org/gradle/execution/plan/edges/DependencyPredecessorsOnlyNodeSet
instanceKlass org/gradle/execution/plan/edges/DependencySuccessorsOnlyNodeSet
instanceKlass  @bci org/gradle/execution/plan/TaskNodeDependencyResolver resolve (Lorg/gradle/api/Task;Ljava/lang/Object;Lorg/gradle/api/Action;)Z 7 <appendix> member <vmtarget> ; # org/gradle/execution/plan/TaskNodeDependencyResolver$$Lambda+0x00000179399f9558
instanceKlass  @bci org/gradle/api/internal/tasks/CachingTaskDependencyResolveContext$TaskGraphImpl getNodeValues (Ljava/lang/Object;Ljava/util/Collection;Ljava/util/Collection;)V 128 <appendix> member <vmtarget> ; # org/gradle/api/internal/tasks/CachingTaskDependencyResolveContext$TaskGraphImpl$$Lambda+0x00000179399f9338
instanceKlass  @bci org/gradle/api/plugins/JavaBasePlugin lambda$createProcessResourcesTask$7 (Lorg/gradle/api/file/SourceDirectorySet;Lorg/gradle/api/tasks/SourceSet;Lorg/gradle/language/jvm/tasks/ProcessResources;)V 48 <appendix> member <vmtarget> ; # org/gradle/api/plugins/JavaBasePlugin$$Lambda+0x00000179399ef0d8
instanceKlass  @bci org/gradle/language/jvm/tasks/ProcessResources_Decorated $gradleInit ()V 1 <appendix> member <vmtarget> ; # org/gradle/language/jvm/tasks/ProcessResources_Decorated$$Lambda+0x00000179399eeeb8
instanceKlass  @bci org/gradle/api/tasks/AbstractCopyTask lambda$new$1 (Lorg/gradle/api/internal/file/copy/CopySpecInternal$CopySpecAddress;Lorg/gradle/api/internal/file/copy/CopySpecInternal;)V 419 <appendix> member <vmtarget> ; # org/gradle/api/tasks/AbstractCopyTask$$Lambda+0x00000179399f9118
instanceKlass  @bci org/gradle/api/tasks/AbstractCopyTask lambda$new$1 (Lorg/gradle/api/internal/file/copy/CopySpecInternal$CopySpecAddress;Lorg/gradle/api/internal/file/copy/CopySpecInternal;)V 363 <appendix> argL0 ; # org/gradle/api/tasks/AbstractCopyTask$$Lambda+0x00000179399f8ef0
instanceKlass  @bci org/gradle/api/tasks/AbstractCopyTask lambda$new$1 (Lorg/gradle/api/internal/file/copy/CopySpecInternal$CopySpecAddress;Lorg/gradle/api/internal/file/copy/CopySpecInternal;)V 307 <appendix> argL0 ; # org/gradle/api/tasks/AbstractCopyTask$$Lambda+0x00000179399f8cc8
instanceKlass org/gradle/api/internal/lambdas/SerializableLambdas$SerializableTransformer
instanceKlass  @bci org/gradle/api/tasks/AbstractCopyTask lambda$new$1 (Lorg/gradle/api/internal/file/copy/CopySpecInternal$CopySpecAddress;Lorg/gradle/api/internal/file/copy/CopySpecInternal;)V 265 <appendix> member <vmtarget> ; # org/gradle/api/tasks/AbstractCopyTask$$Lambda+0x00000179399f88b0
instanceKlass  @bci org/gradle/api/tasks/AbstractCopyTask lambda$new$1 (Lorg/gradle/api/internal/file/copy/CopySpecInternal$CopySpecAddress;Lorg/gradle/api/internal/file/copy/CopySpecInternal;)V 223 <appendix> member <vmtarget> ; # org/gradle/api/tasks/AbstractCopyTask$$Lambda+0x00000179399f8690
instanceKlass  @bci org/gradle/api/tasks/AbstractCopyTask lambda$new$1 (Lorg/gradle/api/internal/file/copy/CopySpecInternal$CopySpecAddress;Lorg/gradle/api/internal/file/copy/CopySpecInternal;)V 181 <appendix> member <vmtarget> ; # org/gradle/api/tasks/AbstractCopyTask$$Lambda+0x00000179399f8470
instanceKlass org/gradle/api/internal/tasks/DefaultTaskInputPropertyRegistration
instanceKlass org/gradle/api/internal/tasks/TaskInputPropertyRegistration
instanceKlass  @bci org/gradle/api/internal/tasks/DefaultTaskInputs property (Ljava/lang/String;Ljava/lang/Object;)Lorg/gradle/api/tasks/TaskInputPropertyBuilder; 9 <appendix> member <vmtarget> ; # org/gradle/api/internal/tasks/DefaultTaskInputs$$Lambda+0x00000179399f1c00
instanceKlass  @bci org/gradle/api/tasks/AbstractCopyTask lambda$new$1 (Lorg/gradle/api/internal/file/copy/CopySpecInternal$CopySpecAddress;Lorg/gradle/api/internal/file/copy/CopySpecInternal;)V 139 <appendix> member <vmtarget> ; # org/gradle/api/tasks/AbstractCopyTask$$Lambda+0x00000179399f3c20
instanceKlass org/gradle/api/internal/tasks/AbstractTaskFilePropertyRegistration
instanceKlass org/gradle/internal/properties/StaticValue
instanceKlass  @bci org/gradle/api/internal/tasks/DefaultTaskInputs files ([Ljava/lang/Object;)Lorg/gradle/api/internal/tasks/TaskInputFilePropertyBuilderInternal; 8 <appendix> member <vmtarget> ; # org/gradle/api/internal/tasks/DefaultTaskInputs$$Lambda+0x00000179399f3008
instanceKlass  @bci org/gradle/api/tasks/AbstractCopyTask lambda$new$1 (Lorg/gradle/api/internal/file/copy/CopySpecInternal$CopySpecAddress;Lorg/gradle/api/internal/file/copy/CopySpecInternal;)V 74 <appendix> member <vmtarget> ; # org/gradle/api/tasks/AbstractCopyTask$$Lambda+0x00000179399f2de8
instanceKlass  @bci org/gradle/api/internal/file/copy/DefaultCopySpec addChildSpec (ILorg/gradle/api/internal/file/copy/CopySpecInternal;)V 57 <appendix> member <vmtarget> ; # org/gradle/api/internal/file/copy/DefaultCopySpec$$Lambda+0x00000179399f7c98
instanceKlass org/gradle/api/internal/file/copy/DefaultCopySpec$DefaultCopySpecAddress
instanceKlass  @bci org/gradle/api/internal/file/copy/DefaultCopySpec addChildSpec (ILorg/gradle/api/internal/file/copy/CopySpecInternal;)V 35 <appendix> member <vmtarget> ; # org/gradle/api/internal/file/copy/DefaultCopySpec$$Lambda+0x00000179399f77f0
instanceKlass  @cpi org/gradle/api/internal/file/copy/DefaultCopySpec 758 form vmentry <vmtarget> ; # java/lang/invoke/LambdaForm$DMH+0x00000179399f1800
instanceKlass  @bci org/gradle/api/internal/file/copy/SingleParentCopySpec_Decorated $gradleInit ()V 1 <appendix> member <vmtarget> ; # org/gradle/api/internal/file/copy/SingleParentCopySpec_Decorated$$Lambda+0x00000179399f75d0
# instanceKlass java/lang/invoke/LambdaForm$MH+0x00000179399f1400
# instanceKlass java/lang/invoke/LambdaForm$MH+0x00000179399f1000
# instanceKlass java/lang/invoke/LambdaForm$MH+0x00000179399f0c00
# instanceKlass java/lang/invoke/LambdaForm$MH+0x00000179399f0800
instanceKlass org/gradle/api/internal/file/copy/DefaultCopySpec$DefaultCopySpecResolver
instanceKlass  @bci org/gradle/api/tasks/AbstractCopyTask <init> ()V 34 <appendix> member <vmtarget> ; # org/gradle/api/tasks/AbstractCopyTask$$Lambda+0x00000179399f6420
instanceKlass  @bci org/gradle/api/tasks/AbstractCopyTask <init> ()V 17 <appendix> member <vmtarget> ; # org/gradle/api/tasks/AbstractCopyTask$$Lambda+0x00000179399f6200
instanceKlass  @bci org/gradle/api/internal/file/copy/DestinationRootCopySpec_Decorated $gradleInit ()V 1 <appendix> member <vmtarget> ; # org/gradle/api/internal/file/copy/DestinationRootCopySpec_Decorated$$Lambda+0x00000179399f5fe0
instanceKlass  @bci org/gradle/api/internal/file/copy/DefaultCopySpec_Decorated $gradleInit ()V 1 <appendix> member <vmtarget> ; # org/gradle/api/internal/file/copy/DefaultCopySpec_Decorated$$Lambda+0x00000179399f4fd8
instanceKlass org/gradle/api/internal/file/copy/PathNotationConverter
instanceKlass org/gradle/api/file/FileCopyDetails
instanceKlass org/gradle/api/internal/file/copy/CopySpecInternal$CopySpecListener
instanceKlass org/gradle/api/internal/file/copy/CopySpecInternal$CopySpecVisitor
# instanceKlass java/lang/invoke/LambdaForm$MH+0x00000179399f0400
instanceKlass org/gradle/api/file/ConfigurableFilePermissions
instanceKlass org/gradle/api/file/FilePermissions
instanceKlass org/gradle/api/internal/file/copy/CopySpecInternal$CopySpecAddress
instanceKlass org/gradle/api/internal/file/copy/CopyActionExecuter
instanceKlass org/gradle/api/internal/file/copy/CopySpecResolver
instanceKlass org/gradle/api/internal/AbstractTask$TaskActionWrapper
instanceKlass org/gradle/api/internal/AbstractTask$13
instanceKlass org/springframework/boot/gradle/plugin/JavaPluginAction$AdditionalMetadataLocationsConfigurer
instanceKlass  @bci org/springframework/boot/gradle/plugin/JavaPluginAction configureAdditionalMetadataLocations (Lorg/gradle/api/tasks/compile/JavaCompile;)V 58 <appendix> member <vmtarget> ; # org/springframework/boot/gradle/plugin/JavaPluginAction$$Lambda+0x00000179399d08c8
instanceKlass  @bci java/util/Comparator thenComparing (Ljava/util/Comparator;)Ljava/util/Comparator; 7 <appendix> member <vmtarget> ; # java/util/Comparator$$Lambda+0x00000179396d2380
instanceKlass  @cpi java/util/Comparator 251 form vmentry <vmtarget> ; # java/lang/invoke/LambdaForm$DMH+0x00000179399f0000
instanceKlass  @bci org/gradle/api/internal/file/collections/ReproducibleDirectoryWalker <clinit> ()V 8 <appendix> argL0 ; # org/gradle/api/internal/file/collections/ReproducibleDirectoryWalker$$Lambda+0x00000179399e9a30
instanceKlass  @bci org/gradle/api/internal/file/collections/ReproducibleDirectoryWalker <clinit> ()V 0 <appendix> argL0 ; # org/gradle/api/internal/file/collections/ReproducibleDirectoryWalker$$Lambda+0x00000179399e97f8
instanceKlass org/gradle/api/internal/file/collections/ReproducibleDirectoryWalker$PathWithAttributes
instanceKlass org/gradle/api/internal/file/collections/ReproducibleDirectoryWalker
instanceKlass org/gradle/internal/nativeintegration/services/FileSystems
instanceKlass org/gradle/api/internal/file/collections/DefaultDirectoryWalker
instanceKlass org/gradle/api/internal/file/collections/DirectoryWalker
instanceKlass  @bci org/springframework/boot/gradle/plugin/JavaPluginAction configureAdditionalMetadataLocations (Lorg/gradle/api/tasks/compile/JavaCompile;)V 42 <appendix> argL0 ; # org/springframework/boot/gradle/plugin/JavaPluginAction$$Lambda+0x00000179399d0690
instanceKlass  @bci org/springframework/boot/gradle/plugin/JavaPluginAction configureAdditionalMetadataLocations (Lorg/gradle/api/tasks/compile/JavaCompile;)V 32 <appendix> member <vmtarget> ; # org/springframework/boot/gradle/plugin/JavaPluginAction$$Lambda+0x00000179399d0440
instanceKlass  @bci org/gradle/api/plugins/JavaBasePlugin getToolchainTool (Lorg/gradle/api/Project;Ljava/util/function/BiFunction;Lorg/gradle/api/provider/Provider;)Lorg/gradle/api/provider/Provider; 53 <appendix> member <vmtarget> ; # org/gradle/api/plugins/JavaBasePlugin$$Lambda+0x00000179399ed988
instanceKlass  @bci org/gradle/api/plugins/JavaBasePlugin lambda$createCompileJavaTask$5 (Lorg/gradle/api/tasks/SourceSet;Lorg/gradle/api/file/SourceDirectorySet;Lorg/gradle/api/Project;Lorg/gradle/api/tasks/compile/JavaCompile;)V 100 <appendix> argL0 ; # org/gradle/api/plugins/JavaBasePlugin$$Lambda+0x00000179399ed760
instanceKlass  @bci org/gradle/api/plugins/JavaBasePlugin lambda$createCompileJavaTask$5 (Lorg/gradle/api/tasks/SourceSet;Lorg/gradle/api/file/SourceDirectorySet;Lorg/gradle/api/Project;Lorg/gradle/api/tasks/compile/JavaCompile;)V 81 <appendix> member <vmtarget> ; # org/gradle/api/plugins/JavaBasePlugin$$Lambda+0x00000179399ed540
instanceKlass  @bci org/gradle/api/plugins/internal/JvmPluginsHelper configureAnnotationProcessorPath (Lorg/gradle/api/tasks/SourceSet;Lorg/gradle/api/file/SourceDirectorySet;Lorg/gradle/api/tasks/compile/CompileOptions;Lorg/gradle/api/Project;)V 23 <appendix> member <vmtarget> ; # org/gradle/api/plugins/internal/JvmPluginsHelper$$Lambda+0x00000179399ed320
instanceKlass  @bci org/gradle/api/plugins/JavaBasePlugin lambda$createCompileJavaTask$5 (Lorg/gradle/api/tasks/SourceSet;Lorg/gradle/api/file/SourceDirectorySet;Lorg/gradle/api/Project;Lorg/gradle/api/tasks/compile/JavaCompile;)V 18 <appendix> member <vmtarget> ; # org/gradle/api/plugins/JavaBasePlugin$$Lambda+0x00000179399ed100
instanceKlass  @bci org/gradle/api/plugins/internal/JvmPluginsHelper configureCompileDefaults (Lorg/gradle/api/tasks/compile/AbstractCompile;Lorg/gradle/api/plugins/internal/DefaultJavaPluginExtension;Ljava/util/function/BiFunction;)V 27 <appendix> member <vmtarget> ; # org/gradle/api/plugins/internal/JvmPluginsHelper$$Lambda+0x00000179399ecee0
instanceKlass  @bci org/gradle/api/plugins/internal/JvmPluginsHelper configureCompileDefaults (Lorg/gradle/api/tasks/compile/AbstractCompile;Lorg/gradle/api/plugins/internal/DefaultJavaPluginExtension;Ljava/util/function/BiFunction;)V 10 <appendix> member <vmtarget> ; # org/gradle/api/plugins/internal/JvmPluginsHelper$$Lambda+0x00000179399eccc0
instanceKlass  @bci org/gradle/api/plugins/JavaBasePlugin lambda$configureCompileDefaults$17 (Lorg/gradle/api/plugins/internal/DefaultJavaPluginExtension;Lorg/gradle/api/tasks/compile/AbstractCompile;)V 3 <appendix> member <vmtarget> ; # org/gradle/api/plugins/JavaBasePlugin$$Lambda+0x00000179399eca90
instanceKlass  @bci org/gradle/api/internal/tasks/DefaultTaskOutputs cacheIf (Ljava/lang/String;Lorg/gradle/api/specs/Spec;)V 9 <appendix> member <vmtarget> ; # org/gradle/api/internal/tasks/DefaultTaskOutputs$$Lambda+0x00000179399e8b80
instanceKlass org/gradle/api/internal/project/taskfactory/DefaultTaskClassInfoStore$IncrementalTaskActionFactory
instanceKlass  @bci org/gradle/api/tasks/compile/JavaCompile_Decorated $gradleInit ()V 1 <appendix> member <vmtarget> ; # org/gradle/api/tasks/compile/JavaCompile_Decorated$$Lambda+0x00000179399ec870
instanceKlass  @bci org/gradle/api/internal/tasks/DefaultTaskOutputs doNotCacheIf (Ljava/lang/String;Lorg/gradle/api/specs/Spec;)V 9 <appendix> member <vmtarget> ; # org/gradle/api/internal/tasks/DefaultTaskOutputs$$Lambda+0x00000179399e8490
instanceKlass  @bci org/gradle/api/internal/tasks/compile/CompilerForkUtils doNotCacheIfForkingViaExecutable (Lorg/gradle/api/tasks/compile/CompileOptions;Lorg/gradle/api/tasks/TaskOutputs;)V 4 <appendix> member <vmtarget> ; # org/gradle/api/internal/tasks/compile/CompilerForkUtils$$Lambda+0x00000179399ec640
instanceKlass org/gradle/api/internal/tasks/compile/CompilerForkUtils
instanceKlass  @bci org/gradle/api/tasks/compile/CompileOptions_Decorated $gradleInit ()V 1 <appendix> member <vmtarget> ; # org/gradle/api/tasks/compile/CompileOptions_Decorated$$Lambda+0x00000179399ec220
instanceKlass  @bci org/gradle/api/tasks/compile/ForkOptions_Decorated $gradleInit ()V 1 <appendix> member <vmtarget> ; # org/gradle/api/tasks/compile/ForkOptions_Decorated$$Lambda+0x00000179399ec000
instanceKlass org/gradle/process/CommandLineArgumentProvider
instanceKlass org/gradle/api/tasks/compile/BaseForkOptions
instanceKlass org/gradle/api/tasks/compile/DebugOptions
instanceKlass  @bci org/gradle/jvm/toolchain/internal/DefaultJavaToolchainService compilerFor (Lorg/gradle/jvm/toolchain/JavaToolchainSpec;)Lorg/gradle/api/provider/Provider; 30 <appendix> member <vmtarget> ; # org/gradle/jvm/toolchain/internal/DefaultJavaToolchainService$$Lambda+0x00000179399dab80
instanceKlass  @bci org/gradle/jvm/toolchain/internal/DefaultJavaToolchainService compilerFor (Lorg/gradle/jvm/toolchain/JavaToolchainSpec;)Lorg/gradle/api/provider/Provider; 19 <appendix> member <vmtarget> ; # org/gradle/jvm/toolchain/internal/DefaultJavaToolchainService$$Lambda+0x00000179399da960
instanceKlass  @bci org/gradle/jvm/toolchain/internal/JavaToolchainQueryService findMatchingToolchain (Lorg/gradle/jvm/toolchain/JavaToolchainSpec;Ljava/util/Set;)Lorg/gradle/api/internal/provider/ProviderInternal; 15 <appendix> member <vmtarget> ; # org/gradle/jvm/toolchain/internal/JavaToolchainQueryService$$Lambda+0x00000179399e7168
instanceKlass  @bci org/gradle/api/tasks/compile/JavaCompile <init> ()V 93 <appendix> argL0 ; # org/gradle/api/tasks/compile/JavaCompile$$Lambda+0x00000179399da748
instanceKlass  @bci org/gradle/api/tasks/compile/JavaCompile <init> ()V 82 <appendix> member <vmtarget> ; # org/gradle/api/tasks/compile/JavaCompile$$Lambda+0x00000179399da528
instanceKlass  @bci org/gradle/api/tasks/compile/JavaCompile <init> ()V 66 <appendix> member <vmtarget> ; # org/gradle/api/tasks/compile/JavaCompile$$Lambda+0x00000179399da308
instanceKlass  @bci org/gradle/api/tasks/compile/JavaCompile <init> ()V 23 <appendix> member <vmtarget> ; # org/gradle/api/tasks/compile/JavaCompile$$Lambda+0x00000179399da0e8
instanceKlass  @bci sun/reflect/annotation/AnnotationParser parseAnnotationArray (ILjava/lang/Class;Ljava/nio/ByteBuffer;Ljdk/internal/reflect/ConstantPool;Ljava/lang/Class;)Ljava/lang/Object; 15 <appendix> member <vmtarget> ; # sun/reflect/annotation/AnnotationParser$$Lambda+0x00000179396d2160
instanceKlass org/gradle/internal/instrumentation/api/annotations/ReplacesEagerProperty$DefaultValue
instanceKlass org/gradle/internal/instrumentation/api/annotations/ReplacedAccessor
instanceKlass org/gradle/internal/instrumentation/api/annotations/ReplacedDeprecation
instanceKlass org/gradle/internal/reflect/MethodSet$1
instanceKlass org/gradle/api/internal/tasks/compile/CleaningJavaCompiler
instanceKlass org/gradle/api/internal/tasks/compile/incremental/recomp/AbstractRecompilationSpecProvider
instanceKlass org/gradle/api/internal/tasks/compile/DefaultJvmLanguageCompileSpec
instanceKlass org/gradle/internal/reflect/validation/TypeValidationContext$1
instanceKlass org/gradle/api/internal/tasks/TaskPropertyUtils
instanceKlass org/gradle/api/internal/tasks/DefaultTaskInputs$1
instanceKlass org/gradle/execution/plan/ResolveMutationsNode$2
instanceKlass org/gradle/api/internal/tasks/execution/ResolveTaskMutationsBuildOperationType$Result
instanceKlass org/gradle/execution/plan/NodeSets
instanceKlass  @bci it/unimi/dsi/fastutil/objects/ObjectOpenHashSet <clinit> ()V 10 <appendix> argL0 ; # it/unimi/dsi/fastutil/objects/ObjectOpenHashSet$$Lambda+0x00000179399e2998
instanceKlass  @bci it/unimi/dsi/fastutil/objects/ObjectOpenHashSet <clinit> ()V 5 <appendix> argL0 ; # it/unimi/dsi/fastutil/objects/ObjectOpenHashSet$$Lambda+0x00000179399e2770
instanceKlass  @bci it/unimi/dsi/fastutil/objects/ObjectOpenHashSet <clinit> ()V 0 <appendix> argL0 ; # it/unimi/dsi/fastutil/objects/ObjectOpenHashSet$$Lambda+0x00000179399e2558
instanceKlass org/gradle/execution/plan/ConsumerState
instanceKlass org/gradle/execution/plan/MutationInfo
instanceKlass org/gradle/execution/plan/edges/DependentNodesSet$1
instanceKlass org/gradle/execution/plan/edges/DependentNodesSet
instanceKlass org/gradle/execution/plan/edges/DependencyNodesSet$1
instanceKlass org/gradle/execution/plan/edges/DependencyNodesSet
instanceKlass  @bci org/gradle/execution/plan/TaskNodeFactory$DefaultTypeOriginInspectorFactory forTask (Lorg/gradle/api/Task;)Lorg/gradle/execution/plan/TaskNodeFactory$DefaultTypeOriginInspectorFactory$ProjectScopedTypeOriginInspector; 11 <appendix> member <vmtarget> ; # org/gradle/execution/plan/TaskNodeFactory$DefaultTypeOriginInspectorFactory$$Lambda+0x00000179399e02a0
instanceKlass org/gradle/execution/plan/TaskNodeFactory$DefaultTypeOriginInspectorFactory$ProjectScopedTypeOriginInspector
instanceKlass org/gradle/execution/plan/NodeGroup
instanceKlass  @bci org/gradle/execution/plan/TaskNodeFactory getOrCreateNode (Lorg/gradle/api/Task;)Lorg/gradle/execution/plan/TaskNode; 6 <appendix> member <vmtarget> ; # org/gradle/execution/plan/TaskNodeFactory$$Lambda+0x00000179399dd928
instanceKlass org/gradle/execution/plan/NodeComparator
instanceKlass org/gradle/api/internal/AbstractTask$12
instanceKlass  @bci org/gradle/api/DefaultTask_Decorated $gradleInit ()V 1 <appendix> member <vmtarget> ; # org/gradle/api/DefaultTask_Decorated$$Lambda+0x00000179399dd000
instanceKlass org/gradle/api/internal/tasks/DefaultTaskContainer$TaskCreatingProvider$1
instanceKlass org/gradle/execution/TaskNameResolver$1
instanceKlass org/gradle/execution/selection/DefaultBuildTaskSelector$ProjectResolutionResult
instanceKlass  @bci org/gradle/initialization/DefaultTaskExecutionPreparer scheduleRequestedTasks (Lorg/gradle/api/internal/GradleInternal;Lorg/gradle/execution/EntryTaskSelector;Lorg/gradle/execution/plan/ExecutionPlan;)V 15 <appendix> member <vmtarget> ; # org/gradle/initialization/DefaultTaskExecutionPreparer$$Lambda+0x00000179399dead8
instanceKlass  @bci org/gradle/initialization/VintageBuildModelController scheduleRequestedTasks (Lorg/gradle/execution/EntryTaskSelector;Lorg/gradle/execution/plan/ExecutionPlan;)V 10 <appendix> member <vmtarget> ; # org/gradle/initialization/VintageBuildModelController$$Lambda+0x00000179399de8b8
instanceKlass org/gradle/internal/build/DefaultBuildLifecycleController$DefaultWorkGraphBuilder
instanceKlass org/gradle/internal/build/BuildOperationFiringBuildWorkPreparer$PopulateWorkGraph$1
instanceKlass org/gradle/internal/taskgraph/CalculateTaskGraphBuildOperationType$Details
instanceKlass org/gradle/internal/build/BuildOperationFiringBuildWorkPreparer$PopulateWorkGraph
instanceKlass  @bci org/gradle/internal/build/DefaultBuildLifecycleController lambda$populateWorkGraph$8 (Lorg/gradle/internal/build/DefaultBuildLifecycleController$DefaultBuildWorkPlan;Ljava/util/function/Consumer;)V 14 <appendix> member <vmtarget> ; # org/gradle/internal/build/DefaultBuildLifecycleController$$Lambda+0x00000179399d7c30
instanceKlass  @bci org/gradle/internal/build/DefaultBuildLifecycleController populateWorkGraph (Lorg/gradle/execution/plan/BuildWorkPlan;Ljava/util/function/Consumer;)V 22 <appendix> member <vmtarget> ; # org/gradle/internal/build/DefaultBuildLifecycleController$$Lambda+0x00000179399d7a10
instanceKlass  @bci org/gradle/internal/build/DefaultBuildWorkGraphController$DefaultBuildWorkGraph createPlan ()V 28 <appendix> member <vmtarget> ; # org/gradle/internal/build/DefaultBuildWorkGraphController$DefaultBuildWorkGraph$$Lambda+0x00000179399d77e0
instanceKlass org/gradle/internal/build/DefaultBuildLifecycleController$DefaultBuildWorkPlan
instanceKlass org/gradle/execution/plan/OrdinalNodeAccess
instanceKlass  @bci org/gradle/execution/plan/DefaultExecutionPlan <init> (Ljava/lang/String;Lorg/gradle/execution/plan/TaskNodeFactory;Lorg/gradle/execution/plan/OrdinalGroupFactory;Lorg/gradle/execution/plan/TaskDependencyResolver;Lorg/gradle/execution/plan/ExecutionNodeAccessHierarchy;Lorg/gradle/execution/plan/ExecutionNodeAccessHierarchy;Lorg/gradle/internal/resources/ResourceLockCoordinationService;)V 57 <appendix> argL0 ; # org/gradle/execution/plan/DefaultExecutionPlan$$Lambda+0x00000179399d6c88
instanceKlass org/gradle/execution/plan/DefaultExecutionPlan
instanceKlass org/gradle/internal/build/DefaultBuildWorkGraphController$DefaultBuildWorkGraph
# instanceKlass java/lang/invoke/LambdaForm$MH+0x00000179399dc800
# instanceKlass java/lang/invoke/LambdaForm$MH+0x00000179399dc400
# instanceKlass java/lang/invoke/LambdaForm$MH+0x00000179399dc000
instanceKlass org/gradle/composite/internal/DefaultBuildController
instanceKlass  @bci org/gradle/internal/buildtree/DefaultBuildTreeWorkPreparer lambda$scheduleRequestedTasks$1 (Lorg/gradle/execution/EntryTaskSelector;Lorg/gradle/internal/buildtree/BuildTreeWorkGraph$Builder;)V 31 <appendix> member <vmtarget> ; # org/gradle/internal/buildtree/DefaultBuildTreeWorkPreparer$$Lambda+0x00000179399d60a0
instanceKlass org/gradle/internal/build/BuildLifecycleController$WorkGraphBuilder
instanceKlass org/gradle/composite/internal/TaskIdentifier
instanceKlass org/gradle/composite/internal/DefaultIncludedBuildTaskGraph$DefaultBuildTreeWorkGraphBuilder
instanceKlass org/gradle/composite/internal/DefaultIncludedBuildTaskGraph$DefaultBuildTreeWorkGraph$1$2
instanceKlass org/gradle/internal/taskgraph/CalculateTreeTaskGraphBuildOperationType$Details
instanceKlass org/gradle/composite/internal/DefaultIncludedBuildTaskGraph$DefaultBuildTreeWorkGraph$1
instanceKlass  @bci org/gradle/internal/buildtree/DefaultBuildTreeWorkPreparer scheduleRequestedTasks (Lorg/gradle/internal/buildtree/BuildTreeWorkGraph;Lorg/gradle/execution/EntryTaskSelector;)Lorg/gradle/internal/buildtree/BuildTreeWorkGraph$FinalizedGraph; 12 <appendix> member <vmtarget> ; # org/gradle/internal/buildtree/DefaultBuildTreeWorkPreparer$$Lambda+0x00000179399d5888
instanceKlass org/gradle/internal/buildtree/BuildTreeWorkGraph$Builder
instanceKlass org/gradle/api/internal/file/DefaultFilePropertyFactory$ToFileTransformer
instanceKlass org/gradle/initialization/ProjectsEvaluatedNotifier$NotifyProjectsEvaluatedListeners$1
instanceKlass org/gradle/initialization/NotifyProjectsEvaluatedBuildOperationType$Details
instanceKlass org/gradle/initialization/ProjectsEvaluatedNotifier$NotifyProjectsEvaluatedListeners
instanceKlass org/gradle/initialization/ProjectsEvaluatedNotifier$1
instanceKlass org/gradle/initialization/NotifyProjectsEvaluatedBuildOperationType$Result
instanceKlass org/gradle/initialization/ProjectsEvaluatedNotifier
instanceKlass org/gradle/configuration/project/ConfigureProjectBuildOperationType$1
instanceKlass org/gradle/configuration/project/ConfigureProjectBuildOperationType$Result
instanceKlass org/gradle/configuration/project/ConfigureProjectBuildOperationType
instanceKlass org/gradle/configuration/project/NotifyProjectAfterEvaluatedBuildOperationType$1
instanceKlass org/gradle/configuration/project/NotifyProjectAfterEvaluatedBuildOperationType$Result
instanceKlass org/gradle/configuration/project/NotifyProjectAfterEvaluatedBuildOperationType
instanceKlass  @bci org/springframework/boot/gradle/plugin/JavaPluginAction lambda$configureAdditionalMetadataLocations$18 (Lorg/gradle/api/Project;)V 15 <appendix> member <vmtarget> ; # org/springframework/boot/gradle/plugin/JavaPluginAction$$Lambda+0x00000179399d0220
instanceKlass org/gradle/configuration/internal/ExecuteListenerBuildOperationType$1
instanceKlass org/gradle/configuration/internal/ExecuteListenerBuildOperationType$Result
instanceKlass org/gradle/configuration/internal/ExecuteListenerBuildOperationType
instanceKlass  @bci org/springframework/boot/gradle/plugin/JavaPluginAction configureUtf8Encoding (Lorg/gradle/api/Project;)V 15 <appendix> member <vmtarget> ; # org/springframework/boot/gradle/plugin/JavaPluginAction$$Lambda+0x00000179399d0000
instanceKlass org/gradle/configuration/internal/DefaultListenerBuildOperationDecorator$ExecuteListenerDetails
instanceKlass org/gradle/configuration/internal/DefaultListenerBuildOperationDecorator$Operation
instanceKlass com/intellij/gradle/toolingExtension/impl/util/collectionUtil/GradleCollectionUtil
instanceKlass  @bci com/intellij/gradle/toolingExtension/impl/initScript/util/GradleJvmForkedDebuggerHelper getTasksToDebug (Lorg/gradle/api/Project;)Lorg/gradle/api/tasks/TaskCollection; 38 <appendix> argL0 ; # com/intellij/gradle/toolingExtension/impl/initScript/util/GradleJvmForkedDebuggerHelper$$Lambda+0x00000179399c8000
instanceKlass  @bci com/intellij/gradle/toolingExtension/impl/initScript/util/GradleTasksUtil getMatchedTasks (Ljava/lang/String;Lorg/gradle/api/tasks/TaskCollection;Ljava/util/List;)Lorg/gradle/api/tasks/TaskCollection; 29 <appendix> member <vmtarget> ; # com/intellij/gradle/toolingExtension/impl/initScript/util/GradleTasksUtil$$Lambda+0x00000179399c7c00
instanceKlass org/gradle/api/internal/project/ProjectOrderingUtil
instanceKlass com/intellij/gradle/toolingExtension/impl/initScript/util/GradleTasksUtil
instanceKlass com/intellij/gradle/toolingExtension/impl/initScript/util/GradleDebuggerUtil
instanceKlass com/intellij/gradle/toolingExtension/impl/initScript/util/GradleJvmForkedDebuggerHelper
# instanceKlass java/lang/invoke/LambdaForm$MH+0x00000179399c7400
# instanceKlass java/lang/invoke/LambdaForm$MH+0x00000179399c7000
# instanceKlass java/lang/invoke/LambdaForm$MH+0x00000179399c6c00
instanceKlass org/gradle/configuration/project/LifecycleProjectEvaluator$NotifyAfterEvaluate$1
instanceKlass org/gradle/configuration/project/LifecycleProjectEvaluator$NotifyProjectAfterEvaluatedDetails
instanceKlass org/gradle/configuration/project/NotifyProjectAfterEvaluatedBuildOperationType$Details
instanceKlass org/gradle/configuration/project/LifecycleProjectEvaluator$NotifyAfterEvaluate
instanceKlass org/gradle/configuration/project/DefaultProjectConfigurationActionContainer
# instanceKlass java/lang/invoke/LambdaForm$MH+0x00000179399c6800
# instanceKlass java/lang/invoke/LambdaForm$MH+0x00000179399c6400
instanceKlass org/gradle/model/internal/inspect/ExtractedRuleSource
instanceKlass org/gradle/model/internal/core/ModelView
instanceKlass org/gradle/model/internal/core/NodePredicate
instanceKlass sun/reflect/generics/tree/LongSignature
instanceKlass org/gradle/api/artifacts/repositories/ExclusiveContentRepository
# instanceKlass java/lang/invoke/LambdaForm$MH+0x00000179399c6000
# instanceKlass java/lang/invoke/LambdaForm$MH+0x00000179399c5c00
# instanceKlass java/lang/invoke/LambdaForm$MH+0x00000179399c5800
# instanceKlass java/lang/invoke/LambdaForm$MH+0x00000179399c5400
# instanceKlass java/lang/invoke/LambdaForm$MH+0x00000179399c5000
# instanceKlass java/lang/invoke/LambdaForm$MH+0x00000179399c4c00
# instanceKlass java/lang/invoke/LambdaForm$MH+0x00000179399c4800
# instanceKlass java/lang/invoke/LambdaForm$MH+0x00000179399c4400
# instanceKlass java/lang/invoke/LambdaForm$MH+0x00000179399c4000
# instanceKlass java/lang/invoke/LambdaForm$MH+0x00000179399c3c00
# instanceKlass java/lang/invoke/LambdaForm$MH+0x00000179399c3800
# instanceKlass java/lang/invoke/LambdaForm$MH+0x00000179399c3400
# instanceKlass java/lang/invoke/LambdaForm$MH+0x00000179399c3000
instanceKlass org/gradle/api/plugins/FeatureSpec
instanceKlass org/gradle/api/plugins/JavaResolutionConsistency
instanceKlass  @bci org/gradle/plugin/software/internal/DefaultSoftwareFeatureRegistry discoverSoftwareFeatureImplementations ()Ljava/util/Map; 36 <appendix> member <vmtarget> ; # org/gradle/plugin/software/internal/DefaultSoftwareFeatureRegistry$$Lambda+0x00000179399baed8
instanceKlass org/gradle/plugin/software/internal/LegacySoftwareTypeImplementation
instanceKlass  @bci org/gradle/plugin/software/internal/LegacySoftwareTypeDiscovery discoverSoftwareTypeImplementations (Ljava/util/Map;Ljava/util/Map;)Ljava/util/Set; 8 <appendix> member <vmtarget> ; # org/gradle/plugin/software/internal/LegacySoftwareTypeDiscovery$$Lambda+0x00000179399baab0
instanceKlass  @bci org/gradle/plugin/software/internal/DefaultSoftwareFeatureRegistry discoverSoftwareFeatureImplementations ()Ljava/util/Map; 10 <appendix> member <vmtarget> ; # org/gradle/plugin/software/internal/DefaultSoftwareFeatureRegistry$$Lambda+0x00000179399ba880
instanceKlass org/gradle/plugin/software/internal/DefaultSoftwareFeatureRegistry$RegisteringPluginKey
instanceKlass  @bci org/codehaus/groovy/reflection/ReflectionUtils getDeclaredMethods (Ljava/lang/Class;Ljava/lang/String;[Ljava/lang/Class;)Ljava/util/List; 3 <appendix> argL0 ; # org/codehaus/groovy/reflection/ReflectionUtils$$Lambda+0x00000179399bd450
instanceKlass  @bci groovy/lang/MetaClassImpl invokeMethod (Ljava/lang/Class;Ljava/lang/Object;Ljava/lang/String;[Ljava/lang/Object;ZZ)Ljava/lang/Object; 213 <adapter> ; # java/lang/invoke/LambdaForm$MH+0x00000179399c2c00
instanceKlass  @bci groovy/lang/MetaClassImpl invokeMethod (Ljava/lang/Class;Ljava/lang/Object;Ljava/lang/String;[Ljava/lang/Object;ZZ)Ljava/lang/Object; 213 <appendix> form vmentry <vmtarget> ; # java/lang/invoke/LambdaForm$DMH+0x00000179399c2800
instanceKlass  @bci groovy/lang/MetaClassImpl invokeMethod (Ljava/lang/Class;Ljava/lang/Object;Ljava/lang/String;[Ljava/lang/Object;ZZ)Ljava/lang/Object; 213 <appendix> member <vmtarget> ; # groovy/lang/MetaClassImpl$$Lambda+0x00000179399bd210
instanceKlass  @cpi groovy/lang/MetaClassImpl 1102 form vmentry <vmtarget> ; # java/lang/invoke/LambdaForm$DMH+0x00000179399c2400
# instanceKlass java/lang/invoke/LambdaForm$MH+0x00000179399c2000
instanceKlass io/spring/gradle/dependencymanagement/internal/pom/PomReference
instanceKlass io/spring/gradle/dependencymanagement/internal/properties/MapPropertySource
instanceKlass io/spring/gradle/dependencymanagement/internal/pom/Coordinates
instanceKlass io/spring/gradle/dependencymanagement/internal/dsl/StandardMavenBomHandler
instanceKlass io/spring/gradle/dependencymanagement/dsl/MavenBomHandler
instanceKlass io/spring/gradle/dependencymanagement/internal/dsl/StandardDependencyManagementHandler
instanceKlass  @bci org/springframework/boot/gradle/plugin/DependencyManagementPluginAction execute (Lorg/gradle/api/Project;)V 16 <appendix> argL0 ; # org/springframework/boot/gradle/plugin/DependencyManagementPluginAction$$Lambda+0x00000179399a6cb8
instanceKlass  @bci io/spring/gradle/dependencymanagement/DependencyManagementPlugin configurePomCustomization (Lorg/gradle/api/Project;Lio/spring/gradle/dependencymanagement/dsl/DependencyManagementExtension;)V 18 <appendix> member <vmtarget> ; # io/spring/gradle/dependencymanagement/DependencyManagementPlugin$$Lambda+0x00000179399a6a98
instanceKlass  @bci io/spring/gradle/dependencymanagement/internal/StandardPomDependencyManagementConfigurer <clinit> ()V 0 <appendix> argL0 ; # io/spring/gradle/dependencymanagement/internal/StandardPomDependencyManagementConfigurer$$Lambda+0x00000179399a6880
instanceKlass  @bci org/gradle/api/internal/artifacts/ivyservice/dependencysubstitution/DefaultDependencySubstitutions allWithDependencyResolveDetails (Lorg/gradle/api/Action;Lorg/gradle/api/internal/artifacts/ComponentSelectorConverter;)Lorg/gradle/api/artifacts/DependencySubstitutions; 7 <appendix> argL0 ; # org/gradle/api/internal/artifacts/ivyservice/dependencysubstitution/DefaultDependencySubstitutions$$Lambda+0x00000179399ba460
instanceKlass org/gradle/api/internal/artifacts/ivyservice/dependencysubstitution/DefaultDependencySubstitutions$AbstractDependencySubstitutionAction
instanceKlass  @bci io/spring/gradle/dependencymanagement/internal/DependencyManagementApplier configureMavenExclusions (Lorg/gradle/api/artifacts/Configuration;Lio/spring/gradle/dependencymanagement/internal/VersionConfiguringAction;)Lorg/gradle/api/Action; 27 <appendix> member <vmtarget> ; # io/spring/gradle/dependencymanagement/internal/DependencyManagementApplier$$Lambda+0x00000179399a6660
instanceKlass io/spring/gradle/dependencymanagement/internal/DependencyManagementConfigurationContainer$ConfigurationConfigurer
instanceKlass io/spring/gradle/dependencymanagement/internal/ExclusionConfiguringAction
instanceKlass io/spring/gradle/dependencymanagement/internal/VersionConfiguringAction$StandardLocalProjects
instanceKlass io/spring/gradle/dependencymanagement/internal/VersionConfiguringAction$CachingLocalProjects
instanceKlass io/spring/gradle/dependencymanagement/internal/VersionConfiguringAction$LocalProjects
instanceKlass io/spring/gradle/dependencymanagement/internal/VersionConfiguringAction
instanceKlass  @bci io/spring/gradle/dependencymanagement/internal/DependencyManagementApplier execute (Lorg/gradle/api/artifacts/Configuration;)V 33 <appendix> member <vmtarget> ; # io/spring/gradle/dependencymanagement/internal/DependencyManagementApplier$$Lambda+0x00000179399a57a8
instanceKlass  @bci io/spring/gradle/dependencymanagement/internal/ImplicitDependencyManagementCollector execute (Lorg/gradle/api/artifacts/Configuration;)V 8 <appendix> member <vmtarget> ; # io/spring/gradle/dependencymanagement/internal/ImplicitDependencyManagementCollector$$Lambda+0x00000179399a5588
instanceKlass  @bci org/gradle/testing/base/plugins/TestSuiteBasePlugin lambda$apply$1 (Lorg/gradle/testing/base/TestSuiteTarget;Lorg/gradle/api/artifacts/ConsumableConfiguration;)V 12 <appendix> argL0 ; # org/gradle/testing/base/plugins/TestSuiteBasePlugin$$Lambda+0x00000179399b7c48
instanceKlass org/gradle/api/attributes/TestSuiteName$Impl
instanceKlass org/gradle/api/attributes/TestSuiteName
instanceKlass  @bci org/gradle/testing/base/plugins/TestSuiteBasePlugin lambda$addTestResultsVariant$5 (Lorg/gradle/testing/base/TestSuite;Lorg/gradle/api/Project;Lorg/gradle/api/artifacts/ConsumableConfiguration;)V 46 <appendix> member <vmtarget> ; # org/gradle/testing/base/plugins/TestSuiteBasePlugin$$Lambda+0x00000179399b7a28
instanceKlass  @bci org/gradle/api/internal/artifacts/configurations/DefaultConfigurationPublications artifacts (Lorg/gradle/api/provider/Provider;Lorg/gradle/api/Action;)V 7 <appendix> member <vmtarget> ; # org/gradle/api/internal/artifacts/configurations/DefaultConfigurationPublications$$Lambda+0x00000179399b7808
instanceKlass  @bci org/gradle/api/plugins/jvm/internal/DefaultJvmFeature lambda$withSourceElements$6 (Lorg/gradle/api/artifacts/ConsumableConfiguration;)V 74 <appendix> argL0 ; # org/gradle/api/plugins/jvm/internal/DefaultJvmFeature$$Lambda+0x00000179399b75f0
instanceKlass  @bci org/gradle/api/plugins/jvm/internal/DefaultJvmFeature lambda$withSourceElements$6 (Lorg/gradle/api/artifacts/ConsumableConfiguration;)V 64 <appendix> member <vmtarget> ; # org/gradle/api/plugins/jvm/internal/DefaultJvmFeature$$Lambda+0x00000179399b73d0
instanceKlass org/gradle/api/internal/file/AbstractFileCollection$FileCollectionElementsFactory
instanceKlass org/gradle/api/attributes/VerificationType$Impl
instanceKlass org/gradle/api/attributes/VerificationType
instanceKlass  @bci org/gradle/api/plugins/jvm/internal/DefaultJvmPluginServices configureAsSources (Lorg/gradle/api/attributes/HasConfigurableAttributes;)V 2 <appendix> argL0 ; # org/gradle/api/plugins/jvm/internal/DefaultJvmPluginServices$$Lambda+0x00000179399b71b8
instanceKlass  @bci org/gradle/api/plugins/jvm/internal/DefaultJvmFeature lambda$createApiElements$0 (Lorg/gradle/api/tasks/TaskProvider;Lorg/gradle/api/artifacts/PublishArtifact;Lorg/gradle/api/artifacts/ConsumableConfiguration;)V 36 <appendix> member <vmtarget> ; # org/gradle/api/plugins/jvm/internal/DefaultJvmFeature$$Lambda+0x00000179399b6f88
instanceKlass  @bci org/gradle/api/plugins/jvm/internal/DefaultJvmPluginServices configureAsApiElements (Lorg/gradle/api/attributes/HasConfigurableAttributes;)V 2 <appendix> argL0 ; # org/gradle/api/plugins/jvm/internal/DefaultJvmPluginServices$$Lambda+0x00000179399b6d70
instanceKlass  @bci org/gradle/api/plugins/jvm/internal/DefaultJvmPluginServices configureClassesDirectoryVariant (Lorg/gradle/api/artifacts/Configuration;Lorg/gradle/api/tasks/SourceSet;)Lorg/gradle/api/artifacts/ConfigurationVariant; 103 <appendix> member <vmtarget> ; # org/gradle/api/plugins/jvm/internal/DefaultJvmPluginServices$$Lambda+0x00000179399b6890
instanceKlass  @bci org/gradle/api/internal/artifacts/configurations/DefaultVariant_Decorated $gradleInit ()V 1 <appendix> member <vmtarget> ; # org/gradle/api/internal/artifacts/configurations/DefaultVariant_Decorated$$Lambda+0x00000179399b6670
# instanceKlass java/lang/invoke/LambdaForm$MH+0x00000179399b9400
# instanceKlass java/lang/invoke/LambdaForm$MH+0x00000179399b9000
# instanceKlass java/lang/invoke/LambdaForm$MH+0x00000179399b8c00
# instanceKlass java/lang/invoke/LambdaForm$MH+0x00000179399b8800
# instanceKlass java/lang/invoke/LambdaForm$MH+0x00000179399b8400
# instanceKlass java/lang/invoke/LambdaForm$MH+0x00000179399b8000
# instanceKlass java/lang/invoke/LambdaForm$MH+0x00000179399b1c00
# instanceKlass java/lang/invoke/LambdaForm$MH+0x00000179399b1800
# instanceKlass java/lang/invoke/LambdaForm$MH+0x00000179399b1400
instanceKlass  @bci org/gradle/api/internal/artifacts/configurations/DefaultConfigurationPublications getVariants ()Lorg/gradle/api/NamedDomainObjectContainer; 36 <appendix> member <vmtarget> ; # org/gradle/api/internal/artifacts/configurations/DefaultConfigurationPublications$$Lambda+0x00000179399b5f88
instanceKlass  @bci org/gradle/api/internal/artifacts/configurations/DefaultConfigurationPublications getVariants ()Lorg/gradle/api/NamedDomainObjectContainer; 15 <appendix> member <vmtarget> ; # org/gradle/api/internal/artifacts/configurations/DefaultConfigurationPublications$$Lambda+0x00000179399b5d68
instanceKlass  @bci org/gradle/api/plugins/jvm/internal/DefaultJvmFeature lambda$createRuntimeElements$1 (Lorg/gradle/api/tasks/TaskProvider;Lorg/gradle/api/artifacts/PublishArtifact;Lorg/gradle/api/artifacts/ConsumableConfiguration;)V 36 <appendix> member <vmtarget> ; # org/gradle/api/plugins/jvm/internal/DefaultJvmFeature$$Lambda+0x00000179399b5b38
instanceKlass  @bci org/gradle/api/plugins/jvm/internal/DefaultJvmPluginServices configureAsRuntimeElements (Lorg/gradle/api/attributes/HasConfigurableAttributes;)V 2 <appendix> argL0 ; # org/gradle/api/plugins/jvm/internal/DefaultJvmPluginServices$$Lambda+0x00000179399b5920
instanceKlass  @bci org/gradle/api/internal/artifacts/configurations/DefaultConsumableConfiguration_Decorated $gradleInit ()V 1 <appendix> member <vmtarget> ; # org/gradle/api/internal/artifacts/configurations/DefaultConsumableConfiguration_Decorated$$Lambda+0x00000179399b5700
instanceKlass  @bci org/gradle/api/internal/project/taskfactory/AnnotationProcessingTaskFactory process (Lorg/gradle/api/Task;)Lorg/gradle/api/Task; 98 <appendix> member <vmtarget> ; # org/gradle/api/internal/project/taskfactory/AnnotationProcessingTaskFactory$$Lambda+0x00000179399b3b30
instanceKlass org/gradle/api/internal/project/taskfactory/StandardTaskAction
instanceKlass  @bci org/gradle/api/internal/project/taskfactory/DefaultTaskClassInfoStore createTaskClassInfo (Ljava/lang/Class;)Lorg/gradle/api/internal/project/taskfactory/TaskClassInfo; 111 <appendix> argL0 ; # org/gradle/api/internal/project/taskfactory/DefaultTaskClassInfoStore$$Lambda+0x00000179399b3640
instanceKlass org/gradle/api/internal/project/taskfactory/DefaultTaskClassInfoStore$StandardTaskActionFactory
instanceKlass  @bci org/gradle/api/internal/project/taskfactory/DefaultTaskClassInfoStore createTaskClassInfo (Ljava/lang/Class;)Lorg/gradle/api/internal/project/taskfactory/TaskClassInfo; 89 <appendix> member <vmtarget> ; # org/gradle/api/internal/project/taskfactory/DefaultTaskClassInfoStore$$Lambda+0x00000179399b31e8
instanceKlass  @bci org/gradle/api/internal/project/taskfactory/DefaultTaskClassInfoStore createTaskClassInfo (Ljava/lang/Class;)Lorg/gradle/api/internal/project/taskfactory/TaskClassInfo; 73 <appendix> argL0 ; # org/gradle/api/internal/project/taskfactory/DefaultTaskClassInfoStore$$Lambda+0x00000179399b2fa0
instanceKlass  @bci org/gradle/api/internal/project/taskfactory/DefaultTaskClassInfoStore createTaskClassInfo (Ljava/lang/Class;)Lorg/gradle/api/internal/project/taskfactory/TaskClassInfo; 38 <appendix> argL0 ; # org/gradle/api/internal/project/taskfactory/DefaultTaskClassInfoStore$$Lambda+0x00000179399b2d68
instanceKlass org/gradle/internal/properties/annotations/DefaultTypeMetadataStore$DefaultFunctionMetadata
instanceKlass org/gradle/internal/reflect/annotations/FunctionAnnotationMetadata
instanceKlass  @bci org/gradle/internal/reflect/annotations/impl/DefaultTypeAnnotationMetadataStore getOrCreateFunctionBuilder (Ljava/lang/reflect/Method;Lorg/gradle/internal/reflect/validation/TypeValidationContext;Ljava/util/Map;)Lorg/gradle/internal/reflect/annotations/impl/DefaultTypeAnnotationMetadataStore$FunctionAnnotationMetadataBuilder; 8 <appendix> member <vmtarget> ; # org/gradle/internal/reflect/annotations/impl/DefaultTypeAnnotationMetadataStore$$Lambda+0x00000179399b23f8
instanceKlass org/gradle/internal/reflect/annotations/impl/DefaultTypeAnnotationMetadataStore$MethodSignature
instanceKlass com/google/common/collect/AbstractMapBasedMultimap$Itr
instanceKlass com/google/common/collect/Iterators$ConcatenatedIterator
instanceKlass  @bci org/gradle/internal/reflect/annotations/impl/DefaultTypeAnnotationMetadataStore convertMethodToPropertyBuilders (Ljava/util/Map;)Lcom/google/common/collect/ImmutableList; 120 <appendix> member <vmtarget> ; # org/gradle/internal/reflect/annotations/impl/DefaultTypeAnnotationMetadataStore$$Lambda+0x00000179399af0c8
instanceKlass  @bci org/gradle/internal/reflect/validation/ReplayingTypeValidationContext visitTypeProblem (Lorg/gradle/api/Action;)V 5 <appendix> member <vmtarget> ; # org/gradle/internal/reflect/validation/ReplayingTypeValidationContext$$Lambda+0x00000179399aee98
instanceKlass  @bci org/gradle/internal/reflect/annotations/impl/DefaultTypeAnnotationMetadataStore validateNotAnnotatedForProperty (Lorg/gradle/internal/reflect/annotations/impl/DefaultTypeAnnotationMetadataStore$MethodKind;Ljava/lang/reflect/Method;Ljava/util/Set;Lorg/gradle/internal/reflect/validation/TypeValidationContext;)V 13 <appendix> member <vmtarget> ; # org/gradle/internal/reflect/annotations/impl/DefaultTypeAnnotationMetadataStore$$Lambda+0x00000179399aec78
instanceKlass org/gradle/internal/reflect/validation/TypeAwareProblemBuilder
instanceKlass  @bci org/gradle/internal/reflect/annotations/impl/DefaultTypeAnnotationMetadataStore isSetterProhibitedForType (Ljava/lang/Class;)Z 8 <appendix> member <vmtarget> ; # org/gradle/internal/reflect/annotations/impl/DefaultTypeAnnotationMetadataStore$$Lambda+0x00000179399ae830
instanceKlass  @bci org/gradle/api/internal/project/taskfactory/DefaultTaskClassInfoStore getTaskClassInfo (Ljava/lang/Class;)Lorg/gradle/api/internal/project/taskfactory/TaskClassInfo; 6 <appendix> member <vmtarget> ; # org/gradle/api/internal/project/taskfactory/DefaultTaskClassInfoStore$$Lambda+0x00000179399ae5f0
instanceKlass org/gradle/api/internal/project/taskfactory/TaskClassInfo
instanceKlass  @bci io/spring/gradle/dependencymanagement/internal/report/DependencyManagementReportTask_Decorated $gradleInit ()V 1 <appendix> member <vmtarget> ; # io/spring/gradle/dependencymanagement/internal/report/DependencyManagementReportTask_Decorated$$Lambda+0x00000179399a5368
instanceKlass java/io/PrintWriter$1
instanceKlass jdk/internal/access/JavaIOPrintWriterAccess
instanceKlass org/gradle/internal/cc/impl/AbstractTaskProjectAccessChecker
instanceKlass org/gradle/internal/cc/impl/ConfigurationCacheServices$TaskExecutionAccessCheckerProvider$workGraphLoadingStateFrom$2
# instanceKlass java/lang/invoke/LambdaForm$MH+0x00000179399b1000
# instanceKlass java/lang/invoke/LambdaForm$MH+0x00000179399b0c00
# instanceKlass java/lang/invoke/LambdaForm$MH+0x00000179399b0800
# instanceKlass java/lang/invoke/LambdaForm$MH+0x00000179399b0400
# instanceKlass java/lang/invoke/LambdaForm$MH+0x00000179399b0000
instanceKlass org/gradle/api/internal/tasks/DefaultTaskRequiredServices
instanceKlass org/gradle/api/internal/tasks/DefaultTaskLocalState
instanceKlass org/gradle/api/internal/tasks/DefaultTaskDestroyables
instanceKlass org/gradle/api/internal/tasks/TaskDestroyablesInternal
instanceKlass org/gradle/api/tasks/TaskOutputFilePropertyBuilder
instanceKlass org/gradle/api/internal/tasks/properties/OutputUnpacker$UnpackedOutputConsumer
instanceKlass org/gradle/api/internal/tasks/DefaultTaskOutputs
instanceKlass org/gradle/api/internal/TaskOutputsEnterpriseInternal
instanceKlass org/gradle/api/internal/tasks/TaskInputsDeprecationSupport
instanceKlass org/gradle/api/internal/FilePropertyContainer
instanceKlass org/gradle/api/tasks/TaskInputPropertyBuilder
instanceKlass org/gradle/api/internal/tasks/TaskInputFilePropertyRegistration
instanceKlass org/gradle/api/internal/tasks/TaskInputFilePropertyBuilderInternal
instanceKlass org/gradle/api/internal/tasks/TaskFilePropertyBuilderInternal
instanceKlass org/gradle/api/internal/tasks/TaskPropertyRegistration
instanceKlass org/gradle/api/tasks/TaskInputFilePropertyBuilder
instanceKlass org/gradle/api/tasks/TaskFilePropertyBuilder
instanceKlass org/gradle/api/tasks/TaskPropertyBuilder
instanceKlass org/gradle/api/internal/tasks/DefaultTaskInputs
instanceKlass org/gradle/api/internal/tasks/execution/SelfDescribingSpec
instanceKlass org/gradle/api/internal/AbstractTask$10
instanceKlass org/gradle/api/internal/tasks/properties/ServiceReferenceSpec
instanceKlass org/gradle/api/internal/tasks/properties/PropertySpec
instanceKlass org/gradle/internal/snapshot/impl/ImplementationSnapshot
instanceKlass org/gradle/api/internal/tasks/TaskMutator
instanceKlass org/gradle/api/specs/CompositeSpec
instanceKlass org/gradle/api/internal/tasks/TaskStateInternal
instanceKlass io/spring/gradle/dependencymanagement/internal/report/DependencyManagementReportRenderer
instanceKlass org/gradle/api/internal/AbstractTask$TaskInfo
instanceKlass org/gradle/api/internal/project/taskfactory/TaskFactory$1
instanceKlass org/gradle/api/internal/tasks/DefaultTaskContainer$RealizeDetails
instanceKlass org/gradle/api/internal/tasks/DefaultTaskContainer$2
instanceKlass  @bci io/spring/gradle/dependencymanagement/internal/bridge/InternalComponents createDependencyManagementReportTask (Ljava/lang/String;)V 13 <appendix> member <vmtarget> ; # io/spring/gradle/dependencymanagement/internal/bridge/InternalComponents$$Lambda+0x00000179399a4420
instanceKlass io/spring/gradle/dependencymanagement/internal/ExclusionResolver
instanceKlass io/spring/gradle/dependencymanagement/internal/DependencyManagementApplier
instanceKlass io/spring/gradle/dependencymanagement/internal/ImplicitDependencyManagementCollector
instanceKlass io/spring/gradle/dependencymanagement/dsl/ImportsHandler
instanceKlass io/spring/gradle/dependencymanagement/dsl/GeneratedPomCustomizationHandler
instanceKlass io/spring/gradle/dependencymanagement/dsl/DependenciesHandler
instanceKlass io/spring/gradle/dependencymanagement/internal/StandardPomDependencyManagementConfigurer
instanceKlass io/spring/gradle/dependencymanagement/internal/DependencyManagementSettings$PomCustomizationSettings
instanceKlass io/spring/gradle/dependencymanagement/internal/DependencyManagementSettings
instanceKlass io/spring/gradle/dependencymanagement/internal/Exclusions
instanceKlass io/spring/gradle/dependencymanagement/internal/DependencyManagement
instanceKlass io/spring/gradle/dependencymanagement/internal/DependencyManagementContainer
instanceKlass io/spring/gradle/dependencymanagement/internal/maven/ConfigurationModelResolver
instanceKlass io/spring/gradle/dependencymanagement/org/apache/maven/model/validation/ModelValidator
instanceKlass io/spring/gradle/dependencymanagement/org/apache/maven/model/interpolation/ModelInterpolator
instanceKlass io/spring/gradle/dependencymanagement/org/apache/maven/model/building/ModelBuildingRequest
instanceKlass io/spring/gradle/dependencymanagement/org/apache/maven/model/building/ModelCache
instanceKlass io/spring/gradle/dependencymanagement/org/apache/maven/model/building/ModelSource
instanceKlass io/spring/gradle/dependencymanagement/org/apache/maven/building/Source
instanceKlass io/spring/gradle/dependencymanagement/org/apache/maven/model/resolution/ModelResolver
instanceKlass io/spring/gradle/dependencymanagement/internal/maven/EffectiveModelBuilder
instanceKlass io/spring/gradle/dependencymanagement/internal/properties/PropertySource
instanceKlass io/spring/gradle/dependencymanagement/internal/maven/MavenPomResolver
instanceKlass io/spring/gradle/dependencymanagement/internal/DependencyManagementConfigurationContainer
instanceKlass io/spring/gradle/dependencymanagement/internal/pom/PomResolver
instanceKlass io/spring/gradle/dependencymanagement/internal/bridge/InternalComponents
instanceKlass org/gradle/api/publish/maven/plugins/MavenPublishPlugin
instanceKlass io/spring/gradle/dependencymanagement/dsl/DependencyManagementExtension
instanceKlass io/spring/gradle/dependencymanagement/dsl/DependencyManagementHandler
instanceKlass io/spring/gradle/dependencymanagement/dsl/DependencyManagementConfigurer
instanceKlass org/gradle/api/publish/PublishingExtension
instanceKlass io/spring/gradle/dependencymanagement/maven/PomDependencyManagementConfigurer
instanceKlass org/gradle/api/plugins/ApplicationPlugin
instanceKlass io/spring/gradle/dependencymanagement/DependencyManagementPlugin
instanceKlass org/gradle/api/plugins/WarPlugin
instanceKlass org/gradle/api/internal/artifacts/dsl/ActionBasedMetadataRuleWrapper
instanceKlass org/gradle/api/internal/artifacts/dsl/DefaultComponentMetadataHandler$ComponentMetadataDetailsMatchingSpec
instanceKlass org/gradle/api/internal/notations/ModuleNotationValidation
instanceKlass org/gradle/internal/rules/NoInputsRuleAction
instanceKlass  @bci org/springframework/boot/gradle/plugin/JavaPluginAction lambda$configureSpringBootStarterTestToDependOnJUnitPlatformLauncher$27 (Lorg/gradle/api/artifacts/dsl/ComponentMetadataHandler;)V 4 <appendix> argL0 ; # org/springframework/boot/gradle/plugin/JavaPluginAction$$Lambda+0x000001793999f0c0
instanceKlass  @bci org/springframework/boot/gradle/plugin/JavaPluginAction configureSpringBootStarterTestToDependOnJUnitPlatformLauncher (Lorg/gradle/api/Project;)V 6 <appendix> argL0 ; # org/springframework/boot/gradle/plugin/JavaPluginAction$$Lambda+0x000001793999eea8
instanceKlass  @bci org/springframework/boot/gradle/plugin/JavaPluginAction configureAdditionalMetadataLocations (Lorg/gradle/api/Project;)V 2 <appendix> member <vmtarget> ; # org/springframework/boot/gradle/plugin/JavaPluginAction$$Lambda+0x000001793999ec88
instanceKlass  @bci org/springframework/boot/gradle/plugin/JavaPluginAction configureParametersCompilerArg (Lorg/gradle/api/Project;)V 14 <appendix> argL0 ; # org/springframework/boot/gradle/plugin/JavaPluginAction$$Lambda+0x000001793999ea70
instanceKlass org/gradle/configuration/internal/DefaultListenerBuildOperationDecorator$BuildOperationEmittingAction
instanceKlass  @bci org/springframework/boot/gradle/plugin/JavaPluginAction execute (Lorg/gradle/api/Project;)V 71 <appendix> member <vmtarget> ; # org/springframework/boot/gradle/plugin/JavaPluginAction$$Lambda+0x000001793999e850
instanceKlass  @bci org/springframework/boot/gradle/plugin/JavaPluginAction configureBootTestRunTask (Lorg/gradle/api/Project;Lorg/gradle/api/tasks/TaskProvider;)V 24 <appendix> member <vmtarget> ; # org/springframework/boot/gradle/plugin/JavaPluginAction$$Lambda+0x000001793999e630
instanceKlass  @bci org/springframework/boot/gradle/plugin/JavaPluginAction configureBootTestRunTask (Lorg/gradle/api/Project;Lorg/gradle/api/tasks/TaskProvider;)V 2 <appendix> member <vmtarget> ; # org/springframework/boot/gradle/plugin/JavaPluginAction$$Lambda+0x000001793999e410
instanceKlass  @bci org/springframework/boot/gradle/plugin/JavaPluginAction configureResolveMainTestClassNameTask (Lorg/gradle/api/Project;)Lorg/gradle/api/tasks/TaskProvider; 11 <appendix> member <vmtarget> ; # org/springframework/boot/gradle/plugin/JavaPluginAction$$Lambda+0x000001793999e1f0
instanceKlass  @bci org/springframework/boot/gradle/plugin/JavaPluginAction configureBootRunTask (Lorg/gradle/api/Project;Lorg/gradle/api/tasks/TaskProvider;)V 24 <appendix> member <vmtarget> ; # org/springframework/boot/gradle/plugin/JavaPluginAction$$Lambda+0x000001793999dfd0
instanceKlass  @bci org/springframework/boot/gradle/plugin/JavaPluginAction configureBootRunTask (Lorg/gradle/api/Project;Lorg/gradle/api/tasks/TaskProvider;)V 2 <appendix> member <vmtarget> ; # org/springframework/boot/gradle/plugin/JavaPluginAction$$Lambda+0x000001793999ceb8
instanceKlass  @bci org/gradle/api/internal/artifacts/publish/DecoratingPublishArtifact_Decorated $gradleInit ()V 1 <appendix> member <vmtarget> ; # org/gradle/api/internal/artifacts/publish/DecoratingPublishArtifact_Decorated$$Lambda+0x00000179399977f0
instanceKlass  @bci org/gradle/api/internal/artifacts/dsl/LazyPublishArtifact getBuildDependencies ()Lorg/gradle/api/tasks/TaskDependency; 5 <appendix> member <vmtarget> ; # org/gradle/api/internal/artifacts/dsl/LazyPublishArtifact$$Lambda+0x00000179399925f0
instanceKlass org/gradle/api/internal/artifacts/publish/AbstractPublishArtifact
instanceKlass org/gradle/api/internal/artifacts/ProjectBackedModule
instanceKlass  @bci org/springframework/boot/gradle/plugin/JavaPluginAction configureBootBuildImageTask (Lorg/gradle/api/Project;Lorg/gradle/api/tasks/TaskProvider;)V 13 <appendix> member <vmtarget> ; # org/springframework/boot/gradle/plugin/JavaPluginAction$$Lambda+0x000001793999cc98
instanceKlass  @bci org/springframework/boot/gradle/plugin/JavaPluginAction configureBootJarTask (Lorg/gradle/api/Project;Lorg/gradle/api/tasks/TaskProvider;)Lorg/gradle/api/tasks/TaskProvider; 118 <appendix> member <vmtarget> ; # org/springframework/boot/gradle/plugin/JavaPluginAction$$Lambda+0x000001793999c008
instanceKlass  @bci org/springframework/boot/gradle/plugin/JavaPluginAction configureBootJarTask (Lorg/gradle/api/Project;Lorg/gradle/api/tasks/TaskProvider;)Lorg/gradle/api/tasks/TaskProvider; 92 <appendix> member <vmtarget> ; # org/springframework/boot/gradle/plugin/JavaPluginAction$$Lambda+0x000001793999bde8
instanceKlass  @bci org/springframework/boot/gradle/plugin/JavaPluginAction configureResolveMainClassNameTask (Lorg/gradle/api/Project;)Lorg/gradle/api/tasks/TaskProvider; 11 <appendix> member <vmtarget> ; # org/springframework/boot/gradle/plugin/JavaPluginAction$$Lambda+0x000001793999bbc8
instanceKlass  @bci org/springframework/boot/gradle/plugin/JavaPluginAction lambda$configureProductionRuntimeClasspathConfiguration$23 (Lorg/gradle/api/Project;Lorg/gradle/api/artifacts/Configuration;Lorg/gradle/api/attributes/AttributeContainer;)V 59 <appendix> member <vmtarget> ; # org/springframework/boot/gradle/plugin/JavaPluginAction$$Lambda+0x000001793999afe8
instanceKlass  @bci org/springframework/boot/gradle/plugin/JavaPluginAction configureProductionRuntimeClasspathConfiguration (Lorg/gradle/api/Project;)V 43 <appendix> member <vmtarget> ; # org/springframework/boot/gradle/plugin/JavaPluginAction$$Lambda+0x000001793999adc8
instanceKlass  @bci org/springframework/boot/gradle/plugin/JavaPluginAction configureBuildTask (Lorg/gradle/api/Project;)V 14 <appendix> member <vmtarget> ; # org/springframework/boot/gradle/plugin/JavaPluginAction$$Lambda+0x000001793999aba8
instanceKlass  @bci org/springframework/boot/gradle/plugin/JavaPluginAction classifyJarTask (Lorg/gradle/api/Project;)V 15 <appendix> argL0 ; # org/springframework/boot/gradle/plugin/JavaPluginAction$$Lambda+0x000001793999a990
instanceKlass  @bci org/springframework/boot/gradle/plugin/SpringBootPlugin lambda$registerPluginActions$1 (Lorg/gradle/api/Project;Lorg/springframework/boot/gradle/plugin/PluginApplicationAction;Ljava/lang/Class;)V 9 <appendix> member <vmtarget> ; # org/springframework/boot/gradle/plugin/SpringBootPlugin$$Lambda+0x000001793999a770
instanceKlass  @bci org/springframework/boot/gradle/plugin/SpringBootPlugin registerPluginActions (Lorg/gradle/api/Project;Lorg/gradle/api/artifacts/Configuration;)V 135 <appendix> member <vmtarget> ; # org/springframework/boot/gradle/plugin/SpringBootPlugin$$Lambda+0x0000017939996d78
instanceKlass org/springframework/boot/gradle/tasks/bundling/BootArchive
instanceKlass org/springframework/boot/gradle/plugin/CycloneDxPluginAction
instanceKlass org/springframework/boot/gradle/plugin/NativeImagePluginAction
instanceKlass org/springframework/boot/gradle/plugin/KotlinPluginAction
instanceKlass org/springframework/boot/gradle/plugin/ApplicationPluginAction
instanceKlass org/springframework/boot/gradle/plugin/WarPluginAction
instanceKlass org/springframework/boot/gradle/plugin/JavaPluginAction
instanceKlass  @bci org/gradle/api/internal/artifacts/dsl/DefaultArtifactHandler_Decorated $gradleInit ()V 1 <appendix> member <vmtarget> ; # org/gradle/api/internal/artifacts/dsl/DefaultArtifactHandler_Decorated$$Lambda+0x0000017939990eb8
instanceKlass org/gradle/api/internal/artifacts/dsl/DefaultArtifactHandler$DynamicMethods
instanceKlass org/gradle/api/internal/artifacts/dsl/DefaultArtifactHandler
instanceKlass org/springframework/boot/gradle/plugin/SinglePublishedArtifact
instanceKlass  @bci org/springframework/boot/gradle/dsl/SpringBootExtension_Decorated $gradleInit ()V 1 <appendix> member <vmtarget> ; # org/springframework/boot/gradle/dsl/SpringBootExtension_Decorated$$Lambda+0x00000179399959b0
instanceKlass org/springframework/boot/gradle/dsl/SpringBootExtension
instanceKlass org/springframework/boot/gradle/util/VersionExtractor
instanceKlass org/springframework/boot/gradle/plugin/DependencyManagementPluginAction
instanceKlass org/springframework/boot/gradle/plugin/PluginApplicationAction
instanceKlass org/springframework/boot/gradle/plugin/SpringBootPlugin
instanceKlass  @bci org/gradle/api/plugins/JavaPlugin configureBuild (Lorg/gradle/api/Project;)V 29 <appendix> argL0 ; # org/gradle/api/plugins/JavaPlugin$$Lambda+0x0000017939990438
instanceKlass  @bci org/gradle/api/plugins/JavaPlugin configureBuild (Lorg/gradle/api/Project;)V 9 <appendix> argL0 ; # org/gradle/api/plugins/JavaPlugin$$Lambda+0x0000017939990220
instanceKlass  @bci org/gradle/api/plugins/JavaPlugin configureDiagnostics (Lorg/gradle/api/Project;Lorg/gradle/api/plugins/jvm/internal/JvmFeatureInternal;)V 14 <appendix> member <vmtarget> ; # org/gradle/api/plugins/JavaPlugin$$Lambda+0x0000017939990000
instanceKlass  @bci org/gradle/api/plugins/JavaPlugin configureTestTaskOrdering (Lorg/gradle/api/tasks/TaskContainer;)V 18 <appendix> member <vmtarget> ; # org/gradle/api/plugins/JavaPlugin$$Lambda+0x0000017939988400
instanceKlass org/gradle/internal/deprecation/DeprecationMessageBuilder$WithDocumentation
instanceKlass org/gradle/internal/deprecation/Documentation
instanceKlass org/gradle/api/problems/internal/InternalDocLink
instanceKlass org/gradle/internal/deprecation/Documentation$AbstractBuilder
instanceKlass org/gradle/internal/deprecation/DeprecationTimeline
instanceKlass org/gradle/internal/deprecation/DeprecationMessageBuilder$ConfigurationDeprecationTypeSelector
instanceKlass  @bci org/gradle/api/plugins/JavaPlugin lambda$apply$2 (Lorg/gradle/api/Project;Lorg/gradle/jvm/component/internal/JvmSoftwareComponentInternal;)V 30 <appendix> argL0 ; # org/gradle/api/plugins/JavaPlugin$$Lambda+0x000001793998fc10
instanceKlass  @bci org/gradle/api/plugins/JavaPlugin apply (Lorg/gradle/api/Project;)V 178 <appendix> member <vmtarget> ; # org/gradle/api/plugins/JavaPlugin$$Lambda+0x000001793998f9f0
instanceKlass  @bci org/gradle/api/plugins/JavaPlugin apply (Lorg/gradle/api/Project;)V 143 <appendix> member <vmtarget> ; # org/gradle/api/plugins/JavaPlugin$$Lambda+0x000001793998f7d0
instanceKlass  @bci org/gradle/api/plugins/JavaPlugin configurePublishing (Lorg/gradle/api/plugins/PluginContainer;Lorg/gradle/api/plugins/ExtensionContainer;Lorg/gradle/api/tasks/SourceSet;)V 5 <appendix> member <vmtarget> ; # org/gradle/api/plugins/JavaPlugin$$Lambda+0x000001793998f5b0
instanceKlass  @bci org/gradle/api/plugins/JavaPlugin createDefaultTestSuite (Lorg/gradle/api/plugins/jvm/internal/JvmFeatureInternal;Lorg/gradle/api/artifacts/ConfigurationContainer;Lorg/gradle/api/tasks/TaskContainer;Lorg/gradle/api/plugins/ExtensionContainer;Lorg/gradle/api/model/ObjectFactory;)Lorg/gradle/api/plugins/jvm/JvmTestSuite; 57 <appendix> member <vmtarget> ; # org/gradle/api/plugins/JavaPlugin$$Lambda+0x000001793998f390
instanceKlass  @bci org/gradle/api/plugins/JvmTestSuitePlugin lambda$apply$4 (Lorg/gradle/api/plugins/jvm/JvmTestSuite;Lorg/gradle/api/plugins/jvm/JvmTestSuiteTarget;)V 29 <appendix> argL0 ; # org/gradle/api/plugins/JvmTestSuitePlugin$$Lambda+0x000001793998f178
instanceKlass org/gradle/api/reporting/ReportContainer
instanceKlass org/gradle/api/internal/tasks/testing/logging/TestExceptionFormatter
instanceKlass org/gradle/api/internal/tasks/testing/junit/result/TestResultsProvider
instanceKlass org/gradle/internal/exceptions/NonGradleCause
instanceKlass org/gradle/api/reporting/DirectoryReport
instanceKlass org/gradle/api/reporting/ConfigurableReport
instanceKlass org/gradle/api/reporting/Report
instanceKlass org/gradle/api/internal/tasks/testing/TestResultProcessor
instanceKlass org/gradle/api/tasks/testing/TestOutputListener
instanceKlass org/gradle/api/tasks/testing/TestListener
instanceKlass org/gradle/api/tasks/testing/TestFilter
instanceKlass  @bci org/gradle/api/plugins/JvmTestSuitePlugin lambda$apply$4 (Lorg/gradle/api/plugins/jvm/JvmTestSuite;Lorg/gradle/api/plugins/jvm/JvmTestSuiteTarget;)V 7 <appendix> member <vmtarget> ; # org/gradle/api/plugins/JvmTestSuitePlugin$$Lambda+0x000001793998d950
instanceKlass  @bci org/gradle/testing/base/plugins/TestSuiteBasePlugin lambda$apply$2 (Lorg/gradle/api/NamedDomainObjectProvider;Lorg/gradle/testing/base/TestSuiteTarget;)V 2 <appendix> member <vmtarget> ; # org/gradle/testing/base/plugins/TestSuiteBasePlugin$$Lambda+0x000001793998d730
instanceKlass  @bci org/gradle/api/plugins/jvm/internal/DefaultJvmTestSuite lambda$new$0 (Lorg/gradle/api/plugins/jvm/JvmTestSuiteTarget;)V 7 <appendix> member <vmtarget> ; # org/gradle/api/plugins/jvm/internal/DefaultJvmTestSuite$$Lambda+0x000001793998d510
instanceKlass  @bci org/gradle/api/plugins/jvm/internal/DefaultJvmTestSuiteTarget_Decorated $gradleInit ()V 1 <appendix> member <vmtarget> ; # org/gradle/api/plugins/jvm/internal/DefaultJvmTestSuiteTarget_Decorated$$Lambda+0x000001793998d2f0
instanceKlass  @bci org/gradle/api/plugins/jvm/internal/DefaultJvmTestSuiteTarget <init> (Ljava/lang/String;Lorg/gradle/api/tasks/TaskContainer;Lorg/gradle/api/internal/tasks/TaskDependencyFactory;)V 15 <appendix> member <vmtarget> ; # org/gradle/api/plugins/jvm/internal/DefaultJvmTestSuiteTarget$$Lambda+0x000001793998d0d0
instanceKlass  @bci org/gradle/api/plugins/JvmTestSuitePlugin lambda$apply$5 (Lorg/gradle/api/plugins/jvm/JvmTestSuite;)V 7 <appendix> member <vmtarget> ; # org/gradle/api/plugins/JvmTestSuitePlugin$$Lambda+0x000001793998caa0
instanceKlass  @bci org/gradle/testing/base/plugins/TestSuiteBasePlugin lambda$apply$3 (Lorg/gradle/api/Project;Lorg/gradle/testing/base/TestSuite;)V 13 <appendix> member <vmtarget> ; # org/gradle/testing/base/plugins/TestSuiteBasePlugin$$Lambda+0x000001793998c880
instanceKlass  @bci org/gradle/testing/base/plugins/TestSuiteBasePlugin addTestResultsVariant (Lorg/gradle/api/Project;Lorg/gradle/testing/base/TestSuite;)Lorg/gradle/api/NamedDomainObjectProvider; 31 <appendix> member <vmtarget> ; # org/gradle/testing/base/plugins/TestSuiteBasePlugin$$Lambda+0x000001793998c660
instanceKlass  @bci org/gradle/api/plugins/jvm/internal/DefaultJvmTestSuite_Decorated $gradleInit ()V 1 <appendix> member <vmtarget> ; # org/gradle/api/plugins/jvm/internal/DefaultJvmTestSuite_Decorated$$Lambda+0x000001793998c440
instanceKlass  @bci org/gradle/api/plugins/jvm/internal/DefaultJvmTestSuite <init> (Ljava/lang/String;Lorg/gradle/api/tasks/SourceSetContainer;Lorg/gradle/api/artifacts/ConfigurationContainer;Lorg/gradle/api/internal/tasks/TaskDependencyFactory;)V 349 <appendix> member <vmtarget> ; # org/gradle/api/plugins/jvm/internal/DefaultJvmTestSuite$$Lambda+0x000001793998c220
instanceKlass  @bci org/gradle/api/plugins/jvm/internal/DefaultJvmTestSuite <init> (Ljava/lang/String;Lorg/gradle/api/tasks/SourceSetContainer;Lorg/gradle/api/artifacts/ConfigurationContainer;Lorg/gradle/api/internal/tasks/TaskDependencyFactory;)V 335 <appendix> member <vmtarget> ; # org/gradle/api/plugins/jvm/internal/DefaultJvmTestSuite$$Lambda+0x000001793998c000
instanceKlass  @bci org/gradle/api/plugins/jvm/internal/DefaultJvmTestSuite <init> (Ljava/lang/String;Lorg/gradle/api/tasks/SourceSetContainer;Lorg/gradle/api/artifacts/ConfigurationContainer;Lorg/gradle/api/internal/tasks/TaskDependencyFactory;)V 321 <appendix> member <vmtarget> ; # org/gradle/api/plugins/jvm/internal/DefaultJvmTestSuite$$Lambda+0x0000017939987d40
instanceKlass  @bci org/gradle/api/plugins/jvm/internal/DefaultJvmTestSuite <init> (Ljava/lang/String;Lorg/gradle/api/tasks/SourceSetContainer;Lorg/gradle/api/artifacts/ConfigurationContainer;Lorg/gradle/api/internal/tasks/TaskDependencyFactory;)V 308 <appendix> member <vmtarget> ; # org/gradle/api/plugins/jvm/internal/DefaultJvmTestSuite$$Lambda+0x0000017939987b20
instanceKlass  @bci org/gradle/api/internal/AbstractNamedDomainObjectContainer$NamedDomainObjectCreatingProvider_Decorated $gradleInit ()V 1 <appendix> member <vmtarget> ; # org/gradle/api/internal/AbstractNamedDomainObjectContainer$NamedDomainObjectCreatingProvider_Decorated$$Lambda+0x0000017939983da0
# instanceKlass java/lang/invoke/LambdaForm$MH+0x0000017939988000
instanceKlass  @bci org/gradle/api/testing/toolchains/internal/LegacyJUnit4TestToolchain_Decorated $gradleInit ()V 1 <appendix> member <vmtarget> ; # org/gradle/api/testing/toolchains/internal/LegacyJUnit4TestToolchain_Decorated$$Lambda+0x0000017939987900
instanceKlass org/gradle/api/testing/toolchains/internal/FrameworkCachingJvmTestToolchain
instanceKlass org/gradle/api/testing/toolchains/internal/JvmTestToolchainParameters$None
instanceKlass  @bci org/gradle/api/plugins/jvm/internal/DefaultJvmTestSuite$ToolchainFactory getOrCreate (Ljava/lang/Class;)Lorg/gradle/api/testing/toolchains/internal/JvmTestToolchain; 7 <appendix> member <vmtarget> ; # org/gradle/api/plugins/jvm/internal/DefaultJvmTestSuite$ToolchainFactory$$Lambda+0x0000017939986e40
instanceKlass org/gradle/api/testing/toolchains/internal/LegacyJUnit4TestToolchain
instanceKlass  @bci org/gradle/api/internal/collections/AbstractIterationOrderRetainingElementSource cachingElement (Lorg/gradle/api/internal/provider/CollectionProviderInternal;)Lorg/gradle/api/internal/collections/AbstractIterationOrderRetainingElementSource$Element; 19 <appendix> member <vmtarget> ; # org/gradle/api/internal/collections/AbstractIterationOrderRetainingElementSource$$Lambda+0x0000017939983670
instanceKlass org/gradle/api/internal/provider/Collectors$ElementsFromCollectionProvider
instanceKlass  @bci org/gradle/api/internal/artifacts/dsl/dependencies/DefaultDependencyCollector_Decorated $gradleInit ()V 1 <appendix> member <vmtarget> ; # org/gradle/api/internal/artifacts/dsl/dependencies/DefaultDependencyCollector_Decorated$$Lambda+0x00000179399831b8
instanceKlass  @bci org/gradle/api/internal/provider/DefaultSetProperty <clinit> ()V 0 <appendix> argL0 ; # org/gradle/api/internal/provider/DefaultSetProperty$$Lambda+0x0000017939982f90
instanceKlass org/gradle/api/internal/artifacts/dsl/dependencies/DefaultDependencyCollector
instanceKlass  @bci org/gradle/api/plugins/jvm/JvmComponentDependencies_Decorated $gradleInit ()V 1 <appendix> member <vmtarget> ; # org/gradle/api/plugins/jvm/JvmComponentDependencies_Decorated$$Lambda+0x00000179399869b8
instanceKlass org/gradle/api/plugins/jvm/JvmComponentDependencies_Decorated
instanceKlass  @bci org/gradle/internal/instantiation/generator/AsmBackedClassGenerator$ClassBuilderImpl getInjectedServiceGetterEpilogue (Lorg/objectweb/asm/Type;Ljava/lang/String;)Lorg/gradle/model/internal/asm/BytecodeFragment; 15 <appendix> member <vmtarget> ; # org/gradle/internal/instantiation/generator/AsmBackedClassGenerator$ClassBuilderImpl$$Lambda+0x0000017939982000
instanceKlass org/gradle/api/plugins/jvm/internal/DefaultJvmTestSuiteTarget
instanceKlass org/gradle/api/plugins/jvm/JvmComponentDependencies
instanceKlass org/gradle/api/artifacts/dsl/GradleDependencies
instanceKlass org/gradle/api/plugins/jvm/TestFixturesDependencyModifiers
instanceKlass org/gradle/api/plugins/jvm/PlatformDependencyModifiers
instanceKlass org/gradle/api/plugins/jvm/internal/DefaultJvmTestSuite$ToolchainFactory
instanceKlass org/gradle/api/internal/tasks/testing/TestFramework
instanceKlass org/gradle/api/testing/toolchains/internal/JvmTestToolchain
instanceKlass org/gradle/api/testing/toolchains/internal/JUnitJupiterToolchainParameters
instanceKlass org/gradle/api/testing/toolchains/internal/KotlinTestToolchainParameters
instanceKlass org/gradle/api/testing/toolchains/internal/TestNGToolchainParameters
instanceKlass org/gradle/api/testing/toolchains/internal/JUnit4ToolchainParameters
instanceKlass org/gradle/api/testing/toolchains/internal/SpockToolchainParameters
instanceKlass org/gradle/api/testing/toolchains/internal/JUnitPlatformToolchainParameters
instanceKlass org/gradle/api/testing/toolchains/internal/JvmTestToolchainParameters
instanceKlass  @bci org/gradle/api/plugins/JavaPlugin createDefaultTestSuite (Lorg/gradle/api/plugins/jvm/internal/JvmFeatureInternal;Lorg/gradle/api/artifacts/ConfigurationContainer;Lorg/gradle/api/tasks/TaskContainer;Lorg/gradle/api/plugins/ExtensionContainer;Lorg/gradle/api/model/ObjectFactory;)Lorg/gradle/api/plugins/jvm/JvmTestSuite; 28 <appendix> member <vmtarget> ; # org/gradle/api/plugins/JavaPlugin$$Lambda+0x0000017939984000
instanceKlass  @bci org/gradle/api/publish/internal/component/DefaultAdhocSoftwareComponent addVariantsFromConfiguration (Lorg/gradle/api/provider/Provider;Lorg/gradle/api/Action;)V 18 <appendix> member <vmtarget> ; # org/gradle/api/publish/internal/component/DefaultAdhocSoftwareComponent$$Lambda+0x000001793997bda0
instanceKlass org/gradle/api/publish/internal/component/DefaultAdhocSoftwareComponent$ConfigurationVariantAction
instanceKlass  @bci org/gradle/api/internal/FactoryNamedDomainObjectContainer_Decorated $gradleInit ()V 1 <appendix> member <vmtarget> ; # org/gradle/api/internal/FactoryNamedDomainObjectContainer_Decorated$$Lambda+0x000001793997f4b8
# instanceKlass java/lang/invoke/LambdaForm$MH+0x0000017939981400
# instanceKlass java/lang/invoke/LambdaForm$MH+0x0000017939981000
# instanceKlass java/lang/invoke/LambdaForm$MH+0x0000017939980c00
# instanceKlass java/lang/invoke/LambdaForm$MH+0x0000017939980800
# instanceKlass java/lang/invoke/LambdaForm$MH+0x0000017939980400
# instanceKlass java/lang/invoke/LambdaForm$MH+0x0000017939980000
instanceKlass org/gradle/api/internal/ReflectiveNamedDomainObjectFactory
instanceKlass  @bci org/gradle/api/plugins/jvm/internal/DefaultJvmFeature withSourceElements ()V 40 <appendix> member <vmtarget> ; # org/gradle/api/plugins/jvm/internal/DefaultJvmFeature$$Lambda+0x000001793997b978
instanceKlass  @bci org/gradle/api/plugins/internal/JvmPluginsHelper configureJavaDocTask (Ljava/lang/String;Lorg/gradle/api/tasks/SourceSet;Lorg/gradle/api/tasks/TaskContainer;Lorg/gradle/api/plugins/JavaPluginExtension;)V 34 <appendix> member <vmtarget> ; # org/gradle/api/plugins/internal/JvmPluginsHelper$$Lambda+0x000001793997b758
instanceKlass  @bci org/gradle/api/plugins/jvm/internal/DefaultJvmFeature createRuntimeElements (Lorg/gradle/api/internal/artifacts/configurations/RoleBasedConfigurationContainerInternal;Lorg/gradle/api/artifacts/PublishArtifact;Lorg/gradle/api/tasks/TaskProvider;)Lorg/gradle/api/NamedDomainObjectProvider; 15 <appendix> member <vmtarget> ; # org/gradle/api/plugins/jvm/internal/DefaultJvmFeature$$Lambda+0x000001793997b538
instanceKlass  @bci org/gradle/api/plugins/jvm/internal/DefaultJvmFeature createApiElements (Lorg/gradle/api/internal/artifacts/configurations/RoleBasedConfigurationContainerInternal;Lorg/gradle/api/artifacts/PublishArtifact;Lorg/gradle/api/tasks/TaskProvider;)Lorg/gradle/api/NamedDomainObjectProvider; 15 <appendix> member <vmtarget> ; # org/gradle/api/plugins/jvm/internal/DefaultJvmFeature$$Lambda+0x000001793997b318
instanceKlass org/gradle/api/internal/artifacts/dsl/LazyPublishArtifact
instanceKlass org/gradle/api/internal/artifacts/PublishArtifactInternal
instanceKlass  @bci org/gradle/api/plugins/jvm/internal/DefaultJvmFeature registerOrGetJarTask (Lorg/gradle/api/tasks/SourceSet;Lorg/gradle/api/tasks/TaskContainer;)Lorg/gradle/api/tasks/TaskProvider; 29 <appendix> member <vmtarget> ; # org/gradle/api/plugins/jvm/internal/DefaultJvmFeature$$Lambda+0x000001793997ae40
instanceKlass org/gradle/api/plugins/jvm/internal/DefaultJvmFeature
instanceKlass org/gradle/api/internal/ExecuteDomainObjectCollectionCallbackBuildOperationType$1
instanceKlass org/gradle/api/internal/ExecuteDomainObjectCollectionCallbackBuildOperationType$Result
instanceKlass org/gradle/api/internal/ExecuteDomainObjectCollectionCallbackBuildOperationType
instanceKlass  @bci org/gradle/api/plugins/jvm/internal/DefaultJvmLanguageUtilities useDefaultTargetPlatformInference (Lorg/gradle/api/artifacts/Configuration;Lorg/gradle/api/tasks/TaskProvider;)V 78 <appendix> member <vmtarget> ; # org/gradle/api/plugins/jvm/internal/DefaultJvmLanguageUtilities$$Lambda+0x0000017939979660
instanceKlass  @bci org/gradle/api/plugins/jvm/internal/DefaultJvmLanguageUtilities useDefaultTargetPlatformInference (Lorg/gradle/api/artifacts/Configuration;Lorg/gradle/api/tasks/TaskProvider;)V 10 <appendix> argL0 ; # org/gradle/api/plugins/jvm/internal/DefaultJvmLanguageUtilities$$Lambda+0x0000017939979428
instanceKlass org/gradle/api/internal/provider/MapCollectors$EntryWithValueFromProvider
instanceKlass  @bci org/gradle/api/internal/attributes/DefaultMutableAttributeContainer attributeProvider (Lorg/gradle/api/attributes/Attribute;Lorg/gradle/api/provider/Provider;)Lorg/gradle/api/attributes/AttributeContainer; 85 <appendix> member <vmtarget> ; # org/gradle/api/internal/attributes/DefaultMutableAttributeContainer$$Lambda+0x000001793997c498
instanceKlass  @bci org/gradle/api/plugins/JavaBasePlugin configureLibraryElements (Lorg/gradle/api/tasks/TaskProvider;Lorg/gradle/api/tasks/SourceSet;Lorg/gradle/api/artifacts/ConfigurationContainer;Lorg/gradle/api/model/ObjectFactory;)V 25 <appendix> member <vmtarget> ; # org/gradle/api/plugins/JavaBasePlugin$$Lambda+0x0000017939979208
instanceKlass  @bci org/gradle/api/plugins/JavaBasePlugin configureLibraryElements (Lorg/gradle/api/tasks/TaskProvider;Lorg/gradle/api/tasks/SourceSet;Lorg/gradle/api/artifacts/ConfigurationContainer;Lorg/gradle/api/model/ObjectFactory;)V 13 <appendix> member <vmtarget> ; # org/gradle/api/plugins/JavaBasePlugin$$Lambda+0x0000017939978fe8
instanceKlass  @bci org/gradle/api/plugins/JavaBasePlugin configureLibraryElements (Lorg/gradle/api/tasks/TaskProvider;Lorg/gradle/api/tasks/SourceSet;Lorg/gradle/api/artifacts/ConfigurationContainer;Lorg/gradle/api/model/ObjectFactory;)V 1 <appendix> argL0 ; # org/gradle/api/plugins/JavaBasePlugin$$Lambda+0x0000017939978dd0
instanceKlass  @bci org/gradle/api/plugins/JavaBasePlugin createClassesTask (Lorg/gradle/api/tasks/SourceSet;Lorg/gradle/api/Project;)V 20 <appendix> member <vmtarget> ; # org/gradle/api/plugins/JavaBasePlugin$$Lambda+0x0000017939978bb0
instanceKlass org/gradle/api/internal/provider/TypeSanitizingTransformer
instanceKlass  @bci org/gradle/api/internal/file/DefaultSourceDirectorySet compiledBy (Lorg/gradle/api/tasks/TaskProvider;Ljava/util/function/Function;)V 30 <appendix> member <vmtarget> ; # org/gradle/api/internal/file/DefaultSourceDirectorySet$$Lambda+0x0000017939973bb8
instanceKlass  @bci org/gradle/api/internal/file/DefaultSourceDirectorySet compiledBy (Lorg/gradle/api/tasks/TaskProvider;Ljava/util/function/Function;)V 9 <appendix> member <vmtarget> ; # org/gradle/api/internal/file/DefaultSourceDirectorySet$$Lambda+0x0000017939973998
instanceKlass  @bci org/gradle/api/plugins/internal/JvmPluginsHelper configureOutputDirectoryForSourceSet (Lorg/gradle/api/tasks/SourceSet;Lorg/gradle/api/file/SourceDirectorySet;Lorg/gradle/api/Project;Lorg/gradle/api/tasks/TaskProvider;Lorg/gradle/api/provider/Provider;)V 161 <appendix> argL0 ; # org/gradle/api/plugins/internal/JvmPluginsHelper$$Lambda+0x0000017939978978
instanceKlass  @bci org/gradle/api/plugins/internal/JvmPluginsHelper configureOutputDirectoryForSourceSet (Lorg/gradle/api/tasks/SourceSet;Lorg/gradle/api/file/SourceDirectorySet;Lorg/gradle/api/Project;Lorg/gradle/api/tasks/TaskProvider;Lorg/gradle/api/provider/Provider;)V 142 <appendix> argL0 ; # org/gradle/api/plugins/internal/JvmPluginsHelper$$Lambda+0x0000017939978760
instanceKlass org/gradle/api/plugins/internal/JvmPluginsHelper
instanceKlass  @bci org/gradle/api/plugins/JavaBasePlugin createCompileJavaTask (Lorg/gradle/api/tasks/SourceSet;Lorg/gradle/api/file/SourceDirectorySet;Lorg/gradle/api/Project;)Lorg/gradle/api/tasks/TaskProvider; 37 <appendix> argL0 ; # org/gradle/api/plugins/JavaBasePlugin$$Lambda+0x0000017939978348
instanceKlass org/gradle/api/tasks/compile/CompileOptions
instanceKlass org/gradle/api/internal/tasks/compile/incremental/recomp/RecompilationSpecProvider
instanceKlass org/gradle/api/internal/tasks/compile/JavaCompileSpec
instanceKlass org/gradle/api/internal/tasks/compile/JvmLanguageCompileSpec
instanceKlass org/gradle/language/base/internal/compile/CompileSpec
instanceKlass  @bci org/gradle/api/plugins/JavaBasePlugin createCompileJavaTask (Lorg/gradle/api/tasks/SourceSet;Lorg/gradle/api/file/SourceDirectorySet;Lorg/gradle/api/Project;)Lorg/gradle/api/tasks/TaskProvider; 18 <appendix> member <vmtarget> ; # org/gradle/api/plugins/JavaBasePlugin$$Lambda+0x00000179399779a0
instanceKlass  @bci org/gradle/api/plugins/JavaBasePlugin createProcessResourcesTask (Lorg/gradle/api/tasks/SourceSet;Lorg/gradle/api/file/SourceDirectorySet;Lorg/gradle/api/Project;)V 46 <appendix> argL0 ; # org/gradle/api/plugins/JavaBasePlugin$$Lambda+0x0000017939977788
instanceKlass java/beans/PropertyChangeListener
instanceKlass groovy/util/ObservableList
instanceKlass org/gradle/api/internal/tasks/InputChangesAwareTaskAction
instanceKlass org/gradle/api/internal/tasks/ImplementationAwareTaskAction
instanceKlass org/gradle/api/internal/tasks/TaskRequiredServices
instanceKlass org/gradle/api/internal/tasks/TaskLocalStateInternal
instanceKlass org/gradle/api/internal/TaskOutputsInternal
instanceKlass org/gradle/api/internal/TaskInputsInternal
instanceKlass  @bci org/gradle/api/plugins/JavaBasePlugin createProcessResourcesTask (Lorg/gradle/api/tasks/SourceSet;Lorg/gradle/api/file/SourceDirectorySet;Lorg/gradle/api/Project;)V 16 <appendix> member <vmtarget> ; # org/gradle/api/plugins/JavaBasePlugin$$Lambda+0x0000017939977568
instanceKlass  @bci org/gradle/api/plugins/JavaBasePlugin definePathsForSourceSet (Lorg/gradle/api/tasks/SourceSet;Lorg/gradle/api/Project;)V 21 <appendix> member <vmtarget> ; # org/gradle/api/plugins/JavaBasePlugin$$Lambda+0x0000017939977348
instanceKlass org/gradle/internal/extensibility/ConventionAwareHelper$MappedPropertyImpl
instanceKlass org/gradle/api/internal/ConventionMapping$MappedProperty
instanceKlass  @bci org/gradle/api/plugins/JavaBasePlugin defineConfigurationsForSourceSet (Lorg/gradle/api/tasks/SourceSet;Lorg/gradle/api/internal/artifacts/configurations/RoleBasedConfigurationContainerInternal;)V 153 <appendix> member <vmtarget> ; # org/gradle/api/plugins/JavaBasePlugin$$Lambda+0x0000017939977128
instanceKlass  @bci org/gradle/api/plugins/JavaBasePlugin defineConfigurationsForSourceSet (Lorg/gradle/api/tasks/SourceSet;Lorg/gradle/api/internal/artifacts/configurations/RoleBasedConfigurationContainerInternal;)V 131 <appendix> member <vmtarget> ; # org/gradle/api/plugins/JavaBasePlugin$$Lambda+0x0000017939976f08
instanceKlass  @bci org/gradle/api/plugins/jvm/internal/DefaultJvmPluginServices configureAsRuntimeClasspath (Lorg/gradle/api/attributes/HasConfigurableAttributes;)V 2 <appendix> argL0 ; # org/gradle/api/plugins/jvm/internal/DefaultJvmPluginServices$$Lambda+0x0000017939976cf0
instanceKlass  @bci org/gradle/api/plugins/JavaBasePlugin defineConfigurationsForSourceSet (Lorg/gradle/api/tasks/SourceSet;Lorg/gradle/api/internal/artifacts/configurations/RoleBasedConfigurationContainerInternal;)V 114 <appendix> member <vmtarget> ; # org/gradle/api/plugins/JavaBasePlugin$$Lambda+0x0000017939976ad0
instanceKlass org/gradle/api/attributes/java/TargetJvmEnvironment$Impl
instanceKlass  @bci org/gradle/api/plugins/jvm/internal/DefaultJvmEcosystemAttributesDetails_Decorated $gradleInit ()V 1 <appendix> member <vmtarget> ; # org/gradle/api/plugins/jvm/internal/DefaultJvmEcosystemAttributesDetails_Decorated$$Lambda+0x00000179399768b0
instanceKlass org/gradle/api/plugins/jvm/internal/DefaultJvmEcosystemAttributesDetails
instanceKlass  @bci org/gradle/api/plugins/jvm/internal/DefaultJvmPluginServices configureAsCompileClasspath (Lorg/gradle/api/attributes/HasConfigurableAttributes;)V 2 <appendix> argL0 ; # org/gradle/api/plugins/jvm/internal/DefaultJvmPluginServices$$Lambda+0x0000017939975f70
instanceKlass org/gradle/api/plugins/jvm/internal/JvmEcosystemAttributesDetails
instanceKlass  @bci org/gradle/api/internal/artifacts/configurations/DefaultResolvableConfiguration_Decorated $gradleInit ()V 1 <appendix> member <vmtarget> ; # org/gradle/api/internal/artifacts/configurations/DefaultResolvableConfiguration_Decorated$$Lambda+0x0000017939975d50
instanceKlass  @bci org/gradle/api/internal/artifacts/configurations/DefaultConfigurationContainer resolvableLocked (Ljava/lang/String;Lorg/gradle/api/Action;)Lorg/gradle/api/artifacts/ResolvableConfiguration; 10 <appendix> member <vmtarget> ; # org/gradle/api/internal/artifacts/configurations/DefaultConfigurationContainer$$Lambda+0x0000017939974660
instanceKlass  @bci org/gradle/api/plugins/JavaBasePlugin defineConfigurationsForSourceSet (Lorg/gradle/api/tasks/SourceSet;Lorg/gradle/api/internal/artifacts/configurations/RoleBasedConfigurationContainerInternal;)V 96 <appendix> member <vmtarget> ; # org/gradle/api/plugins/JavaBasePlugin$$Lambda+0x0000017939974440
instanceKlass  @bci org/gradle/api/plugins/JavaBasePlugin defineConfigurationsForSourceSet (Lorg/gradle/api/tasks/SourceSet;Lorg/gradle/api/internal/artifacts/configurations/RoleBasedConfigurationContainerInternal;)V 74 <appendix> member <vmtarget> ; # org/gradle/api/plugins/JavaBasePlugin$$Lambda+0x0000017939974220
instanceKlass  @bci org/gradle/api/internal/artifacts/configurations/DefaultDependencyScopeConfiguration_Decorated $gradleInit ()V 1 <appendix> member <vmtarget> ; # org/gradle/api/internal/artifacts/configurations/DefaultDependencyScopeConfiguration_Decorated$$Lambda+0x0000017939974000
# instanceKlass java/lang/invoke/LambdaForm$MH+0x0000017939971800
# instanceKlass java/lang/invoke/LambdaForm$MH+0x0000017939971400
# instanceKlass java/lang/invoke/LambdaForm$MH+0x0000017939971000
# instanceKlass java/lang/invoke/LambdaForm$MH+0x0000017939970c00
# instanceKlass java/lang/invoke/LambdaForm$MH+0x0000017939970800
# instanceKlass java/lang/invoke/LambdaForm$MH+0x0000017939970400
# instanceKlass java/lang/invoke/LambdaForm$MH+0x0000017939970000
# instanceKlass java/lang/invoke/LambdaForm$MH+0x000001793996dc00
# instanceKlass java/lang/invoke/LambdaForm$MH+0x000001793996d800
instanceKlass  @bci org/gradle/api/internal/artifacts/configurations/DefaultConfigurationContainer dependencyScopeLocked (Ljava/lang/String;Lorg/gradle/api/Action;)Lorg/gradle/api/internal/artifacts/configurations/DefaultDependencyScopeConfiguration; 10 <appendix> member <vmtarget> ; # org/gradle/api/internal/artifacts/configurations/DefaultConfigurationContainer$$Lambda+0x000001793996a700
instanceKlass  @bci org/gradle/api/plugins/JavaBasePlugin defineConfigurationsForSourceSet (Lorg/gradle/api/tasks/SourceSet;Lorg/gradle/api/internal/artifacts/configurations/RoleBasedConfigurationContainerInternal;)V 57 <appendix> member <vmtarget> ; # org/gradle/api/plugins/JavaBasePlugin$$Lambda+0x000001793996a4e0
instanceKlass  @bci org/gradle/api/internal/tasks/DefaultSourceSetOutput_Decorated $gradleInit ()V 1 <appendix> member <vmtarget> ; # org/gradle/api/internal/tasks/DefaultSourceSetOutput_Decorated$$Lambda+0x000001793996a2c0
instanceKlass  @bci org/gradle/api/internal/tasks/DefaultSourceSetOutput <init> (Ljava/lang/String;Lorg/gradle/api/internal/tasks/TaskDependencyFactory;Lorg/gradle/api/internal/file/FileResolver;Lorg/gradle/api/internal/file/FileCollectionFactory;)V 88 <appendix> member <vmtarget> ; # org/gradle/api/internal/tasks/DefaultSourceSetOutput$$Lambda+0x000001793996a0a0
instanceKlass org/gradle/api/internal/tasks/DefaultSourceSetOutput$DirectoryContribution
instanceKlass  @bci org/gradle/api/internal/tasks/DefaultSourceSet_Decorated $gradleInit ()V 1 <appendix> member <vmtarget> ; # org/gradle/api/internal/tasks/DefaultSourceSet_Decorated$$Lambda+0x00000179399694f8
instanceKlass  @bci org/gradle/api/internal/tasks/DefaultSourceSet <init> (Ljava/lang/String;Lorg/gradle/api/model/ObjectFactory;)V 220 <appendix> member <vmtarget> ; # org/gradle/api/internal/tasks/DefaultSourceSet$$Lambda+0x00000179399692c8
instanceKlass org/gradle/api/internal/lambdas/SerializableLambdas$SerializableSpec
instanceKlass  @bci org/gradle/api/internal/file/DefaultSourceDirectorySet_Decorated $gradleInit ()V 1 <appendix> member <vmtarget> ; # org/gradle/api/internal/file/DefaultSourceDirectorySet_Decorated$$Lambda+0x000001793996e000
instanceKlass org/gradle/api/internal/file/DefaultSourceDirectorySet$SourceDirectories
instanceKlass org/gradle/internal/typeconversion/CharSequenceNotationParser
# instanceKlass java/lang/invoke/LambdaForm$MH+0x000001793996d400
# instanceKlass java/lang/invoke/LambdaForm$MH+0x000001793996d000
# instanceKlass java/lang/invoke/LambdaForm$MH+0x000001793996cc00
# instanceKlass java/lang/invoke/LambdaForm$MH+0x000001793996c800
# instanceKlass java/lang/invoke/LambdaForm$MH+0x000001793996c400
# instanceKlass java/lang/invoke/LambdaForm$MH+0x000001793996c000
instanceKlass org/gradle/model/internal/core/UnmanagedStruct
instanceKlass org/gradle/api/internal/file/collections/DirectoryFileTree
instanceKlass org/gradle/api/internal/file/collections/LocalFileTree
instanceKlass org/gradle/api/internal/file/collections/RandomAccessFileCollection
instanceKlass org/gradle/api/internal/file/collections/PatternFilterableFileTree
instanceKlass org/gradle/api/internal/jvm/ClassDirectoryBinaryNamingScheme
instanceKlass org/gradle/api/file/FileTreeElement
instanceKlass org/gradle/api/tasks/SourceSetOutput
instanceKlass org/gradle/api/internal/tasks/DefaultSourceSet
instanceKlass org/gradle/api/internal/DefaultCollectionCallbackActionDecorator$OperationDetails
instanceKlass org/gradle/api/internal/DefaultCollectionCallbackActionDecorator$Operation
instanceKlass  @bci org/gradle/jvm/component/internal/DefaultJvmSoftwareComponent_Decorated $gradleInit ()V 1 <appendix> member <vmtarget> ; # org/gradle/jvm/component/internal/DefaultJvmSoftwareComponent_Decorated$$Lambda+0x000001793995fbe0
instanceKlass org/gradle/api/internal/component/UsageContext
instanceKlass org/gradle/api/component/SoftwareComponentVariant
instanceKlass  @bci org/gradle/api/internal/AbstractPolymorphicDomainObjectContainer$NamedDomainObjectCreatingProvider_Decorated $gradleInit ()V 1 <appendix> member <vmtarget> ; # org/gradle/api/internal/AbstractPolymorphicDomainObjectContainer$NamedDomainObjectCreatingProvider_Decorated$$Lambda+0x0000017939964398
instanceKlass  @bci org/gradle/api/plugins/JavaPlugin createJavaComponent (Lorg/gradle/api/internal/project/ProjectInternal;Lorg/gradle/api/tasks/SourceSetContainer;)Lorg/gradle/jvm/component/internal/JvmSoftwareComponentInternal; 12 <appendix> member <vmtarget> ; # org/gradle/api/plugins/JavaPlugin$$Lambda+0x000001793995f2a0
instanceKlass org/gradle/api/publish/internal/component/DefaultAdhocSoftwareComponent
instanceKlass org/gradle/api/internal/component/SoftwareComponentInternal
instanceKlass org/gradle/api/component/AdhocComponentWithVariants
instanceKlass  @bci org/gradle/api/internal/component/DefaultSoftwareComponentContainer_Decorated $gradleInit ()V 1 <appendix> member <vmtarget> ; # org/gradle/api/internal/component/DefaultSoftwareComponentContainer_Decorated$$Lambda+0x000001793995b9f8
# instanceKlass java/lang/invoke/LambdaForm$MH+0x000001793995b400
instanceKlass org/gradle/api/internal/component/SoftwareComponentContainerInternal
# instanceKlass java/lang/invoke/LambdaForm$MH+0x000001793995b000
# instanceKlass java/lang/invoke/LambdaForm$MH+0x000001793995ac00
# instanceKlass java/lang/invoke/LambdaForm$MH+0x000001793995a800
# instanceKlass java/lang/invoke/LambdaForm$MH+0x000001793995a400
instanceKlass  @bci org/gradle/api/plugins/JvmTestSuitePlugin apply (Lorg/gradle/api/Project;)V 112 <appendix> argL0 ; # org/gradle/api/plugins/JvmTestSuitePlugin$$Lambda+0x000001793995eaa8
instanceKlass org/gradle/api/plugins/jvm/internal/DefaultJvmTestSuite
instanceKlass  @bci org/gradle/api/plugins/JvmTestSuitePlugin apply (Lorg/gradle/api/Project;)V 57 <appendix> member <vmtarget> ; # org/gradle/api/plugins/JvmTestSuitePlugin$$Lambda+0x000001793995e490
instanceKlass  @bci org/gradle/testing/base/plugins/TestSuiteBasePlugin apply (Lorg/gradle/api/Project;)V 30 <appendix> member <vmtarget> ; # org/gradle/testing/base/plugins/TestSuiteBasePlugin$$Lambda+0x000001793995e270
instanceKlass  @bci org/gradle/api/internal/DefaultPolymorphicDomainObjectContainer_Decorated $gradleInit ()V 1 <appendix> member <vmtarget> ; # org/gradle/api/internal/DefaultPolymorphicDomainObjectContainer_Decorated$$Lambda+0x000001793994fd50
# instanceKlass java/lang/invoke/LambdaForm$MH+0x000001793995a000
# instanceKlass java/lang/invoke/LambdaForm$MH+0x0000017939959c00
# instanceKlass java/lang/invoke/LambdaForm$MH+0x0000017939959800
instanceKlass  @bci org/gradle/testing/base/TestingExtension_Decorated $gradleInit ()V 1 <appendix> member <vmtarget> ; # org/gradle/testing/base/TestingExtension_Decorated$$Lambda+0x000001793995e050
instanceKlass org/gradle/testing/base/TestingExtension_Decorated
instanceKlass org/gradle/testing/base/TestingExtension
instanceKlass  @bci org/gradle/testing/base/plugins/TestSuiteBasePlugin_Decorated $gradleInit ()V 1 <appendix> member <vmtarget> ; # org/gradle/testing/base/plugins/TestSuiteBasePlugin_Decorated$$Lambda+0x000001793995d868
instanceKlass org/gradle/testing/base/plugins/TestSuiteBasePlugin
instanceKlass  @bci org/gradle/api/plugins/JvmTestSuitePlugin_Decorated $gradleInit ()V 1 <appendix> member <vmtarget> ; # org/gradle/api/plugins/JvmTestSuitePlugin_Decorated$$Lambda+0x000001793995d048
instanceKlass org/gradle/api/plugins/jvm/JvmTestSuiteTarget
instanceKlass org/gradle/testing/base/TestSuiteTarget
instanceKlass org/gradle/api/plugins/JvmTestSuitePlugin
instanceKlass  @bci org/gradle/api/plugins/JavaBasePlugin configureJavaExecTasks (Lorg/gradle/api/Project;)V 16 <appendix> member <vmtarget> ; # org/gradle/api/plugins/JavaBasePlugin$$Lambda+0x000001793995c438
instanceKlass  @bci org/gradle/api/plugins/JavaBasePlugin configureArchiveDefaults (Lorg/gradle/api/Project;)V 33 <appendix> member <vmtarget> ; # org/gradle/api/plugins/JavaBasePlugin$$Lambda+0x000001793995c218
instanceKlass  @bci org/gradle/api/plugins/JavaBasePlugin configureBuildDependents (Lorg/gradle/api/Project;)V 9 <appendix> argL0 ; # org/gradle/api/plugins/JavaBasePlugin$$Lambda+0x000001793995c000
instanceKlass  @bci org/gradle/api/plugins/JavaBasePlugin configureBuildNeeded (Lorg/gradle/api/Project;)V 9 <appendix> argL0 ; # org/gradle/api/plugins/JavaBasePlugin$$Lambda+0x000001793994bd28
instanceKlass  @bci org/gradle/api/plugins/JavaBasePlugin configureTest (Lorg/gradle/api/Project;Lorg/gradle/api/plugins/JavaPluginExtension;)V 17 <appendix> member <vmtarget> ; # org/gradle/api/plugins/JavaBasePlugin$$Lambda+0x000001793994bb08
instanceKlass  @bci org/gradle/api/plugins/JavaBasePlugin configureJavaDoc (Lorg/gradle/api/Project;Lorg/gradle/api/plugins/JavaPluginExtension;)V 17 <appendix> member <vmtarget> ; # org/gradle/api/plugins/JavaBasePlugin$$Lambda+0x000001793994b8e8
instanceKlass  @bci org/gradle/api/plugins/JavaBasePlugin configureSourceSetDefaults (Lorg/gradle/api/Project;Lorg/gradle/api/plugins/JavaPluginExtension;)V 8 <appendix> member <vmtarget> ; # org/gradle/api/plugins/JavaBasePlugin$$Lambda+0x000001793994b6c8
instanceKlass  @bci org/gradle/api/plugins/JavaBasePlugin configureCompileDefaults (Lorg/gradle/api/Project;Lorg/gradle/api/plugins/internal/DefaultJavaPluginExtension;)V 15 <appendix> member <vmtarget> ; # org/gradle/api/plugins/JavaBasePlugin$$Lambda+0x000001793994b4a8
instanceKlass  @bci org/gradle/api/plugins/internal/DefaultJavaPluginExtension_Decorated $gradleInit ()V 1 <appendix> member <vmtarget> ; # org/gradle/api/plugins/internal/DefaultJavaPluginExtension_Decorated$$Lambda+0x000001793994b288
instanceKlass  @bci org/gradle/internal/jvm/DefaultModularitySpec_Decorated $gradleInit ()V 1 <appendix> member <vmtarget> ; # org/gradle/internal/jvm/DefaultModularitySpec_Decorated$$Lambda+0x000001793994e330
instanceKlass org/gradle/internal/jvm/DefaultModularitySpec
instanceKlass org/gradle/api/jvm/ModularitySpec
instanceKlass org/gradle/api/java/archives/Manifest
instanceKlass  @bci org/gradle/jvm/toolchain/internal/DefaultToolchainSpec_Decorated $gradleInit ()V 1 <appendix> member <vmtarget> ; # org/gradle/jvm/toolchain/internal/DefaultToolchainSpec_Decorated$$Lambda+0x000001793994d718
instanceKlass  @bci org/gradle/jvm/toolchain/internal/DefaultJavaToolchainService_Decorated $gradleInit ()V 1 <appendix> member <vmtarget> ; # org/gradle/jvm/toolchain/internal/DefaultJavaToolchainService_Decorated$$Lambda+0x000001793994a900
# instanceKlass java/lang/invoke/LambdaForm$MH+0x0000017939959400
# instanceKlass java/lang/invoke/LambdaForm$MH+0x0000017939959000
# instanceKlass java/lang/invoke/LambdaForm$MH+0x0000017939958c00
# instanceKlass java/lang/invoke/LambdaForm$MH+0x0000017939958800
# instanceKlass java/lang/invoke/LambdaForm$MH+0x0000017939958400
instanceKlass org/gradle/language/java/internal/JavadocServices$JavadocProjectScopeServices$1
instanceKlass org/gradle/api/internal/tasks/compile/daemon/CompilerWorkerExecutor
instanceKlass org/gradle/language/base/internal/compile/Compiler
instanceKlass org/gradle/api/internal/tasks/compile/DefaultJavaCompilerFactory
# instanceKlass java/lang/invoke/LambdaForm$MH+0x0000017939958000
# instanceKlass java/lang/invoke/LambdaForm$MH+0x0000017939957c00
# instanceKlass java/lang/invoke/LambdaForm$MH+0x0000017939957800
# instanceKlass java/lang/invoke/LambdaForm$MH+0x0000017939957400
# instanceKlass java/lang/invoke/LambdaForm$MH+0x0000017939957000
# instanceKlass java/lang/invoke/LambdaForm$MH+0x0000017939956c00
# instanceKlass java/lang/invoke/LambdaForm$MH+0x0000017939956800
# instanceKlass java/lang/invoke/LambdaForm$MH+0x0000017939956400
# instanceKlass java/lang/invoke/LambdaForm$MH+0x0000017939956000
instanceKlass org/gradle/api/internal/tasks/compile/processing/AnnotationProcessorDeclarationSerializer
instanceKlass org/gradle/api/internal/tasks/compile/processing/AnnotationProcessorDetector$ProcessorServiceLocator
instanceKlass org/gradle/process/internal/worker/child/DefaultWorkerDirectoryProvider
# instanceKlass java/lang/invoke/LambdaForm$MH+0x0000017939955c00
# instanceKlass java/lang/invoke/LambdaForm$MH+0x0000017939955800
# instanceKlass java/lang/invoke/LambdaForm$MH+0x0000017939955400
# instanceKlass java/lang/invoke/LambdaForm$MH+0x0000017939955000
# instanceKlass java/lang/invoke/LambdaForm$MH+0x0000017939954c00
# instanceKlass java/lang/invoke/LambdaForm$MH+0x0000017939954800
# instanceKlass java/lang/invoke/LambdaForm$MH+0x0000017939954400
# instanceKlass java/lang/invoke/LambdaForm$MH+0x0000017939954000
instanceKlass org/gradle/workers/internal/WorkerDaemonClientCancellationHandler$KillWorkers
instanceKlass org/gradle/workers/internal/WorkerDaemonExpiration
instanceKlass org/gradle/workers/internal/WorkerDaemonClientsManager$LogLevelChangeEventListener
instanceKlass org/gradle/workers/internal/WorkerDaemonClientsManager$StopSessionScopedWorkers
instanceKlass org/gradle/workers/internal/WorkerDaemonStarter
instanceKlass  @bci org/gradle/workers/internal/WorkerDaemonClientsManager <clinit> ()V 16 <appendix> argL0 ; # org/gradle/workers/internal/WorkerDaemonClientsManager$$Lambda+0x0000017939948f68
instanceKlass  @bci org/gradle/workers/internal/WorkerDaemonClientsManager <clinit> ()V 8 <appendix> argL0 ; # org/gradle/workers/internal/WorkerDaemonClientsManager$$Lambda+0x0000017939948d40
instanceKlass org/gradle/workers/internal/WorkerDaemonClient
instanceKlass org/gradle/process/internal/health/memory/MemoryHolder
# instanceKlass java/lang/invoke/LambdaForm$MH+0x0000017939953c00
# instanceKlass java/lang/invoke/LambdaForm$MH+0x0000017939953800
# instanceKlass java/lang/invoke/LambdaForm$MH+0x0000017939953400
# instanceKlass java/lang/invoke/LambdaForm$MH+0x0000017939953000
# instanceKlass java/lang/invoke/LambdaForm$MH+0x0000017939952c00
# instanceKlass java/lang/invoke/LambdaForm$MH+0x0000017939952800
# instanceKlass java/lang/invoke/LambdaForm$MH+0x0000017939952400
# instanceKlass java/lang/invoke/LambdaForm$MH+0x0000017939952000
instanceKlass org/gradle/workers/internal/DefaultActionExecutionSpecFactory
instanceKlass org/gradle/process/internal/worker/child/ApplicationClassesInSystemClassLoaderWorkerImplementationFactory
instanceKlass org/gradle/process/internal/worker/MultiRequestWorkerProcessBuilder
instanceKlass org/gradle/process/internal/worker/WorkerProcessBuilder
instanceKlass org/gradle/process/internal/worker/WorkerProcessSettings
instanceKlass org/gradle/process/internal/worker/DefaultWorkerProcessFactory
# instanceKlass java/lang/invoke/LambdaForm$MH+0x0000017939951c00
# instanceKlass java/lang/invoke/LambdaForm$MH+0x0000017939951800
# instanceKlass java/lang/invoke/LambdaForm$MH+0x0000017939951400
# instanceKlass java/lang/invoke/LambdaForm$MH+0x0000017939951000
# instanceKlass java/lang/invoke/LambdaForm$MH+0x0000017939950c00
# instanceKlass java/lang/invoke/LambdaForm$MH+0x0000017939950800
# instanceKlass java/lang/invoke/LambdaForm$MH+0x0000017939950400
# instanceKlass java/lang/invoke/LambdaForm$MH+0x0000017939950000
instanceKlass org/gradle/process/internal/health/memory/DefaultMemoryManager$MemoryCheck
instanceKlass org/gradle/process/internal/health/memory/DefaultMemoryManager$OsMemoryListener
instanceKlass org/gradle/process/internal/health/memory/DefaultAvailableOsMemoryStatusAspect
instanceKlass org/gradle/process/internal/health/memory/OsMemoryStatusAspect$Available
instanceKlass org/gradle/process/internal/health/memory/OsMemoryStatusSnapshot
instanceKlass net/rubygrapefruit/platform/internal/jni/WindowsMemoryFunctions
instanceKlass net/rubygrapefruit/platform/internal/DefaultWindowsMemoryInfo
instanceKlass net/rubygrapefruit/platform/memory/WindowsMemoryInfo
instanceKlass net/rubygrapefruit/platform/memory/MemoryInfo
instanceKlass net/rubygrapefruit/platform/internal/DefaultWindowsMemory
instanceKlass org/gradle/process/internal/health/memory/JvmMemoryStatusListener
instanceKlass org/gradle/process/internal/health/memory/OsMemoryStatusAspect
instanceKlass org/gradle/process/internal/health/memory/DefaultMemoryManager
instanceKlass org/gradle/process/internal/health/memory/JvmMemoryStatus
instanceKlass org/gradle/process/internal/health/memory/DefaultJvmMemoryInfo
instanceKlass org/gradle/process/internal/health/memory/OsMemoryStatus
instanceKlass org/gradle/process/internal/health/memory/WindowsOsMemoryInfo
instanceKlass org/gradle/process/internal/health/memory/MBeanAttributeProvider
instanceKlass org/gradle/process/internal/health/memory/DefaultOsMemoryInfo
instanceKlass org/gradle/internal/jvm/inspection/DefaultJvmVersionDetector
instanceKlass org/gradle/internal/remote/internal/hub/MessageHubBackedServer
instanceKlass org/gradle/jvm/toolchain/JavadocTool
instanceKlass org/gradle/jvm/toolchain/internal/JavaToolchain
instanceKlass org/gradle/jvm/toolchain/JavaInstallationMetadata
instanceKlass  @bci org/gradle/api/plugins/JvmToolchainsPlugin_Decorated $gradleInit ()V 1 <appendix> member <vmtarget> ; # org/gradle/api/plugins/JvmToolchainsPlugin_Decorated$$Lambda+0x0000017939948000
instanceKlass org/gradle/jvm/toolchain/internal/JavaToolchainQueryService$1
instanceKlass  @bci org/gradle/jvm/toolchain/internal/CurrentJvmToolchainSpec_Decorated $gradleInit ()V 1 <appendix> member <vmtarget> ; # org/gradle/jvm/toolchain/internal/CurrentJvmToolchainSpec_Decorated$$Lambda+0x00000179399446e0
instanceKlass  @bci org/gradle/jvm/toolchain/internal/DefaultJvmVendorSpec <init> ()V 15 <appendix> argL0 ; # org/gradle/jvm/toolchain/internal/DefaultJvmVendorSpec$$Lambda+0x0000017939944498
instanceKlass  @bci org/gradle/jvm/toolchain/internal/DefaultJvmVendorSpec <init> (Lorg/gradle/internal/jvm/inspection/JvmVendor$KnownJvmVendor;Ljava/lang/String;)V 16 <appendix> member <vmtarget> ; # org/gradle/jvm/toolchain/internal/DefaultJvmVendorSpec$$Lambda+0x0000017939944248
instanceKlass org/gradle/internal/jvm/inspection/JvmVendor$1
instanceKlass org/gradle/internal/jvm/inspection/JvmVendor
instanceKlass org/gradle/jvm/toolchain/JvmVendorSpec
instanceKlass org/gradle/jvm/toolchain/JvmImplementation
instanceKlass  @bci org/gradle/internal/jvm/inspection/DefaultJavaInstallationRegistry <init> (Lorg/gradle/jvm/toolchain/internal/ToolchainConfiguration;Ljava/util/List;Ljava/util/List;Lorg/gradle/internal/jvm/inspection/JvmMetadataDetector;Lorg/gradle/api/logging/Logger;Lorg/gradle/internal/operations/BuildOperationRunner;Lorg/gradle/internal/os/OperatingSystem;Lorg/gradle/internal/logging/progress/ProgressLoggerFactory;Lorg/gradle/internal/jvm/inspection/JvmInstallationProblemReporter;)V 58 <appendix> member <vmtarget> ; # org/gradle/internal/jvm/inspection/DefaultJavaInstallationRegistry$$Lambda+0x000001793993ebb0
instanceKlass org/gradle/internal/jvm/inspection/DefaultJavaInstallationRegistry$Installations
instanceKlass  @bci org/gradle/jvm/internal/services/ProviderBackedToolchainConfiguration isAutoDetectEnabled ()Z 6 <appendix> argL0 ; # org/gradle/jvm/internal/services/ProviderBackedToolchainConfiguration$$Lambda+0x000001793993bdb0
instanceKlass org/gradle/internal/serialize/codecs/core/jos/JavaObjectSerializationCodec$ReadResolveEncoding
instanceKlass org/gradle/jvm/toolchain/internal/AutoInstalledInstallationSupplier
instanceKlass org/gradle/jvm/toolchain/internal/CurrentInstallationSupplier
instanceKlass org/gradle/jvm/toolchain/internal/LocationListInstallationSupplier
instanceKlass org/gradle/jvm/toolchain/internal/EnvironmentVariableJavaHomeInstallationSupplier
instanceKlass org/gradle/jvm/toolchain/internal/EnvironmentVariableListInstallationSupplier
# instanceKlass java/lang/invoke/LambdaForm$MH+0x0000017939943c00
# instanceKlass java/lang/invoke/LambdaForm$MH+0x0000017939943800
# instanceKlass java/lang/invoke/LambdaForm$MH+0x0000017939943400
# instanceKlass java/lang/invoke/LambdaForm$MH+0x0000017939943000
# instanceKlass java/lang/invoke/LambdaForm$MH+0x0000017939942c00
# instanceKlass java/lang/invoke/LambdaForm$MH+0x0000017939942800
# instanceKlass java/lang/invoke/LambdaForm$MH+0x0000017939942400
# instanceKlass java/lang/invoke/LambdaForm$MH+0x0000017939942000
# instanceKlass java/lang/invoke/LambdaForm$MH+0x0000017939941c00
instanceKlass  @bci org/gradle/jvm/toolchain/internal/install/DefaultJavaToolchainProvisioningService <init> (Lorg/gradle/jvm/toolchain/JavaToolchainResolverRegistry;Lorg/gradle/jvm/toolchain/internal/install/SecureFileDownloader;Lorg/gradle/jvm/toolchain/internal/JdkCacheDirectory;Lorg/gradle/api/provider/ProviderFactory;Lorg/gradle/jvm/toolchain/internal/ToolchainConfiguration;Lorg/gradle/internal/operations/BuildOperationRunner;Lorg/gradle/platform/internal/CurrentBuildPlatform;)V 35 <appendix> member <vmtarget> ; # org/gradle/jvm/toolchain/internal/install/DefaultJavaToolchainProvisioningService$$Lambda+0x000001793993b4e8
# instanceKlass java/lang/invoke/LambdaForm$MH+0x0000017939941800
# instanceKlass java/lang/invoke/LambdaForm$MH+0x0000017939941400
# instanceKlass java/lang/invoke/LambdaForm$MH+0x0000017939941000
# instanceKlass java/lang/invoke/LambdaForm$MH+0x0000017939940c00
# instanceKlass java/lang/invoke/LambdaForm$MH+0x0000017939940800
# instanceKlass java/lang/invoke/LambdaForm$MH+0x0000017939940400
# instanceKlass java/lang/invoke/LambdaForm$MH+0x0000017939940000
instanceKlass org/gradle/platform/internal/CurrentBuildPlatform$1
instanceKlass net/rubygrapefruit/platform/internal/MutableSystemInfo
instanceKlass net/rubygrapefruit/platform/internal/DefaultSystemInfo
instanceKlass org/gradle/internal/jvm/inspection/JavaInstallationCapability$1
instanceKlass  @bci java/util/function/Function andThen (Ljava/util/function/Function;)Ljava/util/function/Function; 7 <appendix> member <vmtarget> ; # java/util/function/Function$$Lambda+0x00000179396d09d0
instanceKlass  @bci org/gradle/internal/RenderingUtils oxfordJoin (Ljava/lang/String;)Ljava/util/stream/Collector; 4 <appendix> member <vmtarget> ; # org/gradle/internal/RenderingUtils$$Lambda+0x000001793993ce78
instanceKlass org/gradle/internal/RenderingUtils
instanceKlass  @bci org/gradle/jvm/toolchain/internal/install/DefaultJdkCacheDirectory <clinit> ()V 16 <appendix> argL0 ; # org/gradle/jvm/toolchain/internal/install/DefaultJdkCacheDirectory$$Lambda+0x000001793993ca40
instanceKlass org/gradle/jvm/toolchain/internal/install/DefaultJdkCacheDirectory
# instanceKlass java/lang/invoke/LambdaForm$MH+0x0000017939939c00
# instanceKlass java/lang/invoke/LambdaForm$MH+0x0000017939939800
# instanceKlass java/lang/invoke/LambdaForm$MH+0x0000017939939400
# instanceKlass java/lang/invoke/LambdaForm$MH+0x0000017939939000
# instanceKlass java/lang/invoke/LambdaForm$MH+0x0000017939938c00
# instanceKlass java/lang/invoke/LambdaForm$MH+0x0000017939938800
instanceKlass  @bci org/gradle/jvm/toolchain/internal/DefaultJavaToolchainResolverRegistry_Decorated $gradleInit ()V 1 <appendix> member <vmtarget> ; # org/gradle/jvm/toolchain/internal/DefaultJavaToolchainResolverRegistry_Decorated$$Lambda+0x000001793993b2c8
instanceKlass  @bci org/gradle/jvm/toolchain/internal/DefaultJavaToolchainRepositoryHandler_Decorated $gradleInit ()V 1 <appendix> member <vmtarget> ; # org/gradle/jvm/toolchain/internal/DefaultJavaToolchainRepositoryHandler_Decorated$$Lambda+0x000001793993b0a8
instanceKlass org/gradle/jvm/toolchain/internal/DefaultJavaToolchainRepositoryHandler$RepositoryNamer
# instanceKlass java/lang/invoke/LambdaForm$MH+0x0000017939938400
instanceKlass org/gradle/jvm/toolchain/internal/JavaToolchainRepositoryInternal
instanceKlass  @bci org/gradle/jvm/toolchain/internal/DefaultJavaToolchainResolverRegistry <clinit> ()V 0 <appendix> argL0 ; # org/gradle/jvm/toolchain/internal/DefaultJavaToolchainResolverRegistry$$Lambda+0x0000017939937908
instanceKlass org/gradle/jvm/toolchain/internal/DefaultJavaToolchainRepositoryHandler
instanceKlass org/gradle/jvm/toolchain/internal/RealizedJavaToolchainRepository
instanceKlass org/gradle/jvm/toolchain/JavaToolchainRepository
instanceKlass org/gradle/jvm/toolchain/internal/JavaToolchainRepositoryHandlerInternal
instanceKlass org/gradle/jvm/toolchain/JavaToolchainRepositoryHandler
instanceKlass org/gradle/jvm/toolchain/internal/DefaultJavaToolchainResolverRegistry
# instanceKlass java/lang/invoke/LambdaForm$MH+0x0000017939938000
# instanceKlass java/lang/invoke/LambdaForm$MH+0x0000017939931c00
# instanceKlass java/lang/invoke/LambdaForm$MH+0x0000017939931800
# instanceKlass java/lang/invoke/LambdaForm$MH+0x0000017939931400
# instanceKlass java/lang/invoke/LambdaForm$MH+0x0000017939931000
# instanceKlass java/lang/invoke/LambdaForm$MH+0x0000017939930c00
instanceKlass net/rubygrapefruit/platform/internal/DefaultWindowsRegistry
instanceKlass  @bci javax/xml/parsers/FactoryFinder newInstance (Ljava/lang/Class;Ljava/lang/String;Ljava/lang/ClassLoader;ZZ)Ljava/lang/Object; 104 <appendix> member <vmtarget> ; # javax/xml/parsers/FactoryFinder$$Lambda+0x00000179396d07b0
instanceKlass com/sun/org/apache/xerces/internal/utils/XMLSecurityPropertyManager
instanceKlass com/sun/org/apache/xerces/internal/utils/XMLSecurityManager
instanceKlass  @bci javax/xml/parsers/FactoryFinder find (Ljava/lang/Class;Ljava/lang/String;)Ljava/lang/Object; 104 <appendix> member <vmtarget> ; # javax/xml/parsers/FactoryFinder$$Lambda+0x00000179396cee08
instanceKlass javax/xml/parsers/FactoryFinder$1
instanceKlass  @bci javax/xml/parsers/FactoryFinder find (Ljava/lang/Class;Ljava/lang/String;)Ljava/lang/Object; 6 <appendix> member <vmtarget> ; # javax/xml/parsers/FactoryFinder$$Lambda+0x00000179396ce9c0
instanceKlass javax/xml/parsers/FactoryFinder
instanceKlass javax/xml/parsers/DocumentBuilderFactory
instanceKlass  @bci javax/xml/xpath/XPathFactoryFinder newFactory (Ljava/lang/String;)Ljavax/xml/xpath/XPathFactory; 24 <appendix> member <vmtarget> ; # javax/xml/xpath/XPathFactoryFinder$$Lambda+0x00000179396ce2f8
instanceKlass jdk/xml/internal/XMLSecurityManager
instanceKlass jdk/xml/internal/JdkXmlFeatures
instanceKlass  @bci javax/xml/xpath/XPathFactoryFinder _newFactory (Ljava/lang/String;)Ljavax/xml/xpath/XPathFactory; 154 <appendix> argL0 ; # javax/xml/xpath/XPathFactoryFinder$$Lambda+0x00000179396cc108
instanceKlass javax/xml/xpath/XPathFactoryFinder$2
instanceKlass  @bci jdk/xml/internal/SecuritySupport getFileInputStream (Ljava/io/File;)Ljava/io/FileInputStream; 1 <appendix> member <vmtarget> ; # jdk/xml/internal/SecuritySupport$$Lambda+0x00000179396cbcb8
instanceKlass  @bci jdk/xml/internal/SecuritySupport doesFileExist (Ljava/io/File;)Z 1 <appendix> member <vmtarget> ; # jdk/xml/internal/SecuritySupport$$Lambda+0x00000179396cba98
instanceKlass  @bci javax/xml/xpath/XPathFactoryFinder _newFactory (Ljava/lang/String;)Ljavax/xml/xpath/XPathFactory; 58 <appendix> argL0 ; # javax/xml/xpath/XPathFactoryFinder$$Lambda+0x00000179396cb880
instanceKlass  @bci javax/xml/xpath/XPathFactoryFinder _newFactory (Ljava/lang/String;)Ljavax/xml/xpath/XPathFactory; 16 <appendix> member <vmtarget> ; # javax/xml/xpath/XPathFactoryFinder$$Lambda+0x00000179396cb660
instanceKlass  @bci jdk/xml/internal/SecuritySupport getSystemProperty (Ljava/lang/String;)Ljava/lang/String; 1 <appendix> member <vmtarget> ; # jdk/xml/internal/SecuritySupport$$Lambda+0x00000179396cb440
instanceKlass javax/xml/xpath/XPathFactoryFinder
instanceKlass  @bci jdk/xml/internal/SecuritySupport getContextClassLoader ()Ljava/lang/ClassLoader; 0 <appendix> argL0 ; # jdk/xml/internal/SecuritySupport$$Lambda+0x00000179396cb010
instanceKlass jdk/xml/internal/SecuritySupport
instanceKlass javax/xml/xpath/XPathFactory
instanceKlass org/gradle/internal/xml/XmlFactories
instanceKlass  @bci org/gradle/api/internal/provider/DefaultProviderFactory gradleProperty (Ljava/lang/String;)Lorg/gradle/api/provider/Provider; 16 <appendix> member <vmtarget> ; # org/gradle/api/internal/provider/DefaultProviderFactory$$Lambda+0x0000017939932b60
instanceKlass  @bci org/gradle/api/internal/provider/DefaultProviderFactory gradleProperty (Ljava/lang/String;)Lorg/gradle/api/provider/Provider; 7 <appendix> member <vmtarget> ; # org/gradle/api/internal/provider/DefaultProviderFactory$$Lambda+0x0000017939932000
instanceKlass org/gradle/api/internal/provider/Providers$SerializableCallable
instanceKlass org/gradle/api/plugins/JvmToolchainsPlugin
instanceKlass org/gradle/api/internal/plugins/DslObject
instanceKlass  @bci org/gradle/api/reporting/ReportingExtension_Decorated $gradleInit ()V 1 <appendix> member <vmtarget> ; # org/gradle/api/reporting/ReportingExtension_Decorated$$Lambda+0x0000017939936878
instanceKlass org/gradle/api/reporting/ReportSpec
instanceKlass org/gradle/api/reporting/ReportingExtension
instanceKlass  @bci org/gradle/api/plugins/ReportingBasePlugin_Decorated $gradleInit ()V 1 <appendix> member <vmtarget> ; # org/gradle/api/plugins/ReportingBasePlugin_Decorated$$Lambda+0x000001793992b940
instanceKlass org/gradle/api/plugins/ReportingBasePlugin
instanceKlass  @bci org/gradle/api/internal/artifacts/type/DefaultArtifactTypeContainer$DefaultArtifactTypeDefinition_Decorated $gradleInit ()V 1 <appendix> member <vmtarget> ; # org/gradle/api/internal/artifacts/type/DefaultArtifactTypeContainer$DefaultArtifactTypeDefinition_Decorated$$Lambda+0x000001793992fc10
instanceKlass org/gradle/api/internal/artifacts/type/DefaultArtifactTypeContainer$DefaultArtifactTypeDefinition
instanceKlass  @bci org/gradle/api/internal/artifacts/type/DefaultArtifactTypeContainer_Decorated $gradleInit ()V 1 <appendix> member <vmtarget> ; # org/gradle/api/internal/artifacts/type/DefaultArtifactTypeContainer_Decorated$$Lambda+0x000001793992f3b0
instanceKlass org/gradle/internal/service/scopes/DefaultProjectFinder
instanceKlass  @bci org/gradle/api/plugins/JvmEcosystemPlugin_Decorated $gradleInit ()V 1 <appendix> member <vmtarget> ; # org/gradle/api/plugins/JvmEcosystemPlugin_Decorated$$Lambda+0x000001793992f190
instanceKlass  @bci org/gradle/api/internal/tasks/DefaultSourceSetContainer_Decorated $gradleInit ()V 1 <appendix> member <vmtarget> ; # org/gradle/api/internal/tasks/DefaultSourceSetContainer_Decorated$$Lambda+0x000001793992ef70
instanceKlass org/gradle/api/internal/tasks/DefaultSourceSetContainer$1
# instanceKlass java/lang/invoke/LambdaForm$MH+0x0000017939930800
# instanceKlass java/lang/invoke/LambdaForm$MH+0x0000017939930400
# instanceKlass java/lang/invoke/LambdaForm$MH+0x0000017939930000
# instanceKlass java/lang/invoke/LambdaForm$MH+0x0000017939929c00
# instanceKlass java/lang/invoke/LambdaForm$MH+0x0000017939929800
# instanceKlass java/lang/invoke/LambdaForm$MH+0x0000017939929400
instanceKlass org/gradle/api/plugins/JvmEcosystemPlugin
instanceKlass  @bci org/gradle/api/plugins/BasePlugin configureConfigurations (Lorg/gradle/api/Project;)V 67 <appendix> member <vmtarget> ; # org/gradle/api/plugins/BasePlugin$$Lambda+0x000001793992d3d8
instanceKlass  @bci org/gradle/api/internal/artifacts/configurations/DefaultConfigurationContainer$NamedDomainObjectCreatingProvider_Decorated $gradleInit ()V 1 <appendix> member <vmtarget> ; # org/gradle/api/internal/artifacts/configurations/DefaultConfigurationContainer$NamedDomainObjectCreatingProvider_Decorated$$Lambda+0x000001793992d1b8
# instanceKlass java/lang/invoke/LambdaForm$MH+0x0000017939929000
# instanceKlass java/lang/invoke/LambdaForm$MH+0x0000017939928c00
# instanceKlass java/lang/invoke/LambdaForm$MH+0x0000017939928800
# instanceKlass java/lang/invoke/LambdaForm$MH+0x0000017939928400
instanceKlass  @bci org/gradle/api/internal/artifacts/configurations/DefaultConfigurationContainer consumable (Ljava/lang/String;Lorg/gradle/api/Action;)Lorg/gradle/api/NamedDomainObjectProvider; 12 <appendix> member <vmtarget> ; # org/gradle/api/internal/artifacts/configurations/DefaultConfigurationContainer$$Lambda+0x000001793992c430
instanceKlass  @bci org/gradle/api/plugins/BasePlugin configureConfigurations (Lorg/gradle/api/Project;)V 47 <appendix> argL0 ; # org/gradle/api/plugins/BasePlugin$$Lambda+0x000001793992c218
instanceKlass  @bci org/gradle/api/plugins/BasePlugin lambda$configureConfigurations$3 (Lorg/gradle/api/artifacts/Configuration;)V 23 <appendix> argL0 ; # org/gradle/api/plugins/BasePlugin$$Lambda+0x000001793992c000
instanceKlass org/gradle/api/internal/project/DefaultProjectStateRegistry$CalculatedModelValueImpl
instanceKlass  @bci org/gradle/api/plugins/BasePlugin configureConfigurations (Lorg/gradle/api/Project;)V 33 <appendix> argL0 ; # org/gradle/api/plugins/BasePlugin$$Lambda+0x0000017939927de0
instanceKlass org/gradle/api/internal/artifacts/configurations/ConfigurationRolesForMigration
instanceKlass  @bci org/gradle/api/plugins/BasePlugin configureArchiveDefaults (Lorg/gradle/api/Project;Lorg/gradle/api/plugins/BasePluginExtension;)V 15 <appendix> member <vmtarget> ; # org/gradle/api/plugins/BasePlugin$$Lambda+0x0000017939927bc0
instanceKlass org/gradle/api/internal/artifacts/ivyservice/moduleconverter/ProjectRootComponentProvider
instanceKlass  @bci org/gradle/api/internal/artifacts/dsl/DefaultComponentMetadataHandler createFactory (Lorg/gradle/internal/management/DependencyResolutionManagementInternal;)Lorg/gradle/api/internal/artifacts/ComponentMetadataProcessorFactory; 9 <appendix> member <vmtarget> ; # org/gradle/api/internal/artifacts/dsl/DefaultComponentMetadataHandler$$Lambda+0x0000017939927778
instanceKlass  @bci org/gradle/api/internal/artifacts/dsl/DefaultComponentMetadataHandler createFactory (Lorg/gradle/internal/management/DependencyResolutionManagementInternal;)Lorg/gradle/api/internal/artifacts/ComponentMetadataProcessorFactory; 2 <appendix> member <vmtarget> ; # org/gradle/api/internal/artifacts/dsl/DefaultComponentMetadataHandler$$Lambda+0x0000017939927558
instanceKlass org/gradle/api/internal/artifacts/DependencyManagementProjectScopeServices$ProjectBackedModuleMetaDataProvider
instanceKlass org/gradle/api/internal/plugins/BuildConfigurationRule
instanceKlass org/gradle/api/internal/file/DefaultFilePropertyFactory$PathToDirectoryTransformer
instanceKlass  @bci org/gradle/api/plugins/internal/DefaultBasePluginExtension_Decorated $gradleInit ()V 1 <appendix> member <vmtarget> ; # org/gradle/api/plugins/internal/DefaultBasePluginExtension_Decorated$$Lambda+0x0000017939926ed8
instanceKlass org/gradle/api/plugins/internal/DefaultBasePluginExtension
instanceKlass  @bci org/gradle/language/base/plugins/LifecycleBasePlugin addBuild (Lorg/gradle/api/Project;)V 8 <appendix> argL0 ; # org/gradle/language/base/plugins/LifecycleBasePlugin$$Lambda+0x00000179399266b8
instanceKlass  @bci org/gradle/language/base/plugins/LifecycleBasePlugin addCheck (Lorg/gradle/api/Project;)V 8 <appendix> argL0 ; # org/gradle/language/base/plugins/LifecycleBasePlugin$$Lambda+0x00000179399264a0
instanceKlass  @bci org/gradle/language/base/plugins/LifecycleBasePlugin addAssemble (Lorg/gradle/api/Project;)V 8 <appendix> argL0 ; # org/gradle/language/base/plugins/LifecycleBasePlugin$$Lambda+0x0000017939926288
instanceKlass org/gradle/language/base/internal/plugins/CleanRule
instanceKlass  @bci org/gradle/language/base/plugins/LifecycleBasePlugin addClean (Lorg/gradle/api/internal/project/ProjectInternal;)V 62 <appendix> argL0 ; # org/gradle/language/base/plugins/LifecycleBasePlugin$$Lambda+0x0000017939925e38
instanceKlass  @bci org/gradle/language/base/plugins/LifecycleBasePlugin addClean (Lorg/gradle/api/internal/project/ProjectInternal;)V 47 <appendix> member <vmtarget> ; # org/gradle/language/base/plugins/LifecycleBasePlugin$$Lambda+0x0000017939925c18
instanceKlass  @bci org/gradle/language/base/plugins/LifecycleBasePlugin_Decorated $gradleInit ()V 1 <appendix> member <vmtarget> ; # org/gradle/language/base/plugins/LifecycleBasePlugin_Decorated$$Lambda+0x00000179399259f8
instanceKlass org/gradle/language/base/plugins/LifecycleBasePlugin
instanceKlass  @bci org/gradle/api/plugins/BasePlugin_Decorated $gradleInit ()V 1 <appendix> member <vmtarget> ; # org/gradle/api/plugins/BasePlugin_Decorated$$Lambda+0x00000179399251d8
instanceKlass org/gradle/api/plugins/BasePlugin
instanceKlass  @bci org/gradle/api/plugins/JavaBasePlugin_Decorated $gradleInit ()V 1 <appendix> member <vmtarget> ; # org/gradle/api/plugins/JavaBasePlugin_Decorated$$Lambda+0x00000179399249b8
instanceKlass org/gradle/api/plugins/internal/JavaConfigurationVariantMapping
# instanceKlass java/lang/invoke/LambdaForm$MH+0x0000017939928000
instanceKlass org/gradle/api/internal/tasks/compile/HasCompileOptions
instanceKlass org/gradle/api/plugins/BasePluginExtension
instanceKlass org/gradle/api/plugins/internal/DefaultJavaPluginExtension
instanceKlass org/gradle/api/plugins/internal/JavaPluginExtensionInternal
instanceKlass org/gradle/api/plugins/JavaPluginExtension
instanceKlass org/gradle/api/plugins/JavaBasePlugin
instanceKlass org/gradle/api/plugins/JavaPlatformPlugin
instanceKlass org/gradle/api/internal/plugins/PluginManagerInternal$PluginWithId
instanceKlass  @bci org/gradle/api/plugins/JavaPlugin_Decorated $gradleInit ()V 1 <appendix> member <vmtarget> ; # org/gradle/api/plugins/JavaPlugin_Decorated$$Lambda+0x0000017939919af0
instanceKlass org/gradle/api/publish/plugins/PublishingPlugin
instanceKlass org/gradle/api/publish/ivy/IvyPublication
instanceKlass org/gradle/api/publish/maven/MavenPublication
instanceKlass org/gradle/api/tasks/VerificationTask
instanceKlass org/gradle/api/plugins/jvm/JvmTestSuite
instanceKlass org/gradle/testing/base/TestSuite
instanceKlass org/gradle/jvm/component/internal/JvmSoftwareComponentInternal
instanceKlass org/gradle/api/plugins/jvm/internal/JvmFeatureInternal
instanceKlass  @bci org/gradle/plugin/use/internal/DefaultPluginRequestApplicator applyPlugins (Lorg/gradle/plugin/management/internal/PluginRequests;Lorg/gradle/api/internal/initialization/ScriptHandlerInternal;Lorg/gradle/api/internal/plugins/PluginManagerInternal;Lorg/gradle/api/internal/initialization/ClassLoaderScope;)V 370 <appendix> member <vmtarget> ; # org/gradle/plugin/use/internal/DefaultPluginRequestApplicator$$Lambda+0x00000179399169a8
instanceKlass  @bci org/gradle/plugin/use/internal/DefaultPluginRequestApplicator applyPlugins (Lorg/gradle/plugin/management/internal/PluginRequests;Lorg/gradle/api/internal/initialization/ScriptHandlerInternal;Lorg/gradle/api/internal/plugins/PluginManagerInternal;Lorg/gradle/api/internal/initialization/ClassLoaderScope;)V 349 <appendix> member <vmtarget> ; # org/gradle/plugin/use/internal/DefaultPluginRequestApplicator$$Lambda+0x0000017939916778
instanceKlass java/lang/foreign/MemorySegment
instanceKlass  @bci org/gradle/api/internal/artifacts/transform/DefaultTransformedVariantFactory transformedExternalArtifacts (Lorg/gradle/api/artifacts/component/ComponentIdentifier;Lorg/gradle/api/internal/artifacts/ivyservice/resolveengine/artifact/ResolvedVariant;Lorg/gradle/api/internal/artifacts/transform/VariantDefinition;Lorg/gradle/api/internal/artifacts/transform/TransformUpstreamDependenciesResolver;)Lorg/gradle/api/internal/artifacts/ivyservice/resolveengine/artifact/ResolvedArtifactSet; 2 <appendix> member <vmtarget> ; # org/gradle/api/internal/artifacts/transform/DefaultTransformedVariantFactory$$Lambda+0x0000017939916558
instanceKlass org/gradle/api/internal/artifacts/transform/DefaultTransformedVariantFactory$Factory
instanceKlass org/gradle/api/internal/artifacts/DownloadArtifactBuildOperationType$1
instanceKlass org/gradle/api/internal/artifacts/DownloadArtifactBuildOperationType$Result
instanceKlass org/gradle/api/internal/artifacts/DownloadArtifactBuildOperationType
instanceKlass org/gradle/api/internal/artifacts/DownloadArtifactBuildOperationType$DetailsImpl
instanceKlass org/gradle/api/internal/artifacts/DownloadArtifactBuildOperationType$Details
instanceKlass org/gradle/api/internal/artifacts/ivyservice/resolveengine/artifact/ArtifactBackedResolvedVariant$DownloadArtifactFile
instanceKlass org/gradle/api/internal/artifacts/ivyservice/resolveengine/artifact/ArtifactBackedResolvedVariant$SingleArtifactSet
instanceKlass org/apache/commons/lang3/CharSequenceUtils
instanceKlass org/gradle/api/internal/artifacts/dsl/ArtifactFile
instanceKlass org/gradle/internal/component/external/model/UrlBackedArtifactMetadata
instanceKlass  @bci org/gradle/api/internal/artifacts/ivyservice/resolveengine/graph/conflicts/DefaultCapabilitiesConflictHandler registerCandidate (Lorg/gradle/api/internal/artifacts/ivyservice/resolveengine/graph/conflicts/CapabilitiesConflictHandler$Candidate;)Lorg/gradle/api/internal/artifacts/ivyservice/resolveengine/graph/conflicts/PotentialConflict; 33 <appendix> argL0 ; # org/gradle/api/internal/artifacts/ivyservice/resolveengine/graph/conflicts/DefaultCapabilitiesConflictHandler$$Lambda+0x0000017939914d20
instanceKlass  @bci org/gradle/api/internal/artifacts/ivyservice/resolveengine/graph/conflicts/DefaultCapabilitiesConflictHandler registerCandidate (Lorg/gradle/api/internal/artifacts/ivyservice/resolveengine/graph/conflicts/CapabilitiesConflictHandler$Candidate;)Lorg/gradle/api/internal/artifacts/ivyservice/resolveengine/graph/conflicts/PotentialConflict; 18 <appendix> member <vmtarget> ; # org/gradle/api/internal/artifacts/ivyservice/resolveengine/graph/conflicts/DefaultCapabilitiesConflictHandler$$Lambda+0x0000017939914ae0
instanceKlass org/gradle/api/internal/artifacts/ivyservice/resolveengine/graph/conflicts/DefaultCapabilitiesConflictHandler$ConflictedNodesTracker
instanceKlass org/gradle/api/internal/artifacts/ivyservice/resolveengine/graph/conflicts/DefaultCapabilitiesConflictHandler$Candidate
instanceKlass org/gradle/internal/component/external/model/GradleDependencyMetadata
instanceKlass org/gradle/internal/component/external/model/LazyVariantBackedConfigurationMetadata$RuleAwareVariant
instanceKlass org/gradle/internal/component/external/model/AbstractVariantBackedConfigurationMetadata
instanceKlass org/gradle/internal/component/external/model/AbstractMutableModuleComponentResolveMetadata$ImmutableVariantImpl
instanceKlass org/gradle/internal/component/external/model/ComponentVariant
instanceKlass org/gradle/internal/component/external/model/AbstractMutableModuleComponentResolveMetadata$DependencyImpl
instanceKlass org/gradle/internal/component/external/model/ComponentVariant$Dependency
instanceKlass org/gradle/internal/component/external/model/AbstractMutableModuleComponentResolveMetadata$FileImpl
instanceKlass org/gradle/internal/component/external/model/ComponentVariant$File
instanceKlass org/gradle/internal/component/external/model/AbstractMutableModuleComponentResolveMetadata$MutableVariantImpl
instanceKlass org/gradle/internal/component/external/model/ExternalModuleDependencyMetadata
instanceKlass org/gradle/api/internal/artifacts/ivyservice/resolveengine/excludes/factories/Optimizations
instanceKlass  @bci org/gradle/api/internal/artifacts/ivyservice/resolveengine/excludes/factories/OptimizingExcludeFactory anyOf (Lorg/gradle/api/internal/artifacts/ivyservice/resolveengine/excludes/specs/ExcludeSpec;Lorg/gradle/api/internal/artifacts/ivyservice/resolveengine/excludes/specs/ExcludeSpec;)Lorg/gradle/api/internal/artifacts/ivyservice/resolveengine/excludes/specs/ExcludeSpec; 3 <appendix> member <vmtarget> ; # org/gradle/api/internal/artifacts/ivyservice/resolveengine/excludes/factories/OptimizingExcludeFactory$$Lambda+0x00000179399114b8
instanceKlass org/gradle/internal/component/model/DefaultCompatibilityCheckResult
instanceKlass  @bci org/gradle/plugin/use/internal/DefaultPluginRequestApplicator applyPlugins (Lorg/gradle/plugin/management/internal/PluginRequests;Lorg/gradle/api/internal/initialization/ScriptHandlerInternal;Lorg/gradle/api/internal/plugins/PluginManagerInternal;Lorg/gradle/api/internal/initialization/ClassLoaderScope;)V 231 <appendix> member <vmtarget> ; # org/gradle/plugin/use/internal/DefaultPluginRequestApplicator$$Lambda+0x0000017939910dc0
instanceKlass  @bci org/gradle/plugin/use/tracker/internal/PluginVersionTracker setPluginVersionAt (Lorg/gradle/api/internal/initialization/ClassLoaderScope;Ljava/lang/String;Ljava/lang/String;)V 10 <appendix> argL0 ; # org/gradle/plugin/use/tracker/internal/PluginVersionTracker$$Lambda+0x0000017939910b88
instanceKlass  @bci org/gradle/plugin/use/resolve/internal/ArtifactRepositoriesPluginResolver$ExternalPluginResolution accept (Lorg/gradle/plugin/use/resolve/internal/PluginResolutionVisitor;)V 83 <appendix> member <vmtarget> ; # org/gradle/plugin/use/resolve/internal/ArtifactRepositoriesPluginResolver$ExternalPluginResolution$$Lambda+0x0000017939910958
instanceKlass org/gradle/plugin/management/internal/PluginCoordinates
instanceKlass  @bci org/gradle/plugin/use/resolve/internal/ArtifactRepositoriesPluginResolver$ExternalPluginResolution visitDependency (Lorg/gradle/plugin/use/resolve/internal/PluginResolutionVisitor;Lorg/gradle/api/artifacts/ModuleIdentifier;)V 25 <appendix> member <vmtarget> ; # org/gradle/plugin/use/resolve/internal/ArtifactRepositoriesPluginResolver$ExternalPluginResolution$$Lambda+0x0000017939910738
instanceKlass org/gradle/plugin/use/resolve/internal/ArtifactRepositoriesPluginResolver$ExternalPluginResolution
instanceKlass  @bci org/gradle/api/internal/artifacts/ivyservice/ivyresolve/CachingModuleComponentRepository findCachingModuleSource (Lorg/gradle/internal/component/model/ModuleSources;)Lorg/gradle/api/internal/artifacts/ivyservice/ivyresolve/ModuleDescriptorHashModuleSource; 9 <appendix> member <vmtarget> ; # org/gradle/api/internal/artifacts/ivyservice/ivyresolve/CachingModuleComponentRepository$$Lambda+0x0000017939910000
instanceKlass org/gradle/api/internal/artifacts/ivyservice/modulecache/artifacts/DefaultCachedArtifact
instanceKlass  @bci org/gradle/internal/resource/cached/AbstractCachedIndex lookup (Ljava/lang/Object;)Lorg/gradle/internal/resource/cached/CachedItem; 11 <appendix> member <vmtarget> ; # org/gradle/internal/resource/cached/AbstractCachedIndex$$Lambda+0x000001793990fd58
instanceKlass org/gradle/api/internal/artifacts/ivyservice/modulecache/artifacts/ArtifactAtRepositoryKey
instanceKlass  @bci org/gradle/api/internal/artifacts/ivyservice/ivyresolve/ErrorHandlingModuleComponentRepository$ErrorHandlingModuleComponentRepositoryAccess resolveArtifact (Lorg/gradle/internal/component/model/ComponentArtifactMetadata;Lorg/gradle/internal/component/model/ModuleSources;Lorg/gradle/internal/resolve/result/BuildableArtifactFileResolveResult;)V 19 <appendix> member <vmtarget> ; # org/gradle/api/internal/artifacts/ivyservice/ivyresolve/ErrorHandlingModuleComponentRepository$ErrorHandlingModuleComponentRepositoryAccess$$Lambda+0x000001793990f920
instanceKlass  @bci org/gradle/api/internal/artifacts/ivyservice/ivyresolve/ErrorHandlingModuleComponentRepository$ErrorHandlingModuleComponentRepositoryAccess resolveArtifact (Lorg/gradle/internal/component/model/ComponentArtifactMetadata;Lorg/gradle/internal/component/model/ModuleSources;Lorg/gradle/internal/resolve/result/BuildableArtifactFileResolveResult;)V 13 <appendix> member <vmtarget> ; # org/gradle/api/internal/artifacts/ivyservice/ivyresolve/ErrorHandlingModuleComponentRepository$ErrorHandlingModuleComponentRepositoryAccess$$Lambda+0x000001793990f700
instanceKlass  @bci org/gradle/api/internal/artifacts/ivyservice/ivyresolve/ErrorHandlingModuleComponentRepository$ErrorHandlingModuleComponentRepositoryAccess resolveArtifact (Lorg/gradle/internal/component/model/ComponentArtifactMetadata;Lorg/gradle/internal/component/model/ModuleSources;Lorg/gradle/internal/resolve/result/BuildableArtifactFileResolveResult;)V 6 <appendix> member <vmtarget> ; # org/gradle/api/internal/artifacts/ivyservice/ivyresolve/ErrorHandlingModuleComponentRepository$ErrorHandlingModuleComponentRepositoryAccess$$Lambda+0x000001793990f4e0
instanceKlass  @bci org/gradle/api/internal/artifacts/ivyservice/ivyresolve/RepositoryChainArtifactResolver lambda$resolveArtifact$2 (Lorg/gradle/internal/component/model/ComponentArtifactMetadata;Lorg/gradle/internal/component/model/ComponentArtifactResolveMetadata;Lorg/gradle/api/internal/artifacts/ivyservice/ivyresolve/ModuleComponentRepository;Lorg/gradle/api/artifacts/component/ComponentArtifactIdentifier;)Lorg/gradle/api/internal/artifacts/ivyservice/resolveengine/artifact/ResolvableArtifact; 52 <appendix> member <vmtarget> ; # org/gradle/api/internal/artifacts/ivyservice/ivyresolve/RepositoryChainArtifactResolver$$Lambda+0x000001793990ef40
instanceKlass  @bci org/gradle/api/internal/artifacts/ivyservice/ivyresolve/RepositoryChainArtifactResolver lambda$resolveArtifact$2 (Lorg/gradle/internal/component/model/ComponentArtifactMetadata;Lorg/gradle/internal/component/model/ComponentArtifactResolveMetadata;Lorg/gradle/api/internal/artifacts/ivyservice/ivyresolve/ModuleComponentRepository;Lorg/gradle/api/artifacts/component/ComponentArtifactIdentifier;)Lorg/gradle/api/internal/artifacts/ivyservice/resolveengine/artifact/ResolvableArtifact; 17 <appendix> member <vmtarget> ; # org/gradle/api/internal/artifacts/ivyservice/ivyresolve/RepositoryChainArtifactResolver$$Lambda+0x000001793990ed20
instanceKlass  @bci org/gradle/api/internal/artifacts/ivyservice/ivyresolve/RepositoryChainArtifactResolver resolveArtifact (Lorg/gradle/internal/component/model/ComponentArtifactResolveMetadata;Lorg/gradle/internal/component/model/ComponentArtifactMetadata;Lorg/gradle/internal/resolve/result/BuildableArtifactResolveResult;)V 30 <appendix> member <vmtarget> ; # org/gradle/api/internal/artifacts/ivyservice/ivyresolve/RepositoryChainArtifactResolver$$Lambda+0x000001793990eae0
instanceKlass  @bci org/gradle/api/internal/artifacts/ivyservice/ivyresolve/RepositoryChainArtifactResolver findSourceRepository (Lorg/gradle/internal/component/model/ModuleSources;)Lorg/gradle/api/internal/artifacts/ivyservice/ivyresolve/ModuleComponentRepository; 8 <appendix> argL0 ; # org/gradle/api/internal/artifacts/ivyservice/ivyresolve/RepositoryChainArtifactResolver$$Lambda+0x000001793990e8c8
instanceKlass org/gradle/api/internal/artifacts/ivyservice/resolveengine/artifact/DefaultResolvedVariantSet
instanceKlass org/gradle/internal/resolve/result/BuildableArtifactResolveResult
instanceKlass org/gradle/internal/resolve/resolver/DefaultComponentArtifactResolver
instanceKlass org/gradle/api/internal/artifacts/ivyservice/resolveengine/artifact/ArtifactBackedResolvedVariant
instanceKlass org/gradle/internal/component/model/DefaultExternalModuleComponentGraphResolveState$ExternalArtifactResolveMetadata
instanceKlass  @bci org/gradle/api/internal/artifacts/ivyservice/resolveengine/oldresult/TransientConfigurationResultsBuilder visitArtifacts (Lorg/gradle/api/internal/artifacts/ivyservice/resolveengine/graph/DependencyGraphNode;Lorg/gradle/api/internal/artifacts/ivyservice/resolveengine/graph/DependencyGraphNode;ILorg/gradle/api/internal/artifacts/ivyservice/resolveengine/artifact/ArtifactSet;)V 7 <appendix> member <vmtarget> ; # org/gradle/api/internal/artifacts/ivyservice/resolveengine/oldresult/TransientConfigurationResultsBuilder$$Lambda+0x000001793990b058
instanceKlass  @cpi org/gradle/api/internal/artifacts/ivyservice/resolveengine/oldresult/TransientConfigurationResultsBuilder 479 form vmentry <vmtarget> ; # java/lang/invoke/LambdaForm$DMH+0x000001793990d800
instanceKlass org/gradle/api/internal/artifacts/ivyservice/resolveengine/artifact/VariantResolvingArtifactSet
instanceKlass  @bci org/gradle/api/internal/artifacts/ivyservice/resolveengine/result/StreamingResolutionResultBuilder visitEdges (Lorg/gradle/api/internal/artifacts/ivyservice/resolveengine/graph/DependencyGraphNode;)V 80 <adapter> ; # java/lang/invoke/LambdaForm$MH+0x000001793990d400
# instanceKlass java/lang/invoke/LambdaForm$DMH+0x000001793990d000
instanceKlass  @bci org/gradle/api/internal/artifacts/ivyservice/resolveengine/result/StreamingResolutionResultBuilder visitEdges (Lorg/gradle/api/internal/artifacts/ivyservice/resolveengine/graph/DependencyGraphNode;)V 80 <appendix> form vmentry <vmtarget> ; # java/lang/invoke/LambdaForm$DMH+0x000001793990cc00
instanceKlass  @bci org/gradle/api/internal/artifacts/ivyservice/resolveengine/result/StreamingResolutionResultBuilder visitEdges (Lorg/gradle/api/internal/artifacts/ivyservice/resolveengine/graph/DependencyGraphNode;)V 80 <appendix> member <vmtarget> ; # org/gradle/api/internal/artifacts/ivyservice/resolveengine/result/StreamingResolutionResultBuilder$$Lambda+0x000001793990a7d0
instanceKlass  @cpi org/gradle/api/internal/artifacts/ivyservice/resolveengine/result/StreamingResolutionResultBuilder 379 form vmentry <vmtarget> ; # java/lang/invoke/LambdaForm$DMH+0x000001793990c800
instanceKlass  @bci org/gradle/api/internal/artifacts/ivyservice/resolveengine/oldresult/TransientConfigurationResultsBuilder firstLevelDependency (Ljava/lang/Long;)V 5 <appendix> member <vmtarget> ; # org/gradle/api/internal/artifacts/ivyservice/resolveengine/oldresult/TransientConfigurationResultsBuilder$$Lambda+0x000001793990a5b0
instanceKlass org/gradle/api/internal/artifacts/ivyservice/resolveengine/graph/conflicts/VersionConflictResolutionDetails
instanceKlass  @bci org/gradle/api/internal/artifacts/ivyservice/resolveengine/graph/builder/ResolveState getNode (Lorg/gradle/api/internal/artifacts/ivyservice/resolveengine/graph/builder/ComponentState;Lorg/gradle/internal/component/model/VariantGraphResolveState;Z)Lorg/gradle/api/internal/artifacts/ivyservice/resolveengine/graph/builder/NodeState; 19 <appendix> member <vmtarget> ; # org/gradle/api/internal/artifacts/ivyservice/resolveengine/graph/builder/ResolveState$$Lambda+0x000001793990a140
instanceKlass org/gradle/api/internal/artifacts/ivyservice/resolveengine/graph/builder/EdgeState$GraphVariantSelectionResult
# instanceKlass java/lang/invoke/LambdaForm$MH+0x000001793990c400
# instanceKlass java/lang/invoke/LambdaForm$MH+0x000001793990c000
instanceKlass org/gradle/internal/component/model/DefaultMultipleCandidateResult
instanceKlass org/gradle/api/internal/attributes/MultipleCandidatesResult
instanceKlass org/gradle/api/attributes/MultipleCandidatesDetails
instanceKlass  @bci org/gradle/api/internal/attributes/matching/MultipleCandidateMatcher disambiguateExtraAttribute (Lorg/gradle/api/attributes/Attribute;Ljava/util/BitSet;)V 3 <appendix> member <vmtarget> ; # org/gradle/api/internal/attributes/matching/MultipleCandidateMatcher$$Lambda+0x0000017939909898
instanceKlass org/gradle/api/internal/attributes/matching/AttributeSelectionSchema$PrecedenceResult
instanceKlass org/gradle/api/internal/attributes/matching/MultipleCandidateMatcher
instanceKlass org/gradle/internal/component/model/DefaultExternalModuleComponentGraphResolveState$DefaultConfigurationArtifactResolveState
instanceKlass  @bci org/gradle/internal/component/model/DefaultExternalModuleComponentGraphResolveState resolveStateFor (Lorg/gradle/internal/component/model/ModuleConfigurationMetadata;)Lorg/gradle/internal/component/model/ConfigurationGraphResolveState; 7 <appendix> member <vmtarget> ; # org/gradle/internal/component/model/DefaultExternalModuleComponentGraphResolveState$$Lambda+0x0000017939908ff0
instanceKlass org/gradle/internal/component/model/DefaultExternalModuleComponentGraphResolveState$DefaultConfigurationGraphResolveState
instanceKlass org/gradle/internal/component/model/ConfigurationGraphResolveState
instanceKlass  @bci org/gradle/internal/component/model/DefaultExternalModuleComponentGraphResolveState lambda$new$1 (Lorg/gradle/internal/component/external/model/ExternalModuleComponentGraphResolveMetadata;)Ljava/util/List; 29 <appendix> member <vmtarget> ; # org/gradle/internal/component/model/DefaultExternalModuleComponentGraphResolveState$$Lambda+0x00000179399088c8
instanceKlass  @bci org/gradle/internal/component/model/DefaultExternalModuleComponentGraphResolveState lambda$new$1 (Lorg/gradle/internal/component/external/model/ExternalModuleComponentGraphResolveMetadata;)Ljava/util/List; 18 <appendix> member <vmtarget> ; # org/gradle/internal/component/model/DefaultExternalModuleComponentGraphResolveState$$Lambda+0x0000017939908688
instanceKlass org/gradle/internal/component/model/DefaultExternalModuleComponentGraphResolveState$ExternalGraphSelectionCandidates
instanceKlass org/gradle/api/internal/artifacts/ivyservice/ivyresolve/ModuleComponentGraphSpecificResolveState
instanceKlass org/gradle/internal/resolve/ResolveExceptionAnalyzer
instanceKlass org/gradle/api/internal/artifacts/ivyservice/ivyresolve/RepositoryChainModuleResolution
instanceKlass org/gradle/api/internal/artifacts/ivyservice/ivyresolve/RepositoryChainComponentMetaDataResolver$2
instanceKlass org/gradle/api/internal/artifacts/DefaultComponentSelection
instanceKlass org/gradle/api/internal/artifacts/repositories/resolver/ComponentMetadataAdapter
instanceKlass org/gradle/api/internal/artifacts/ivyservice/ivyresolve/CachedMetadataProvider
instanceKlass  @bci org/gradle/api/internal/artifacts/ivyservice/ivyresolve/ErrorHandlingModuleComponentRepository$ErrorHandlingModuleComponentRepositoryAccess tryResolveAndMaybeDisable (Lorg/gradle/internal/resolve/result/ErroringResolveResult;Ljava/lang/Runnable;Lorg/gradle/api/Transformer;)V 3 <appendix> member <vmtarget> ; # org/gradle/api/internal/artifacts/ivyservice/ivyresolve/ErrorHandlingModuleComponentRepository$ErrorHandlingModuleComponentRepositoryAccess$$Lambda+0x0000017939907620
instanceKlass  @bci org/gradle/api/internal/artifacts/ivyservice/ivyresolve/ErrorHandlingModuleComponentRepository$ErrorHandlingModuleComponentRepositoryAccess resolveComponentMetaData (Lorg/gradle/api/artifacts/component/ModuleComponentIdentifier;Lorg/gradle/internal/component/model/ComponentOverrideMetadata;Lorg/gradle/internal/resolve/result/BuildableModuleComponentMetaDataResolveResult;)V 19 <appendix> member <vmtarget> ; # org/gradle/api/internal/artifacts/ivyservice/ivyresolve/ErrorHandlingModuleComponentRepository$ErrorHandlingModuleComponentRepositoryAccess$$Lambda+0x0000017939907400
instanceKlass  @bci org/gradle/api/internal/artifacts/ivyservice/ivyresolve/ErrorHandlingModuleComponentRepository$ErrorHandlingModuleComponentRepositoryAccess resolveComponentMetaData (Lorg/gradle/api/artifacts/component/ModuleComponentIdentifier;Lorg/gradle/internal/component/model/ComponentOverrideMetadata;Lorg/gradle/internal/resolve/result/BuildableModuleComponentMetaDataResolveResult;)V 13 <appendix> member <vmtarget> ; # org/gradle/api/internal/artifacts/ivyservice/ivyresolve/ErrorHandlingModuleComponentRepository$ErrorHandlingModuleComponentRepositoryAccess$$Lambda+0x00000179399071e0
instanceKlass  @bci org/gradle/api/internal/artifacts/ivyservice/ivyresolve/ErrorHandlingModuleComponentRepository$ErrorHandlingModuleComponentRepositoryAccess resolveComponentMetaData (Lorg/gradle/api/artifacts/component/ModuleComponentIdentifier;Lorg/gradle/internal/component/model/ComponentOverrideMetadata;Lorg/gradle/internal/resolve/result/BuildableModuleComponentMetaDataResolveResult;)V 6 <appendix> member <vmtarget> ; # org/gradle/api/internal/artifacts/ivyservice/ivyresolve/ErrorHandlingModuleComponentRepository$ErrorHandlingModuleComponentRepositoryAccess$$Lambda+0x0000017939906fc0
instanceKlass org/gradle/api/internal/artifacts/ivyservice/ivyresolve/ComponentMetaDataResolveState
instanceKlass  @bci org/gradle/api/internal/artifacts/ivyservice/ivyresolve/RepositoryChainComponentMetaDataResolver createValueContainerFor (Lorg/gradle/api/artifacts/component/ComponentIdentifier;Lorg/gradle/internal/component/model/ComponentOverrideMetadata;)Lorg/gradle/internal/model/CalculatedValue; 11 <appendix> member <vmtarget> ; # org/gradle/api/internal/artifacts/ivyservice/ivyresolve/RepositoryChainComponentMetaDataResolver$$Lambda+0x0000017939906388
instanceKlass  @bci org/gradle/api/internal/artifacts/ivyservice/ivyresolve/RepositoryChainComponentMetaDataResolver resolve (Lorg/gradle/api/artifacts/component/ComponentIdentifier;Lorg/gradle/internal/component/model/ComponentOverrideMetadata;Lorg/gradle/internal/resolve/result/BuildableComponentResolveResult;)V 28 <appendix> member <vmtarget> ; # org/gradle/api/internal/artifacts/ivyservice/ivyresolve/RepositoryChainComponentMetaDataResolver$$Lambda+0x0000017939906168
instanceKlass org/gradle/api/internal/artifacts/ivyservice/DefaultCacheExpirationControl$AbstractResolutionControl
instanceKlass org/gradle/api/internal/artifacts/ivyservice/modulecache/dynamicversions/DefaultResolvedModuleVersion
instanceKlass  @bci org/gradle/internal/component/external/model/VariantMetadataRules getAttributes (Ljava/lang/String;)Lorg/gradle/api/internal/attributes/AttributeContainerInternal; 15 <appendix> member <vmtarget> ; # org/gradle/internal/component/external/model/VariantMetadataRules$$Lambda+0x0000017939904fb8
instanceKlass org/gradle/internal/component/model/ComponentConfigurationIdentifier
instanceKlass org/gradle/internal/component/model/DefaultVariantMetadata
instanceKlass  @bci org/gradle/internal/component/model/DefaultExternalModuleComponentGraphResolveState <init> (JLorg/gradle/internal/component/external/model/ExternalModuleComponentGraphResolveMetadata;Lorg/gradle/internal/component/external/model/ExternalComponentResolveMetadata;Lorg/gradle/api/internal/attributes/AttributeDesugaring;Lorg/gradle/internal/component/model/ComponentIdGenerator;)V 92 <appendix> member <vmtarget> ; # org/gradle/internal/component/model/DefaultExternalModuleComponentGraphResolveState$$Lambda+0x00000179399048d8
instanceKlass  @bci org/gradle/internal/component/model/DefaultExternalModuleComponentGraphResolveState <init> (JLorg/gradle/internal/component/external/model/ExternalModuleComponentGraphResolveMetadata;Lorg/gradle/internal/component/external/model/ExternalComponentResolveMetadata;Lorg/gradle/api/internal/attributes/AttributeDesugaring;Lorg/gradle/internal/component/model/ComponentIdGenerator;)V 79 <appendix> argL0 ; # org/gradle/internal/component/model/DefaultExternalModuleComponentGraphResolveState$$Lambda+0x00000179399046a0
instanceKlass  @bci org/gradle/internal/component/model/DefaultExternalModuleComponentGraphResolveState <init> (JLorg/gradle/internal/component/external/model/ExternalModuleComponentGraphResolveMetadata;Lorg/gradle/internal/component/external/model/ExternalComponentResolveMetadata;Lorg/gradle/api/internal/attributes/AttributeDesugaring;Lorg/gradle/internal/component/model/ComponentIdGenerator;)V 69 <appendix> member <vmtarget> ; # org/gradle/internal/component/model/DefaultExternalModuleComponentGraphResolveState$$Lambda+0x0000017939904460
instanceKlass  @bci org/gradle/api/internal/artifacts/repositories/metadata/DefaultMavenVariantAttributesFactory platformWithUsage (Lorg/gradle/api/internal/attributes/ImmutableAttributes;Ljava/lang/String;Z)Lorg/gradle/api/internal/attributes/ImmutableAttributes; 33 <appendix> member <vmtarget> ; # org/gradle/api/internal/artifacts/repositories/metadata/DefaultMavenVariantAttributesFactory$$Lambda+0x0000017939904220
instanceKlass  @bci org/gradle/api/internal/artifacts/repositories/metadata/DefaultMavenVariantAttributesFactory javadocVariant (Lorg/gradle/api/internal/attributes/ImmutableAttributes;)Lorg/gradle/api/internal/attributes/ImmutableAttributes; 18 <appendix> member <vmtarget> ; # org/gradle/api/internal/artifacts/repositories/metadata/DefaultMavenVariantAttributesFactory$$Lambda+0x0000017939903fe0
instanceKlass org/gradle/api/attributes/DocsType$Impl
instanceKlass  @bci org/gradle/api/internal/artifacts/repositories/metadata/DefaultMavenVariantAttributesFactory sourcesVariant (Lorg/gradle/api/internal/attributes/ImmutableAttributes;)Lorg/gradle/api/internal/attributes/ImmutableAttributes; 18 <appendix> member <vmtarget> ; # org/gradle/api/internal/artifacts/repositories/metadata/DefaultMavenVariantAttributesFactory$$Lambda+0x0000017939903da0
instanceKlass  @bci org/gradle/api/internal/artifacts/repositories/metadata/DefaultMavenVariantAttributesFactory runtimeScope (Lorg/gradle/api/internal/attributes/ImmutableAttributes;)Lorg/gradle/api/internal/attributes/ImmutableAttributes; 14 <appendix> member <vmtarget> ; # org/gradle/api/internal/artifacts/repositories/metadata/DefaultMavenVariantAttributesFactory$$Lambda+0x0000017939903b60
instanceKlass org/gradle/internal/component/external/model/DefaultConfigurationMetadata$1
instanceKlass org/gradle/internal/component/external/model/DefaultConfigurationMetadata$2
instanceKlass org/gradle/internal/component/external/model/DefaultConfigurationMetadata$Builder
instanceKlass  @bci org/gradle/api/internal/artifacts/repositories/metadata/DefaultMavenVariantAttributesFactory compileScope (Lorg/gradle/api/internal/attributes/ImmutableAttributes;)Lorg/gradle/api/internal/attributes/ImmutableAttributes; 14 <appendix> member <vmtarget> ; # org/gradle/api/internal/artifacts/repositories/metadata/DefaultMavenVariantAttributesFactory$$Lambda+0x00000179399032a8
instanceKlass org/gradle/internal/component/external/model/ShadowedImmutableCapability
instanceKlass org/gradle/api/internal/capabilities/ShadowedCapability
instanceKlass  @bci org/gradle/internal/component/external/model/maven/DefaultMavenModuleResolveMetadata createConfiguration (Lorg/gradle/api/artifacts/component/ModuleComponentIdentifier;Ljava/lang/String;ZZLcom/google/common/collect/ImmutableSet;Lorg/gradle/internal/component/external/model/VariantMetadataRules;)Lorg/gradle/internal/component/external/model/DefaultConfigurationMetadata; 52 <appendix> member <vmtarget> ; # org/gradle/internal/component/external/model/maven/DefaultMavenModuleResolveMetadata$$Lambda+0x0000017939902e10
instanceKlass org/gradle/internal/component/external/model/DefaultModuleComponentArtifactMetadata
instanceKlass  @bci org/gradle/internal/component/model/DefaultExternalModuleComponentGraphResolveState <init> (JLorg/gradle/internal/component/external/model/ExternalModuleComponentGraphResolveMetadata;Lorg/gradle/internal/component/external/model/ExternalComponentResolveMetadata;Lorg/gradle/api/internal/attributes/AttributeDesugaring;Lorg/gradle/internal/component/model/ComponentIdGenerator;)V 31 <appendix> member <vmtarget> ; # org/gradle/internal/component/model/DefaultExternalModuleComponentGraphResolveState$$Lambda+0x0000017939901740
instanceKlass org/gradle/internal/component/external/model/ivy/IvyModuleResolveMetadata
instanceKlass org/gradle/api/internal/artifacts/ivyservice/ivyresolve/RepositoryChainModuleSource
instanceKlass org/gradle/internal/component/model/ImmutableModuleSources
instanceKlass org/gradle/internal/component/external/model/AbstractModuleComponentResolveMetadata
instanceKlass org/gradle/api/internal/artifacts/repositories/metadata/DefaultMetadataFileSource
instanceKlass org/gradle/api/internal/artifacts/ivyservice/ivyresolve/ModuleDescriptorHashModuleSource
instanceKlass org/gradle/api/internal/artifacts/ivyservice/ivyresolve/parser/data/PomDependencyMgt
instanceKlass org/gradle/api/internal/artifacts/ivyservice/ivyresolve/parser/GradlePomModuleDescriptorBuilder
instanceKlass org/gradle/internal/component/model/MutableModuleSources
instanceKlass org/gradle/internal/component/external/model/VariantMetadataRules
instanceKlass org/gradle/internal/component/external/model/maven/MavenModuleResolveMetadata
instanceKlass org/gradle/internal/component/external/model/MutableComponentVariant
instanceKlass org/gradle/internal/component/external/model/AbstractMutableModuleComponentResolveMetadata
instanceKlass org/gradle/internal/component/external/model/ExternalDependencyDescriptor
instanceKlass org/gradle/api/internal/artifacts/ivyservice/modulecache/ModuleMetadataSerializer$Reader
instanceKlass org/gradle/api/internal/artifacts/ivyservice/modulecache/StringDeduplicatingDecoder
instanceKlass  @bci org/gradle/internal/resource/local/DefaultLocallyAvailableResource <init> (Ljava/io/File;Lorg/gradle/internal/hash/ChecksumService;)V 3 <appendix> member <vmtarget> ; # org/gradle/internal/resource/local/DefaultLocallyAvailableResource$$Lambda+0x00000179398f1178
instanceKlass org/gradle/internal/resource/local/AbstractLocallyAvailableResource
instanceKlass org/gradle/internal/file/PathTraversalChecker
instanceKlass  @bci java/util/function/Predicate negate ()Ljava/util/function/Predicate; 1 <appendix> member <vmtarget> ; # java/util/function/Predicate$$Lambda+0x00000179396c9b70
instanceKlass  @cpi java/util/function/Predicate 75 form vmentry <vmtarget> ; # java/lang/invoke/LambdaForm$DMH+0x00000179398fc000
instanceKlass  @bci org/gradle/internal/resource/local/DefaultPathKeyFileStore getFile ([Ljava/lang/String;)Ljava/io/File; 17 <appendix> argL0 ; # org/gradle/internal/resource/local/DefaultPathKeyFileStore$$Lambda+0x00000179398f0810
instanceKlass  @bci org/gradle/api/internal/artifacts/ivyservice/WritableArtifactCacheLockingAccessCoordinator$CacheLockingIndexedCache getIfPresent (Ljava/lang/Object;)Ljava/lang/Object; 9 <appendix> member <vmtarget> ; # org/gradle/api/internal/artifacts/ivyservice/WritableArtifactCacheLockingAccessCoordinator$CacheLockingIndexedCache$$Lambda+0x00000179398fba68
instanceKlass  @bci org/gradle/api/internal/artifacts/ivyservice/modulecache/PersistentModuleMetadataCache get (Lorg/gradle/api/internal/artifacts/ivyservice/modulecache/ModuleComponentAtRepositoryKey;)Lorg/gradle/api/internal/artifacts/ivyservice/modulecache/ModuleMetadataCache$CachedMetadata; 12 <appendix> member <vmtarget> ; # org/gradle/api/internal/artifacts/ivyservice/modulecache/PersistentModuleMetadataCache$$Lambda+0x00000179398fb848
instanceKlass org/gradle/api/internal/artifacts/ivyservice/modulecache/DefaultCachedMetadata
instanceKlass org/gradle/api/internal/artifacts/ivyservice/WritableArtifactCacheLockingAccessCoordinator$CacheLockingIndexedCache
instanceKlass  @bci org/gradle/api/internal/artifacts/ivyservice/WritableArtifactCacheLockingAccessCoordinator <init> (Lorg/gradle/cache/UnscopedCacheBuilderFactory;Lorg/gradle/api/internal/artifacts/ivyservice/ArtifactCacheMetadata;Lorg/gradle/internal/file/FileAccessTimeJournal;Lorg/gradle/internal/versionedcache/UsedGradleVersions;Lorg/gradle/api/internal/cache/CacheConfigurationsInternal;Lorg/gradle/cache/CacheCleanupStrategyFactory;)V 56 <appendix> member <vmtarget> ; # org/gradle/api/internal/artifacts/ivyservice/WritableArtifactCacheLockingAccessCoordinator$$Lambda+0x00000179398fb0f8
instanceKlass org/gradle/cache/internal/CompositeCleanupAction$ScopedCleanupAction
instanceKlass org/gradle/api/internal/artifacts/ivyservice/modulecache/ModuleMetadataCacheEntry
instanceKlass org/gradle/api/internal/artifacts/ivyservice/modulecache/ModuleComponentAtRepositoryKey
instanceKlass org/gradle/api/internal/artifacts/ivyservice/resolveengine/graph/conflicts/PotentialConflictFactory$NoConflict
instanceKlass org/gradle/api/internal/artifacts/ivyservice/resolveengine/graph/conflicts/PotentialConflictFactory
instanceKlass org/gradle/api/internal/artifacts/ivyservice/resolveengine/graph/selectors/SelectorStateResolverResults
instanceKlass org/gradle/internal/component/local/model/DefaultProjectComponentSelector
instanceKlass org/gradle/internal/component/local/model/ProjectComponentSelectorInternal
instanceKlass org/gradle/internal/component/model/DefaultComponentOverrideMetadata
instanceKlass org/gradle/internal/component/model/ComponentOverrideMetadata
instanceKlass org/gradle/internal/resolve/result/DefaultResourceAwareResolveResult
instanceKlass  @bci java/util/regex/CharPredicates ASCII_SPACE ()Ljava/util/regex/Pattern$BmpCharPredicate; 0 <appendix> argL0 ; # java/util/regex/CharPredicates$$Lambda+0x800000027
instanceKlass org/gradle/api/internal/artifacts/ivyservice/ivyresolve/strategy/AbstractVersionSelector
instanceKlass org/gradle/api/internal/artifacts/dependencies/DefaultResolvedVersionConstraint
instanceKlass  @bci org/gradle/api/internal/artifacts/ivyservice/resolveengine/graph/builder/ResolveState resolveVersionConstraint (Lorg/gradle/api/artifacts/VersionConstraint;)Lorg/gradle/api/internal/artifacts/ResolvedVersionConstraint; 6 <appendix> member <vmtarget> ; # org/gradle/api/internal/artifacts/ivyservice/resolveengine/graph/builder/ResolveState$$Lambda+0x00000179398f7d78
instanceKlass org/gradle/internal/resolve/result/BuildableComponentIdResolveResult
instanceKlass org/gradle/internal/resolve/result/ComponentIdResolveResult
instanceKlass  @bci org/gradle/api/internal/artifacts/ivyservice/resolveengine/graph/builder/ResolveState computeSelectorFor (Lorg/gradle/api/internal/artifacts/ivyservice/resolveengine/graph/builder/DependencyState;Z)Lorg/gradle/api/internal/artifacts/ivyservice/resolveengine/graph/builder/SelectorState; 29 <appendix> member <vmtarget> ; # org/gradle/api/internal/artifacts/ivyservice/resolveengine/graph/builder/ResolveState$$Lambda+0x00000179398f7748
instanceKlass org/gradle/api/internal/artifacts/ivyservice/resolveengine/graph/builder/SelectorState
instanceKlass org/gradle/api/internal/artifacts/ivyservice/resolveengine/graph/builder/ResolveState$SelectorCacheKey
instanceKlass org/gradle/api/internal/artifacts/ivyservice/resolveengine/graph/builder/LenientPlatformDependencyMetadata
instanceKlass org/gradle/api/internal/artifacts/ivyservice/resolveengine/graph/DependencyGraphSelector
instanceKlass  @bci org/gradle/api/internal/artifacts/ivyservice/resolveengine/graph/builder/NodeState createAndLinkEdgeState (Lorg/gradle/api/internal/artifacts/ivyservice/resolveengine/graph/builder/DependencyState;Ljava/util/Collection;Lorg/gradle/api/internal/artifacts/ivyservice/resolveengine/excludes/specs/ExcludeSpec;Z)V 6 <appendix> member <vmtarget> ; # org/gradle/api/internal/artifacts/ivyservice/resolveengine/graph/builder/NodeState$$Lambda+0x00000179398f6998
instanceKlass org/gradle/api/internal/artifacts/ivyservice/ivyresolve/ErrorHandlingModuleComponentRepository$ErrorHandlingModuleComponentRepositoryAccess
instanceKlass org/gradle/api/internal/artifacts/ivyservice/ivyresolve/ErrorHandlingModuleComponentRepository
instanceKlass org/gradle/api/internal/artifacts/ivyservice/ivyresolve/BaseModuleComponentRepository
instanceKlass org/gradle/api/internal/artifacts/ivyservice/ivyresolve/CachingModuleComponentRepository$ResolveAndCacheRepositoryAccess
instanceKlass org/gradle/internal/resolve/result/BuildableModuleComponentMetaDataResolveResult
instanceKlass org/gradle/api/internal/artifacts/ivyservice/ivyresolve/CachingModuleComponentRepository$LocateInCacheRepositoryAccess
instanceKlass org/gradle/api/internal/artifacts/ivyservice/ivyresolve/CachingModuleComponentRepository
instanceKlass  @bci org/gradle/api/internal/artifacts/dsl/DefaultComponentMetadataProcessor <clinit> ()V 9 <appendix> argL0 ; # org/gradle/api/internal/artifacts/dsl/DefaultComponentMetadataProcessor$$Lambda+0x00000179398f4e50
instanceKlass org/gradle/api/internal/artifacts/dsl/WrappingComponentMetadataContext
instanceKlass org/gradle/api/artifacts/ComponentMetadataContext
instanceKlass org/gradle/api/artifacts/ComponentMetadataDetails
instanceKlass org/gradle/api/internal/artifacts/dsl/DefaultComponentMetadataProcessor
instanceKlass org/gradle/api/internal/artifacts/ivyservice/ivyresolve/ExternalModuleComponentResolverFactory$DefaultMetadataResolutionContext
instanceKlass org/gradle/api/internal/artifacts/repositories/resolver/ExternalResourceResolver$AbstractRepositoryAccess
instanceKlass org/gradle/api/internal/artifacts/ivyservice/ivyresolve/ModuleComponentRepositoryAccess
instanceKlass org/gradle/api/internal/artifacts/repositories/resolver/VersionLister
instanceKlass  @bci org/gradle/api/internal/artifacts/repositories/AbstractArtifactRepository createInjectorForMetadataSuppliers (Lorg/gradle/api/internal/artifacts/repositories/transport/RepositoryTransport;Lorg/gradle/internal/instantiation/InstantiatorFactory;Ljava/net/URI;Lorg/gradle/internal/resource/local/FileStore;)Lorg/gradle/internal/resolve/caching/ImplicitInputsCapturingInstantiator; 24 <appendix> member <vmtarget> ; # org/gradle/api/internal/artifacts/repositories/AbstractArtifactRepository$$Lambda+0x00000179398ef390
instanceKlass org/gradle/api/internal/artifacts/repositories/AbstractArtifactRepository$1
instanceKlass org/gradle/api/internal/artifacts/repositories/metadata/DefaultImmutableMetadataSources
instanceKlass org/gradle/api/internal/artifacts/repositories/metadata/RedirectingGradleMetadataModuleMetadataSource
instanceKlass org/gradle/api/internal/artifacts/repositories/metadata/MavenMetadataArtifactProvider
instanceKlass org/gradle/api/internal/artifacts/ivyservice/ivyresolve/parser/DescriptorParseContext
instanceKlass org/gradle/internal/component/model/ModuleDescriptorArtifactMetadata
instanceKlass org/gradle/api/internal/artifacts/repositories/metadata/GradleModuleMetadataCompatibilityConverter
instanceKlass org/gradle/api/internal/artifacts/repositories/metadata/DefaultGradleModuleMetadataSource
instanceKlass org/gradle/api/internal/artifacts/repositories/DefaultMavenArtifactRepository$MavenSnapshotDecoratingSource
instanceKlass org/gradle/internal/resource/transfer/CacheAwareExternalResourceAccessor$ResourceFileStore
instanceKlass org/gradle/internal/resource/ExternalResource$ContentAndMetadataAction
instanceKlass org/gradle/internal/resource/transfer/DefaultCacheAwareExternalResourceAccessor
instanceKlass org/gradle/internal/resource/transfer/DefaultExternalResourceRepository
instanceKlass org/gradle/internal/resource/transfer/ProgressLoggingExternalResourceLister$1
instanceKlass org/gradle/internal/resource/ExternalResourceListBuildOperationType$Result
instanceKlass org/gradle/internal/resource/transfer/ProgressLoggingExternalResourceAccessor$1
instanceKlass org/gradle/internal/resource/ExternalResourceReadMetadataBuildOperationType$Result
instanceKlass org/gradle/internal/resource/transfer/AbstractProgressLoggingHandler
instanceKlass org/gradle/internal/resource/transfer/CacheAwareExternalResourceAccessor
instanceKlass org/gradle/internal/resource/transport/AbstractRepositoryTransport
instanceKlass org/gradle/api/internal/artifacts/ivyservice/resolutionstrategy/DefaultExternalResourceCachePolicy
instanceKlass org/gradle/api/internal/artifacts/repositories/transport/RepositoryTransportFactory$DefaultResourceConnectorSpecification
instanceKlass  @bci org/gradle/internal/verifier/HttpRedirectVerifierFactory create (Ljava/net/URI;ZLjava/lang/Runnable;Ljava/util/function/Consumer;)Lorg/gradle/internal/verifier/HttpRedirectVerifier; 40 <appendix> member <vmtarget> ; # org/gradle/internal/verifier/HttpRedirectVerifierFactory$$Lambda+0x00000179398df600
instanceKlass org/gradle/internal/verifier/HttpRedirectVerifierFactory
instanceKlass  @bci org/gradle/api/internal/artifacts/repositories/DefaultUrlArtifactRepository createRedirectVerifier ()Lorg/gradle/internal/verifier/HttpRedirectVerifier; 18 <appendix> member <vmtarget> ; # org/gradle/api/internal/artifacts/repositories/DefaultUrlArtifactRepository$$Lambda+0x00000179398ec298
instanceKlass  @bci org/gradle/api/internal/artifacts/repositories/DefaultUrlArtifactRepository createRedirectVerifier ()Lorg/gradle/internal/verifier/HttpRedirectVerifier; 11 <appendix> member <vmtarget> ; # org/gradle/api/internal/artifacts/repositories/DefaultUrlArtifactRepository$$Lambda+0x00000179398ec078
instanceKlass org/gradle/api/internal/artifacts/ivyservice/ivyresolve/ExternalModuleComponentResolverFactory$ParentModuleLookupResolver
instanceKlass org/gradle/internal/resolve/result/BuildableArtifactFileResolveResult
instanceKlass org/gradle/internal/resolve/result/BuildableTypedResolveResult
instanceKlass org/gradle/internal/resolve/result/ErroringResolveResult
instanceKlass org/gradle/api/internal/artifacts/ivyservice/ivyresolve/RepositoryChainArtifactResolver
instanceKlass org/gradle/api/internal/artifacts/ivyservice/ivyresolve/RepositoryChainComponentMetaDataResolver
instanceKlass org/gradle/api/internal/artifacts/ivyservice/ivyresolve/DynamicVersionResolver
instanceKlass org/gradle/api/internal/artifacts/ivyservice/ivyresolve/RepositoryChainDependencyToComponentIdResolver
instanceKlass org/gradle/api/specs/NotSpec
instanceKlass  @bci org/gradle/api/internal/artifacts/ivyservice/ivyresolve/ComponentSelectionRulesProcessor <init> ()V 5 <appendix> argL0 ; # org/gradle/api/internal/artifacts/ivyservice/ivyresolve/ComponentSelectionRulesProcessor$$Lambda+0x00000179398eace0
instanceKlass org/gradle/api/internal/artifacts/ivyservice/ivyresolve/ComponentSelectionRulesProcessor
instanceKlass org/gradle/api/internal/artifacts/ivyservice/ivyresolve/MetadataProvider
instanceKlass org/gradle/api/internal/artifacts/ivyservice/ivyresolve/Versioned
instanceKlass org/gradle/api/internal/artifacts/ComponentSelectionInternal
instanceKlass org/gradle/api/artifacts/ComponentSelection
instanceKlass org/gradle/api/internal/artifacts/ivyservice/ivyresolve/DefaultVersionedComponentChooser
instanceKlass org/gradle/api/internal/artifacts/ivyservice/ivyresolve/VersionedComponentChooser
instanceKlass org/gradle/api/internal/artifacts/ivyservice/ivyresolve/UserResolverChain
instanceKlass  @bci org/gradle/api/internal/artifacts/ivyservice/moduleconverter/dependencies/AbstractDependencyMetadataConverter convertExcludeRules (Ljava/util/Set;)Ljava/util/List; 10 <appendix> member <vmtarget> ; # org/gradle/api/internal/artifacts/ivyservice/moduleconverter/dependencies/AbstractDependencyMetadataConverter$$Lambda+0x00000179398e9c10
instanceKlass  @bci org/gradle/api/internal/artifacts/repositories/descriptor/MavenRepositoryDescriptor$Builder create ()Lorg/gradle/api/internal/artifacts/repositories/descriptor/MavenRepositoryDescriptor; 125 <appendix> argL0 ; # org/gradle/api/internal/artifacts/repositories/descriptor/MavenRepositoryDescriptor$Builder$$Lambda+0x00000179398e99e8
instanceKlass  @bci org/gradle/api/internal/artifacts/repositories/AbstractAuthenticationSupportedRepository getAuthenticationSchemes ()Ljava/util/List; 4 <appendix> argL0 ; # org/gradle/api/internal/artifacts/repositories/AbstractAuthenticationSupportedRepository$$Lambda+0x00000179398e97b0
instanceKlass org/gradle/api/internal/artifacts/repositories/descriptor/UrlRepositoryDescriptor$Builder
instanceKlass  @bci org/gradle/plugin/use/resolve/internal/ArtifactRepositoriesPluginResolver exists (Lorg/gradle/api/artifacts/ModuleDependency;)Z 39 <appendix> argL0 ; # org/gradle/plugin/use/resolve/internal/ArtifactRepositoriesPluginResolver$$Lambda+0x00000179398e9128
instanceKlass org/gradle/api/internal/artifacts/dsl/dependencies/ModuleFactoryHelper
instanceKlass  @bci org/gradle/api/internal/artifacts/dependencies/DefaultExternalModuleDependency_Decorated $gradleInit ()V 1 <appendix> member <vmtarget> ; # org/gradle/api/internal/artifacts/dependencies/DefaultExternalModuleDependency_Decorated$$Lambda+0x00000179398e8d08
instanceKlass org/gradle/api/internal/artifacts/dependencies/ModuleDependencyCapabilitiesInternal
instanceKlass org/gradle/api/internal/artifacts/dependencies/DefaultDependencyArtifact
instanceKlass org/gradle/api/internal/artifacts/DefaultExcludeRuleContainer
instanceKlass org/gradle/api/artifacts/ExcludeRuleContainer
instanceKlass  @bci org/gradle/internal/composite/DefaultBuildIncluder getIncludedBuildsForPluginResolution ()Ljava/util/Collection; 25 <appendix> member <vmtarget> ; # org/gradle/internal/composite/DefaultBuildIncluder$$Lambda+0x00000179398de498
instanceKlass  @bci org/gradle/internal/composite/DefaultBuildIncluder getRegisteredPluginBuilds ()Ljava/util/Collection; 10 <appendix> member <vmtarget> ; # org/gradle/internal/composite/DefaultBuildIncluder$$Lambda+0x00000179398de258
instanceKlass  @bci org/gradle/composite/internal/plugins/CompositeBuildPluginResolverContributor$CompositeBuildPluginResolver resolve (Lorg/gradle/plugin/management/internal/PluginRequestInternal;)Lorg/gradle/plugin/use/resolve/internal/PluginResolutionResult; 11 <appendix> member <vmtarget> ; # org/gradle/composite/internal/plugins/CompositeBuildPluginResolverContributor$CompositeBuildPluginResolver$$Lambda+0x00000179398e3d58
instanceKlass org/gradle/plugin/use/resolve/internal/PluginResolutionResult$NotFound
instanceKlass org/gradle/plugin/use/internal/DefaultPluginRequestApplicator$ApplyAction
instanceKlass org/gradle/plugin/use/resolve/internal/SimplePluginResolution
instanceKlass org/gradle/plugin/use/resolve/internal/PluginResolutionResult
instanceKlass org/gradle/api/plugins/JavaPlugin
instanceKlass org/gradle/plugin/management/internal/DefaultPluginResolveDetails
instanceKlass org/gradle/plugin/management/PluginResolveDetails
instanceKlass org/gradle/plugin/use/resolve/internal/AlreadyOnClasspathPluginResolver
instanceKlass org/gradle/plugin/use/resolve/internal/ArtifactRepositoriesPluginResolver
instanceKlass  @bci org/gradle/plugin/use/internal/PluginResolverFactory addDefaultResolvers (Lorg/gradle/plugin/use/resolve/internal/PluginArtifactRepositories;Ljava/util/List;)V 55 <appendix> member <vmtarget> ; # org/gradle/plugin/use/internal/PluginResolverFactory$$Lambda+0x00000179398e29c0
instanceKlass org/gradle/plugin/use/resolve/internal/CorePluginResolver
instanceKlass org/gradle/plugin/use/resolve/internal/NoopPluginResolver
instanceKlass org/gradle/plugin/use/resolve/internal/CompositePluginResolver
instanceKlass org/gradle/plugin/use/internal/DefaultPluginRequestApplicator$CollectingPluginRequestResolutionVisitor
instanceKlass  @bci org/gradle/api/internal/artifacts/repositories/DefaultBaseRepositoryFactory createGradlePluginPortal ()Lorg/gradle/api/artifacts/repositories/ArtifactRepository; 29 <appendix> argL0 ; # org/gradle/api/internal/artifacts/repositories/DefaultBaseRepositoryFactory$$Lambda+0x00000179398e1ed0
instanceKlass  @bci org/gradle/api/internal/artifacts/repositories/DefaultMavenArtifactRepository_Decorated $gradleInit ()V 1 <appendix> member <vmtarget> ; # org/gradle/api/internal/artifacts/repositories/DefaultMavenArtifactRepository_Decorated$$Lambda+0x00000179398e1cb0
instanceKlass  @bci org/gradle/api/internal/artifacts/repositories/DefaultMavenArtifactRepository <init> (Lorg/gradle/api/Transformer;Lorg/gradle/api/internal/file/FileResolver;Lorg/gradle/api/internal/artifacts/repositories/transport/RepositoryTransportFactory;Lorg/gradle/internal/resource/local/LocallyAvailableResourceFinder;Lorg/gradle/internal/instantiation/InstantiatorFactory;Lorg/gradle/internal/resource/local/FileStore;Lorg/gradle/api/internal/artifacts/ivyservice/ivyresolve/parser/MetaDataParser;Lorg/gradle/api/internal/artifacts/ivyservice/ivyresolve/parser/GradleModuleMetadataParser;Lorg/gradle/api/artifacts/repositories/AuthenticationContainer;Lorg/gradle/internal/resource/local/FileStore;Lorg/gradle/internal/resource/local/FileResourceRepository;Lorg/gradle/api/internal/artifacts/repositories/metadata/MavenMutableModuleMetadataFactory;Lorg/gradle/internal/isolation/IsolatableFactory;Lorg/gradle/api/model/ObjectFactory;Lorg/gradle/api/internal/artifacts/repositories/DefaultUrlArtifactRepository$Factory;Lorg/gra ; # org/gradle/api/internal/artifacts/repositories/DefaultMavenArtifactRepository$$Lambda+0x00000179398e1818
instanceKlass  @bci org/gradle/api/internal/artifacts/repositories/DefaultMavenArtifactRepository createRepositoryDescriptor (Lorg/gradle/api/internal/artifacts/ivyservice/ivyresolve/strategy/VersionParser;)Lorg/gradle/api/internal/artifacts/repositories/RepositoryContentDescriptorInternal; 5 <appendix> member <vmtarget> ; # org/gradle/api/internal/artifacts/repositories/DefaultMavenArtifactRepository$$Lambda+0x00000179398e15f8
instanceKlass org/gradle/api/internal/artifacts/repositories/DefaultRepositoryContentDescriptor
instanceKlass org/gradle/api/artifacts/repositories/MavenRepositoryContentDescriptor
# instanceKlass java/lang/invoke/LambdaForm$MH+0x00000179398e7c00
# instanceKlass java/lang/invoke/LambdaForm$MH+0x00000179398e7800
# instanceKlass java/lang/invoke/LambdaForm$MH+0x00000179398e7400
# instanceKlass java/lang/invoke/LambdaForm$MH+0x00000179398e7000
# instanceKlass java/lang/invoke/LambdaForm$MH+0x00000179398e6c00
# instanceKlass java/lang/invoke/LambdaForm$MH+0x00000179398e6800
# instanceKlass java/lang/invoke/LambdaForm$MH+0x00000179398e6400
# instanceKlass java/lang/invoke/LambdaForm$MH+0x00000179398e6000
# instanceKlass java/lang/invoke/LambdaForm$MH+0x00000179398e5c00
# instanceKlass java/lang/invoke/LambdaForm$MH+0x00000179398e5800
# instanceKlass java/lang/invoke/LambdaForm$MH+0x00000179398e5400
# instanceKlass java/lang/invoke/LambdaForm$MH+0x00000179398e5000
# instanceKlass java/lang/invoke/LambdaForm$MH+0x00000179398e4c00
# instanceKlass java/lang/invoke/LambdaForm$MH+0x00000179398e4800
# instanceKlass java/lang/invoke/LambdaForm$MH+0x00000179398e4400
# instanceKlass java/lang/invoke/LambdaForm$MH+0x00000179398e4000
instanceKlass  @bci org/gradle/api/internal/artifacts/repositories/DefaultMavenArtifactRepository <clinit> ()V 0 <appendix> argL0 ; # org/gradle/api/internal/artifacts/repositories/DefaultMavenArtifactRepository$$Lambda+0x00000179398e0bf0
instanceKlass org/gradle/api/internal/artifacts/repositories/ArtifactResolutionDetails
instanceKlass org/gradle/internal/resolve/caching/ImplicitInputsCapturingInstantiator
instanceKlass org/gradle/api/internal/artifacts/repositories/AuthenticationSupporter
instanceKlass org/gradle/api/artifacts/repositories/PasswordCredentials
instanceKlass org/gradle/api/credentials/PasswordCredentials
instanceKlass org/gradle/api/credentials/Credentials
instanceKlass org/gradle/api/internal/artifacts/repositories/DefaultMavenArtifactRepository$MavenMetadataSources
instanceKlass org/gradle/api/internal/artifacts/repositories/DefaultUrlArtifactRepository
instanceKlass org/gradle/api/internal/artifacts/repositories/metadata/AbstractRepositoryMetadataSource
instanceKlass org/gradle/api/internal/artifacts/repositories/maven/MavenMetadataLoader
instanceKlass org/gradle/api/internal/artifacts/repositories/metadata/DefaultMavenPomMetadataSource$MavenMetadataValidator
instanceKlass org/gradle/api/internal/artifacts/repositories/resolver/ExternalResourceResolver
instanceKlass org/gradle/api/internal/artifacts/repositories/resolver/ExternalResourceArtifactResolver
instanceKlass org/gradle/api/internal/artifacts/repositories/metadata/ImmutableMetadataSources
instanceKlass org/gradle/api/internal/artifacts/repositories/metadata/MetadataSource
instanceKlass org/gradle/api/internal/artifacts/repositories/descriptor/RepositoryDescriptor
instanceKlass org/gradle/api/internal/artifacts/repositories/metadata/MetadataArtifactProvider
instanceKlass org/gradle/api/internal/artifacts/ivyservice/ivyresolve/ConfiguredModuleComponentRepository
instanceKlass org/gradle/api/artifacts/repositories/MavenArtifactRepository$MetadataSources
instanceKlass org/gradle/api/artifacts/repositories/RepositoryResourceAccessor
instanceKlass org/gradle/api/internal/artifacts/repositories/RepositoryContentDescriptorInternal
instanceKlass org/gradle/api/internal/DefaultPolymorphicDomainObjectContainer$2
instanceKlass  @bci org/gradle/internal/authentication/DefaultAuthenticationContainer_Decorated $gradleInit ()V 1 <appendix> member <vmtarget> ; # org/gradle/internal/authentication/DefaultAuthenticationContainer_Decorated$$Lambda+0x00000179398dd048
instanceKlass org/gradle/api/internal/DefaultPolymorphicNamedEntityInstantiator
instanceKlass org/gradle/api/internal/PolymorphicNamedEntityInstantiator
instanceKlass org/gradle/api/internal/artifacts/repositories/AbstractArtifactRepository
instanceKlass org/gradle/api/internal/artifacts/repositories/ContentFilteringRepository
instanceKlass org/gradle/api/internal/artifacts/repositories/ArtifactRepositoryInternal
instanceKlass org/gradle/internal/artifacts/repositories/AuthenticationSupportedInternal
instanceKlass org/gradle/api/internal/artifacts/repositories/DefaultBaseRepositoryFactory$NamedMavenRepositoryDescriber
instanceKlass org/gradle/internal/locking/NoOpDependencyLockingProvider
instanceKlass org/gradle/plugin/use/internal/DefaultPluginArtifactRepositories
instanceKlass  @bci org/gradle/plugin/management/internal/autoapply/CompositeAutoAppliedPluginRegistry getAutoAppliedPlugins (Lorg/gradle/api/Project;)Lorg/gradle/plugin/management/internal/PluginRequests; 23 <appendix> argL0 ; # org/gradle/plugin/management/internal/autoapply/CompositeAutoAppliedPluginRegistry$$Lambda+0x00000179398c0f70
instanceKlass  @bci org/gradle/plugin/management/internal/autoapply/CompositeAutoAppliedPluginRegistry getAutoAppliedPlugins (Lorg/gradle/api/Project;)Lorg/gradle/plugin/management/internal/PluginRequests; 10 <appendix> member <vmtarget> ; # org/gradle/plugin/management/internal/autoapply/CompositeAutoAppliedPluginRegistry$$Lambda+0x00000179398c0d30
instanceKlass org/gradle/plugin/management/internal/MultiPluginRequests
instanceKlass  @bci org/gradle/plugin/use/internal/PluginRequestCollector listPluginRequests ()Ljava/util/List; 20 <appendix> argL0 ; # org/gradle/plugin/use/internal/PluginRequestCollector$$Lambda+0x00000179398d6000
instanceKlass org/gradle/plugin/management/internal/DefaultPluginRequest
instanceKlass  @bci org/gradle/plugin/use/internal/PluginRequestCollector listPluginRequests ()Ljava/util/List; 5 <appendix> member <vmtarget> ; # org/gradle/plugin/use/internal/PluginRequestCollector$$Lambda+0x00000179398bb648
instanceKlass org/gradle/plugin/use/internal/PluginRequestCollector$1
instanceKlass org/gradle/declarative/dsl/model/annotations/Builder
instanceKlass org/gradle/plugin/use/internal/PluginRequestCollector$PluginDependencySpecImpl
# instanceKlass java/lang/invoke/LambdaForm$DMH+0x00000179398d4000
instanceKlass org/gradle/plugin/use/PluginDependency
# instanceKlass java/lang/invoke/LambdaForm$MH+0x00000179398d3c00
# instanceKlass java/lang/invoke/LambdaForm$MH+0x00000179398d3800
# instanceKlass java/lang/invoke/LambdaForm$MH+0x00000179398d3400
# instanceKlass java/lang/invoke/LambdaForm$MH+0x00000179398d3000
# instanceKlass java/lang/invoke/LambdaForm$MH+0x00000179398d2c00
# instanceKlass java/lang/invoke/LambdaForm$MH+0x00000179398d2800
# instanceKlass java/lang/invoke/LambdaForm$MH+0x00000179398d2400
# instanceKlass java/lang/invoke/LambdaForm$DMH+0x00000179398d2000
# instanceKlass java/lang/invoke/LambdaForm$MH+0x00000179398d1c00
# instanceKlass java/lang/invoke/LambdaForm$MH+0x00000179398d1800
# instanceKlass java/lang/invoke/LambdaForm$MH+0x00000179398d1400
# instanceKlass java/lang/invoke/LambdaForm$MH+0x00000179398d1000
# instanceKlass java/lang/invoke/LambdaForm$MH+0x00000179398d0c00
# instanceKlass java/lang/invoke/LambdaForm$MH+0x00000179398d0800
instanceKlass  @bci build_40qefyzhekgk6e8orp9wt80b$_run_closure1 doCall$original (Ljava/lang/Object;)Ljava/lang/Object; 4 <adapter> ; # java/lang/invoke/LambdaForm$MH+0x00000179398d0400
# instanceKlass java/lang/invoke/LambdaForm$MH+0x00000179398d0000
# instanceKlass java/lang/invoke/LambdaForm$MH+0x00000179398cfc00
instanceKlass org/gradle/plugin/use/PluginDependencySpec
instanceKlass org/gradle/plugin/use/internal/PluginRequestCollector$PluginDependenciesSpecImpl
instanceKlass org/gradle/plugin/use/PluginDependenciesSpec
# instanceKlass java/lang/invoke/LambdaForm$MH+0x00000179398cf800
# instanceKlass java/lang/invoke/LambdaForm$MH+0x00000179398cf400
# instanceKlass java/lang/invoke/LambdaForm$MH+0x00000179398cf000
# instanceKlass java/lang/invoke/LambdaForm$MH+0x00000179398cec00
# instanceKlass java/lang/invoke/LambdaForm$MH+0x00000179398ce800
# instanceKlass java/lang/invoke/LambdaForm$MH+0x00000179398ce400
# instanceKlass java/lang/invoke/LambdaForm$MH+0x00000179398ce000
# instanceKlass java/lang/invoke/LambdaForm$MH+0x00000179398cdc00
# instanceKlass java/lang/invoke/LambdaForm$DMH+0x00000179398cd800
# instanceKlass java/lang/invoke/LambdaForm$MH+0x00000179398cd400
# instanceKlass java/lang/invoke/LambdaForm$MH+0x00000179398cd000
# instanceKlass java/lang/invoke/LambdaForm$MH+0x00000179398ccc00
# instanceKlass java/lang/invoke/LambdaForm$MH+0x00000179398cc800
# instanceKlass java/lang/invoke/LambdaForm$MH+0x00000179398cc400
# instanceKlass java/lang/invoke/LambdaForm$BMH+0x00000179398cc000
# instanceKlass java/lang/invoke/LambdaForm$DMH+0x00000179398cbc00
instanceKlass  @bci build_40qefyzhekgk6e8orp9wt80b run ()Ljava/lang/Object; 11 <adapter> ; # java/lang/invoke/LambdaForm$MH+0x00000179398cb800
# instanceKlass java/lang/invoke/LambdaForm$MH+0x00000179398cb400
# instanceKlass java/lang/invoke/LambdaForm$MH+0x00000179398cb000
# instanceKlass java/lang/invoke/LambdaForm$MH+0x00000179398cac00
# instanceKlass java/lang/invoke/LambdaForm$MH+0x00000179398ca800
# instanceKlass java/lang/invoke/LambdaForm$MH+0x00000179398ca400
# instanceKlass java/lang/invoke/LambdaForm$MH+0x00000179398ca000
# instanceKlass java/lang/invoke/LambdaForm$MH+0x00000179398c9c00
# instanceKlass java/lang/invoke/LambdaForm$MH+0x00000179398c9800
# instanceKlass java/lang/invoke/LambdaForm$MH+0x00000179398c9400
# instanceKlass java/lang/invoke/LambdaForm$MH+0x00000179398c9000
# instanceKlass java/lang/invoke/LambdaForm$MH+0x00000179398c8c00
# instanceKlass java/lang/invoke/LambdaForm$MH+0x00000179398c8800
# instanceKlass java/lang/invoke/LambdaForm$MH+0x00000179398c8400
# instanceKlass java/lang/invoke/LambdaForm$MH+0x00000179398c8000
# instanceKlass java/lang/invoke/LambdaForm$MH+0x00000179398c7c00
# instanceKlass java/lang/invoke/LambdaForm$MH+0x00000179398c7800
# instanceKlass java/lang/invoke/LambdaForm$MH+0x00000179398c7400
# instanceKlass java/lang/invoke/LambdaForm$MH+0x00000179398c7000
# instanceKlass java/lang/invoke/LambdaForm$MH+0x00000179398c6c00
# instanceKlass java/lang/invoke/LambdaForm$BMH+0x00000179398c6800
# instanceKlass java/lang/invoke/LambdaForm$DMH+0x00000179398c6400
# instanceKlass java/lang/invoke/LambdaForm$DMH+0x00000179398c6000
instanceKlass  @bci org/gradle/internal/service/scopes/ProjectScopeServices createTemporaryFileProvider ()Lorg/gradle/api/internal/file/temp/TemporaryFileProvider; 5 <appendix> member <vmtarget> ; # org/gradle/internal/service/scopes/ProjectScopeServices$$Lambda+0x00000179398b9ea8
instanceKlass org/gradle/configuration/ProjectScriptTarget
instanceKlass org/gradle/internal/build/event/types/DefaultScriptPluginIdentifier
instanceKlass  @bci org/gradle/configuration/project/BuildScriptProcessor execute (Lorg/gradle/api/internal/project/ProjectInternal;)V 83 <appendix> member <vmtarget> ; # org/gradle/configuration/project/BuildScriptProcessor$$Lambda+0x00000179398b9288
# instanceKlass java/lang/invoke/LambdaForm$MH+0x00000179398c4c00
# instanceKlass java/lang/invoke/LambdaForm$MH+0x00000179398c4800
# instanceKlass java/lang/invoke/LambdaForm$MH+0x00000179398c4400
# instanceKlass java/lang/invoke/LambdaForm$MH+0x00000179398c4000
instanceKlass org/gradle/kotlin/dsl/tooling/builders/AbstractKotlinDslScriptsModelBuilder$Companion
instanceKlass org/gradle/kotlin/dsl/tooling/builders/AbstractKotlinDslScriptsModelBuilder
instanceKlass org/gradle/kotlin/dsl/tooling/builders/internal/IsolatedScriptsModelBuilder
instanceKlass org/gradle/kotlin/dsl/tooling/builders/KotlinBuildScriptModelBuilder
instanceKlass org/gradle/tooling/model/dsl/GroovyDslBaseScriptModel
instanceKlass org/gradle/tooling/model/dsl/KotlinDslBaseScriptModel
instanceKlass org/gradle/plugins/ide/internal/tooling/GradleDslBaseScriptModelBuilder
instanceKlass org/gradle/tooling/provider/model/internal/PluginApplyingBuilder
instanceKlass org/gradle/plugins/ide/idea/model/IdeaModule
instanceKlass org/gradle/plugins/ide/internal/tooling/IsolatedIdeaModuleInternalBuilder
instanceKlass org/gradle/plugins/ide/internal/tooling/IsolatedGradleProjectInternalBuilder
instanceKlass org/gradle/plugins/ide/internal/tooling/BuildEnvironmentBuilder
instanceKlass org/gradle/tooling/model/GradleModuleVersion
instanceKlass org/gradle/plugins/ide/internal/tooling/PublicationsBuilder
instanceKlass org/gradle/plugins/ide/internal/tooling/model/TaskNameComparator
instanceKlass org/gradle/plugins/ide/internal/tooling/BuildInvocationsBuilder
instanceKlass org/gradle/plugins/ide/internal/tooling/BasicIdeaModelBuilder
instanceKlass org/gradle/plugins/ide/internal/tooling/model/PartialBasicGradleProject
instanceKlass org/gradle/plugins/ide/internal/tooling/GradleBuildBuilder
instanceKlass org/gradle/plugins/ide/internal/configurer/HierarchicalElementAdapter
instanceKlass org/gradle/plugins/ide/internal/configurer/EclipseModelAwareUniqueProjectNameProvider
instanceKlass org/gradle/plugins/ide/eclipse/model/AbstractClasspathEntry
instanceKlass org/gradle/plugins/ide/eclipse/model/ClasspathEntry
instanceKlass org/gradle/plugins/ide/internal/tooling/EclipseModelBuilder
instanceKlass org/gradle/plugins/ide/internal/tooling/RunEclipseTasksBuilder
instanceKlass org/gradle/plugins/ide/internal/tooling/RunBuildDependenciesTaskBuilder
instanceKlass org/gradle/tooling/provider/model/ParameterizedToolingModelBuilder
instanceKlass org/gradle/tooling/model/idea/IdeaCompilerOutput
instanceKlass org/gradle/tooling/model/idea/IdeaLanguageLevel
instanceKlass org/gradle/plugins/ide/internal/tooling/IdeaModelBuilder
instanceKlass org/gradle/plugins/ide/internal/tooling/model/LaunchableGradleTask
instanceKlass org/gradle/tooling/internal/protocol/InternalLaunchable
instanceKlass org/gradle/tooling/internal/gradle/GradleProjectIdentity
instanceKlass org/gradle/tooling/internal/gradle/GradleBuildIdentity
instanceKlass org/gradle/plugins/ide/internal/tooling/GradleProjectBuilder
instanceKlass org/gradle/tooling/internal/protocol/cpp/InternalCppTestSuite
instanceKlass org/gradle/tooling/internal/protocol/cpp/InternalCppLibrary
instanceKlass org/gradle/tooling/internal/protocol/cpp/InternalCppApplication
instanceKlass org/gradle/language/cpp/internal/tooling/DefaultCppComponentModel
instanceKlass org/gradle/language/cpp/CppComponent
instanceKlass org/gradle/language/ComponentWithTargetMachines
instanceKlass org/gradle/language/ComponentWithDependencies
instanceKlass org/gradle/language/ComponentWithBinaries
instanceKlass org/gradle/language/cpp/internal/tooling/CppModelBuilder
instanceKlass org/gradle/kotlin/dsl/tooling/builders/KotlinBuildScriptTemplateModelBuilder
instanceKlass org/gradle/declarative/dsl/tooling/builders/DeclarativeSchemaModelBuilder
instanceKlass org/gradle/tooling/provider/model/internal/BuildScopeModelBuilder
instanceKlass  @bci org/gradle/internal/service/scopes/BuildScopeServices createBuildScopedToolingModelBuilders (Ljava/util/List;Lorg/gradle/internal/operations/BuildOperationRunner;Lorg/gradle/api/internal/project/ProjectStateRegistry;Lorg/gradle/internal/code/UserCodeApplicationContext;)Lorg/gradle/tooling/provider/model/internal/DefaultToolingModelBuilderRegistry; 18 <appendix> member <vmtarget> ; # org/gradle/internal/service/scopes/BuildScopeServices$$Lambda+0x00000179398b79d8
instanceKlass org/gradle/tooling/provider/model/internal/DefaultToolingModelBuilderRegistry$RegistrationImpl
instanceKlass org/gradle/tooling/provider/model/internal/DefaultToolingModelBuilderRegistry$VoidToolingModelBuilder
instanceKlass org/gradle/tooling/provider/model/internal/ToolingModelBuilderLookup$Builder
instanceKlass org/gradle/tooling/provider/model/internal/ToolingModelBuilderLookup$Registration
instanceKlass org/gradle/plugins/ide/internal/tooling/GradleProjectBuilderInternal
instanceKlass org/gradle/plugins/ide/internal/tooling/IdeaModelBuilderInternal
instanceKlass org/gradle/plugins/ide/internal/tooling/ToolingModelServices$BuildScopeToolingServices$1
# instanceKlass java/lang/invoke/LambdaForm$MH+0x00000179398b6400
# instanceKlass java/lang/invoke/LambdaForm$MH+0x00000179398b6000
# instanceKlass java/lang/invoke/LambdaForm$MH+0x00000179398b5c00
# instanceKlass java/lang/invoke/LambdaForm$MH+0x00000179398b5800
# instanceKlass java/lang/invoke/LambdaForm$MH+0x00000179398b5400
# instanceKlass java/lang/invoke/LambdaForm$MH+0x00000179398b5000
# instanceKlass java/lang/invoke/LambdaForm$MH+0x00000179398b4c00
instanceKlass org/gradle/api/internal/project/DefaultProjectTaskLister
instanceKlass org/gradle/kotlin/dsl/tooling/builders/internal/KotlinScriptingModelBuildersServices$BuildScopeToolingServices$createIdeBuildScopeToolingModelBuilderRegistryAction$1
instanceKlass org/gradle/declarative/dsl/tooling/builders/internal/BuildScopeToolingServices$createIdeBuildScopeToolingModelBuilderRegistryAction$1
instanceKlass org/gradle/tooling/provider/model/internal/DefaultIntermediateToolingModelProvider
# instanceKlass java/lang/invoke/LambdaForm$MH+0x00000179398b4800
# instanceKlass java/lang/invoke/LambdaForm$MH+0x00000179398b4400
# instanceKlass java/lang/invoke/LambdaForm$MH+0x00000179398b4000
# instanceKlass java/lang/invoke/LambdaForm$MH+0x00000179398adc00
instanceKlass  @bci org/gradle/jvm/toolchain/internal/task/ShowToolchainsTaskConfigurator execute (Lorg/gradle/api/internal/project/ProjectInternal;)V 10 <appendix> argL0 ; # org/gradle/jvm/toolchain/internal/task/ShowToolchainsTaskConfigurator$$Lambda+0x00000179398b1428
instanceKlass  @bci org/gradle/internal/buildconfiguration/DaemonJvmPropertiesConfigurator execute (Lorg/gradle/api/internal/project/ProjectInternal;)V 43 <appendix> member <vmtarget> ; # org/gradle/internal/buildconfiguration/DaemonJvmPropertiesConfigurator$$Lambda+0x00000179398ab8d8
# instanceKlass java/lang/invoke/LambdaForm$MH+0x00000179398ad800
instanceKlass  @bci org/gradle/buildinit/plugins/WrapperPlugin apply (Lorg/gradle/api/Project;)V 19 <appendix> argL0 ; # org/gradle/buildinit/plugins/WrapperPlugin$$Lambda+0x00000179398a7c60
instanceKlass  @bci org/gradle/buildinit/plugins/WrapperPlugin_Decorated $gradleInit ()V 1 <appendix> member <vmtarget> ; # org/gradle/buildinit/plugins/WrapperPlugin_Decorated$$Lambda+0x00000179398a7a40
instanceKlass org/gradle/buildinit/plugins/WrapperPlugin
# instanceKlass java/lang/invoke/LambdaForm$MH+0x00000179398ad400
instanceKlass  @bci org/gradle/buildinit/plugins/BuildInitPlugin apply (Lorg/gradle/api/Project;)V 20 <appendix> member <vmtarget> ; # org/gradle/buildinit/plugins/BuildInitPlugin$$Lambda+0x00000179398a7220
instanceKlass  @bci org/gradle/buildinit/plugins/BuildInitPlugin_Decorated $gradleInit ()V 1 <appendix> member <vmtarget> ; # org/gradle/buildinit/plugins/BuildInitPlugin_Decorated$$Lambda+0x00000179398a7000
instanceKlass org/objectweb/asm/Opcodes
instanceKlass org/gradle/buildinit/plugins/BuildInitPlugin
instanceKlass org/gradle/api/internal/collections/FilteredElementSource$FilteringIterator
instanceKlass  @bci org/gradle/api/plugins/SoftwareReportingTasksPlugin apply (Lorg/gradle/api/Project;)V 128 <appendix> argL0 ; # org/gradle/api/plugins/SoftwareReportingTasksPlugin$$Lambda+0x00000179398a5d10
instanceKlass  @bci org/gradle/api/internal/tasks/DefaultRealizableTaskCollection_Decorated $gradleInit ()V 1 <appendix> member <vmtarget> ; # org/gradle/api/internal/tasks/DefaultRealizableTaskCollection_Decorated$$Lambda+0x00000179398ab268
instanceKlass  @bci org/gradle/api/internal/tasks/DefaultTaskCollection_Decorated $gradleInit ()V 1 <appendix> member <vmtarget> ; # org/gradle/api/internal/tasks/DefaultTaskCollection_Decorated$$Lambda+0x00000179398ab048
instanceKlass org/gradle/api/internal/DefaultNamedDomainObjectCollection$FilteredIndex
# instanceKlass java/lang/invoke/LambdaForm$MH+0x00000179398ad000
# instanceKlass java/lang/invoke/LambdaForm$MH+0x00000179398acc00
# instanceKlass java/lang/invoke/LambdaForm$MH+0x00000179398ac800
# instanceKlass java/lang/invoke/LambdaForm$MH+0x00000179398ac400
# instanceKlass java/lang/invoke/LambdaForm$MH+0x00000179398ac000
instanceKlass  @bci org/gradle/api/plugins/SoftwareReportingTasksPlugin apply (Lorg/gradle/api/Project;)V 109 <appendix> member <vmtarget> ; # org/gradle/api/plugins/SoftwareReportingTasksPlugin$$Lambda+0x00000179398a5af0
instanceKlass  @bci org/gradle/api/plugins/SoftwareReportingTasksPlugin apply (Lorg/gradle/api/Project;)V 92 <appendix> member <vmtarget> ; # org/gradle/api/plugins/SoftwareReportingTasksPlugin$$Lambda+0x00000179398a58d0
instanceKlass  @bci org/gradle/api/plugins/SoftwareReportingTasksPlugin apply (Lorg/gradle/api/Project;)V 75 <appendix> member <vmtarget> ; # org/gradle/api/plugins/SoftwareReportingTasksPlugin$$Lambda+0x00000179398a56b0
instanceKlass org/objectweb/asm/TypePath
instanceKlass org/objectweb/asm/TypeReference
instanceKlass org/objectweb/asm/Context
instanceKlass  @bci org/gradle/api/plugins/SoftwareReportingTasksPlugin_Decorated $gradleInit ()V 1 <appendix> member <vmtarget> ; # org/gradle/api/plugins/SoftwareReportingTasksPlugin_Decorated$$Lambda+0x00000179398a2b90
instanceKlass org/apache/groovy/lang/annotation/Incubating
instanceKlass org/gradle/api/reporting/Reporting
instanceKlass org/gradle/api/plugins/SoftwareReportingTasksPlugin$BuildEnvironmentReportTaskAction
instanceKlass org/gradle/api/plugins/SoftwareReportingTasksPlugin$DependencyReportTaskAction
instanceKlass org/gradle/api/plugins/SoftwareReportingTasksPlugin$DependencyInsightReportTaskAction
instanceKlass org/gradle/api/plugins/SoftwareReportingTasksPlugin
instanceKlass  @bci org/codehaus/groovy/vmplugin/v8/IndyInterface selectMethod (Ljava/lang/invoke/MutableCallSite;Ljava/lang/Class;Ljava/lang/String;ILjava/lang/Boolean;Ljava/lang/Boolean;Ljava/lang/Boolean;Ljava/lang/Object;[Ljava/lang/Object;)Ljava/lang/Object; 106 <appendix> member <vmtarget> ; # org/codehaus/groovy/vmplugin/v8/IndyInterface$$Lambda+0x000001793989ada0
instanceKlass  @bci org/codehaus/groovy/vmplugin/v9/Java9 concealedPackageList (Ljava/lang/Module;)Ljava/util/Set; 7 <appendix> argL0 ; # org/codehaus/groovy/vmplugin/v9/Java9$$Lambda+0x000001793989ab68
# instanceKlass java/lang/invoke/LambdaForm$MH+0x0000017939899800
# instanceKlass java/lang/invoke/LambdaForm$MH+0x0000017939899400
instanceKlass jdk/internal/vm/annotation/ForceInline
# instanceKlass java/lang/invoke/LambdaForm$MH+0x0000017939899000
# instanceKlass java/lang/invoke/LambdaForm$MH+0x0000017939898c00
# instanceKlass java/lang/invoke/LambdaForm$MH+0x0000017939898800
instanceKlass  @bci org/gradle/api/internal/DefaultCollectionCallbackActionDecorator$1 isSatisfiedBy (Ljava/lang/Object;)Z 9 <appendix> member <vmtarget> ; # org/gradle/api/internal/DefaultCollectionCallbackActionDecorator$1$$Lambda+0x000001793989a948
instanceKlass  @bci org/gradle/api/internal/project/DefaultCrossProjectModelAccess getChildProjects (Lorg/gradle/api/internal/project/ProjectInternal;Lorg/gradle/api/internal/project/ProjectInternal;)Ljava/util/Map; 23 <appendix> member <vmtarget> ; # org/gradle/api/internal/project/DefaultCrossProjectModelAccess$$Lambda+0x000001793989a708
instanceKlass  @bci org/gradle/api/internal/project/DefaultCrossProjectModelAccess getChildProjects (Lorg/gradle/api/internal/project/ProjectInternal;Lorg/gradle/api/internal/project/ProjectInternal;)Ljava/util/Map; 16 <appendix> argL0 ; # org/gradle/api/internal/project/DefaultCrossProjectModelAccess$$Lambda+0x000001793989a4d0
instanceKlass java/util/TreeMap$TreeMapSpliterator
instanceKlass org/gradle/api/internal/DefaultNamedDomainObjectCollection$ProviderBackedElementInfo
instanceKlass org/gradle/api/internal/provider/Collectors$ElementFromProvider
instanceKlass org/gradle/api/internal/provider/ChangingValue
instanceKlass  @bci org/gradle/api/internal/tasks/DefaultTaskContainer$TaskCreatingProvider_Decorated $gradleInit ()V 1 <appendix> member <vmtarget> ; # org/gradle/api/internal/tasks/DefaultTaskContainer$TaskCreatingProvider_Decorated$$Lambda+0x0000017939897a78
# instanceKlass java/lang/invoke/LambdaForm$MH+0x0000017939898400
instanceKlass  @bci org/gradle/tooling/internal/provider/runner/PluginApplicationTracker findRunningPluginApplication (Lorg/gradle/internal/operations/OperationIdentifier;)Lorg/gradle/tooling/internal/provider/runner/PluginApplicationTracker$PluginApplication; 14 <appendix> member <vmtarget> ; # org/gradle/tooling/internal/provider/runner/PluginApplicationTracker$$Lambda+0x000001793989c000
instanceKlass  @bci org/gradle/tooling/internal/provider/runner/TaskOriginTracker storeOrigin (Lorg/gradle/internal/operations/BuildOperationDescriptor;J)V 10 <appendix> member <vmtarget> ; # org/gradle/tooling/internal/provider/runner/TaskOriginTracker$$Lambda+0x0000017939887dc0
instanceKlass org/gradle/api/internal/tasks/DefaultTaskContainer$RegisterDetails
instanceKlass org/gradle/api/internal/tasks/DefaultTaskContainer$3
instanceKlass  @bci org/gradle/internal/id/ConfigurationCacheableIdFactory createId ()J 4 <appendix> argL0 ; # org/gradle/internal/id/ConfigurationCacheableIdFactory$$Lambda+0x0000017939895e30
instanceKlass  @cpi org/gradle/internal/id/ConfigurationCacheableIdFactory 71 form vmentry <vmtarget> ; # java/lang/invoke/LambdaForm$DMH+0x0000017939898000
instanceKlass java/util/function/LongUnaryOperator
instanceKlass org/gradle/model/internal/registry/RuleBindings$ScopeIndex
instanceKlass org/gradle/model/internal/registry/RuleBindings$PredicateMatches
instanceKlass  @bci org/gradle/internal/service/scopes/ProjectScopeServices lambda$createModelRegistry$2 (Ljava/lang/Runnable;)V 10 <appendix> member <vmtarget> ; # org/gradle/internal/service/scopes/ProjectScopeServices$$Lambda+0x0000017939895348
instanceKlass  @bci org/gradle/model/internal/registry/DefaultModelRegistry transitionTo (Lorg/gradle/model/internal/registry/DefaultModelRegistry$GoalGraph;Lorg/gradle/model/internal/registry/DefaultModelRegistry$ModelGoal;)V 7 <appendix> member <vmtarget> ; # org/gradle/model/internal/registry/DefaultModelRegistry$$Lambda+0x0000017939895128
instanceKlass org/gradle/model/internal/registry/DefaultModelRegistry$5
instanceKlass org/gradle/model/internal/registry/NodeAtState
instanceKlass org/gradle/model/internal/registry/DefaultModelRegistry$GoalGraph
instanceKlass org/gradle/model/internal/registry/RuleBindings$NodeAtStateIndex
instanceKlass org/gradle/model/internal/registry/RuleBindings$TypePredicateIndex
instanceKlass org/gradle/model/internal/registry/RuleBindings$PathPredicateIndex
instanceKlass org/gradle/model/internal/registry/RuleBindings
instanceKlass org/gradle/model/internal/registry/ModelGraph
instanceKlass org/gradle/model/internal/core/DefaultModelRegistration
instanceKlass org/gradle/model/internal/core/AbstractModelAction
instanceKlass org/gradle/model/internal/core/EmptyModelProjection
instanceKlass org/gradle/model/internal/core/ModelProjection
instanceKlass org/gradle/model/internal/core/ModelAdapter
instanceKlass org/gradle/model/internal/core/ModelPromise
instanceKlass org/gradle/model/internal/core/ModelRegistrations$Builder$DescriptorReference
instanceKlass org/gradle/model/internal/core/ModelRegistration
instanceKlass org/gradle/model/internal/core/ModelAction
instanceKlass org/gradle/model/internal/core/ModelRegistrations$Builder
instanceKlass org/gradle/model/internal/core/ModelRegistrations
instanceKlass  @bci org/gradle/internal/service/scopes/ProjectScopeServices createModelRegistry (Lorg/gradle/model/internal/inspect/ModelRuleExtractor;)Lorg/gradle/model/internal/registry/ModelRegistry; 15 <appendix> member <vmtarget> ; # org/gradle/internal/service/scopes/ProjectScopeServices$$Lambda+0x00000179398908c8
instanceKlass org/gradle/model/internal/registry/BoringProjectState
instanceKlass org/gradle/model/internal/registry/DefaultModelRegistry$ModelGoal
instanceKlass org/gradle/model/internal/core/ModelPredicate
instanceKlass org/gradle/model/internal/registry/ModelNodeInternal
instanceKlass org/gradle/model/internal/registry/DefaultModelRegistry
instanceKlass org/gradle/model/internal/registry/ModelRegistryInternal
instanceKlass  @bci org/gradle/api/plugins/HelpTasksPlugin_Decorated $gradleInit ()V 1 <appendix> member <vmtarget> ; # org/gradle/api/plugins/HelpTasksPlugin_Decorated$$Lambda+0x00000179398871d0
instanceKlass org/gradle/tooling/internal/provider/runner/PluginApplicationTracker$PluginApplication
instanceKlass org/gradle/internal/build/event/types/DefaultBinaryPluginIdentifier
instanceKlass  @bci org/gradle/tooling/internal/provider/runner/PluginApplicationTracker started (Lorg/gradle/internal/operations/BuildOperationDescriptor;Lorg/gradle/internal/operations/OperationStartEvent;)V 34 <appendix> member <vmtarget> ; # org/gradle/tooling/internal/provider/runner/PluginApplicationTracker$$Lambda+0x00000179398869c0
instanceKlass org/gradle/api/internal/plugins/DefaultPluginManager$OperationDetails
instanceKlass org/gradle/api/internal/plugins/DefaultPluginManager$AddPluginBuildOperation
instanceKlass  @bci org/gradle/api/internal/plugins/DefaultPluginManager doApply (Lorg/gradle/api/internal/plugins/PluginImplementation;)V 139 <appendix> member <vmtarget> ; # org/gradle/api/internal/plugins/DefaultPluginManager$$Lambda+0x000001793988a000
instanceKlass org/gradle/api/internal/plugins/DefaultPluginManager$1
instanceKlass org/gradle/api/internal/plugins/DefaultPotentialPluginWithId
instanceKlass org/gradle/api/internal/plugins/PluginInspector$PotentialImperativeClassPlugin
instanceKlass com/google/common/base/Predicates
instanceKlass org/gradle/model/internal/inspect/ModelRuleSourceDetector$3
instanceKlass org/gradle/api/plugins/HelpTasksPlugin$PropertyReportTaskAction
instanceKlass org/gradle/api/plugins/HelpTasksPlugin$TaskReportTaskAction
instanceKlass org/gradle/api/plugins/HelpTasksPlugin$ProjectReportTaskAction
instanceKlass org/gradle/api/plugins/HelpTasksPlugin$HelpAction
instanceKlass org/gradle/api/plugins/HelpTasksPlugin
instanceKlass org/gradle/api/internal/plugins/PluginDescriptor
instanceKlass org/gradle/api/internal/plugins/ClassloaderBackedPluginDescriptorLocator
instanceKlass org/gradle/api/internal/plugins/DefaultPluginRegistry$PluginIdLookupCacheKey
instanceKlass java/util/DualPivotQuicksort
instanceKlass org/gradle/plugin/use/internal/DefaultPluginId
instanceKlass org/gradle/configuration/project/NotifyProjectBeforeEvaluatedBuildOperationType$1
instanceKlass org/gradle/configuration/project/NotifyProjectBeforeEvaluatedBuildOperationType$Result
instanceKlass org/gradle/configuration/project/NotifyProjectBeforeEvaluatedBuildOperationType
instanceKlass org/gradle/internal/operations/BuildOperationType
instanceKlass  @bci org/gradle/api/internal/catalog/DefaultDependenciesAccessors$DefaultVersionCatalogsExtension_Decorated $gradleInit ()V 1 <appendix> member <vmtarget> ; # org/gradle/api/internal/catalog/DefaultDependenciesAccessors$DefaultVersionCatalogsExtension_Decorated$$Lambda+0x0000017939885cc0
instanceKlass org/gradle/api/artifacts/VersionCatalog
instanceKlass org/gradle/api/internal/catalog/DefaultDependenciesAccessors$DefaultVersionCatalogsExtension
instanceKlass org/gradle/api/artifacts/VersionCatalogsExtension
instanceKlass org/gradle/configuration/project/LifecycleProjectEvaluator$NotifyProjectBeforeEvaluatedDetails
instanceKlass org/gradle/configuration/project/NotifyProjectBeforeEvaluatedBuildOperationType$Details
instanceKlass org/gradle/configuration/project/LifecycleProjectEvaluator$NotifyBeforeEvaluate
instanceKlass  @bci org/gradle/internal/work/DefaultWorkerLeaseService withReplacedLocks (Ljava/util/Collection;Lorg/gradle/internal/resources/ResourceLock;Lorg/gradle/internal/Factory;)Ljava/lang/Object; 22 <appendix> member <vmtarget> ; # org/gradle/internal/work/DefaultWorkerLeaseService$$Lambda+0x000001793987f4a0
instanceKlass  @bci org/gradle/api/internal/project/DefaultProjectStateRegistry$ProjectStateImpl fromMutableState (Ljava/util/function/Function;)Ljava/lang/Object; 128 <appendix> member <vmtarget> ; # org/gradle/api/internal/project/DefaultProjectStateRegistry$ProjectStateImpl$$Lambda+0x000001793987f280
instanceKlass  @bci org/gradle/api/internal/project/DefaultProjectStateRegistry$ProjectStateImpl applyToMutableState (Ljava/util/function/Consumer;)V 2 <appendix> member <vmtarget> ; # org/gradle/api/internal/project/DefaultProjectStateRegistry$ProjectStateImpl$$Lambda+0x000001793987f040
instanceKlass  @bci org/gradle/configuration/project/LifecycleProjectEvaluator$EvaluateProject run (Lorg/gradle/internal/operations/BuildOperationContext;)V 11 <appendix> member <vmtarget> ; # org/gradle/configuration/project/LifecycleProjectEvaluator$EvaluateProject$$Lambda+0x000001793987ee10
instanceKlass org/gradle/api/internal/collections/CollectionFilter$1
instanceKlass org/gradle/internal/code/DefaultUserCodeApplicationContext$CurrentApplication$1
instanceKlass org/gradle/api/internal/DefaultCollectionCallbackActionDecorator$BuildOperationEmittingAction
instanceKlass org/gradle/api/internal/collections/DefaultCollectionEventRegister$FilteredEventRegister
instanceKlass org/gradle/api/internal/collections/FilteredElementSource
instanceKlass org/gradle/api/internal/DefaultCollectionCallbackActionDecorator$1
instanceKlass org/gradle/api/specs/internal/ClosureSpec
instanceKlass org/gradle/api/internal/provider/ValueSupplier$ExecutionTimeValue
instanceKlass org/xml/sax/Attributes
instanceKlass org/apache/tools/ant/BuildLogger
instanceKlass org/apache/tools/ant/BuildListener
instanceKlass org/xml/sax/Locator
instanceKlass org/gradle/internal/isolate/actions/services/DefaultIsolatedProjectEvaluationListenerProvider$withUserCodeApplicationContext$1$1$1
instanceKlass org/gradle/internal/isolate/actions/services/IsolatedProjectActionsState$Companion
instanceKlass org/gradle/internal/isolate/actions/services/IsolatedProjectActionsState
instanceKlass  @bci com/intellij/gradle/toolingExtension/impl/initScript/util/GradleLifecycleUtil $renamedDeserializeLambda$ (Ljava/lang/invoke/SerializedLambda;)Ljava/lang/Object; 248 <appendix> member <vmtarget> ; # com/intellij/gradle/toolingExtension/impl/initScript/util/GradleLifecycleUtil$$Lambda+0x0000017939881a20
instanceKlass  @bci jdk/internal/reflect/MethodHandleLongFieldAccessorImpl setLong (Ljava/lang/Object;J)V 41 <adapter> ; # java/lang/invoke/LambdaForm$MH+0x0000017939882800
instanceKlass  @bci com/intellij/gradle/toolingExtension/impl/initScript/util/GradleLifecycleUtil $renamedDeserializeLambda$ (Ljava/lang/invoke/SerializedLambda;)Ljava/lang/Object; 165 <appendix> member <vmtarget> ; # com/intellij/gradle/toolingExtension/impl/initScript/util/GradleLifecycleUtil$$Lambda+0x0000017939881800
# instanceKlass java/lang/invoke/LambdaForm$MH+0x0000017939881400
# instanceKlass java/lang/invoke/LambdaForm$MH+0x0000017939881000
instanceKlass java/lang/invoke/SerializedLambda$1
instanceKlass org/gradle/internal/serialize/codecs/core/jos/MethodCache$forClass$1
instanceKlass  @bci jdk/internal/reflect/MethodHandleIntegerFieldAccessorImpl setInt (Ljava/lang/Object;I)V 41 <adapter> ; # java/lang/invoke/LambdaForm$MH+0x0000017939880c00
instanceKlass  @bci groovy/lang/MetaClassImpl setupProperties ([Ljava/beans/PropertyDescriptor;)V 113 <appendix> argL0 ; # groovy/lang/MetaClassImpl$$Lambda+0x000001793987d610
instanceKlass  @bci groovy/lang/MetaClassImpl setupProperties ([Ljava/beans/PropertyDescriptor;)V 64 <appendix> argL0 ; # groovy/lang/MetaClassImpl$$Lambda+0x000001793987d3d8
instanceKlass org/gradle/internal/serialize/codecs/core/ThreadSafeMetaClassWrapper
instanceKlass org/gradle/internal/serialize/codecs/core/ClosureCodec$WhenMappings
instanceKlass org/gradle/internal/serialize/codecs/core/jos/JavaObjectSerializationCodec$WhenMappings
instanceKlass org/gradle/internal/isolate/graph/EnvironmentDecoder
instanceKlass org/gradle/internal/isolate/graph/IsolatedActionDeserializer
instanceKlass org/gradle/internal/isolate/actions/services/DefaultIsolatedProjectEvaluationListenerProviderKt
instanceKlass org/gradle/configuration/project/LifecycleProjectEvaluator$ConfigureProjectDetails
instanceKlass org/gradle/configuration/project/LifecycleProjectEvaluator$EvaluateProject
instanceKlass org/gradle/configuration/project/LifecycleProjectEvaluator
instanceKlass org/gradle/configuration/project/DelayedConfigurationActions
instanceKlass org/gradle/configuration/project/BuildScriptProcessor
instanceKlass org/gradle/buildinit/plugins/internal/action/WrapperPluginAutoApplyAction
instanceKlass org/gradle/buildinit/plugins/internal/action/BuildInitAutoApplyAction
instanceKlass org/gradle/kotlin/dsl/tooling/builders/internal/KotlinScriptingModelBuildersRegistrationAction
instanceKlass org/gradle/jvm/toolchain/internal/task/ShowToolchainsTaskConfigurator
instanceKlass org/gradle/api/plugins/internal/SoftwareReportingTasksAutoApplyAction
instanceKlass org/gradle/api/plugins/internal/HelpTasksAutoApplyAction
instanceKlass org/gradle/internal/buildconfiguration/DaemonJvmPropertiesConfigurator
instanceKlass org/gradle/configuration/project/ConfigureActionsProjectEvaluator
# instanceKlass java/lang/invoke/LambdaForm$MH+0x0000017939879400
# instanceKlass java/lang/invoke/LambdaForm$MH+0x0000017939879000
# instanceKlass java/lang/invoke/LambdaForm$MH+0x0000017939878c00
# instanceKlass java/lang/invoke/LambdaForm$MH+0x0000017939878800
instanceKlass  @bci org/gradle/internal/model/StateTransitionController maybeTransitionIfNotCurrentlyTransitioning (Lorg/gradle/internal/model/StateTransitionController$State;Lorg/gradle/internal/model/StateTransitionController$State;Ljava/lang/Runnable;)V 8 <appendix> member <vmtarget> ; # org/gradle/internal/model/StateTransitionController$$Lambda+0x0000017939873d18
instanceKlass  @bci org/gradle/api/internal/project/ProjectLifecycleController ensureSelfConfigured ()V 11 <appendix> member <vmtarget> ; # org/gradle/api/internal/project/ProjectLifecycleController$$Lambda+0x0000017939873af8
instanceKlass org/gradle/configuration/DeferredProjectEvaluationCondition
instanceKlass  @bci org/gradle/internal/operations/DefaultBuildOperationListenerManager lambda$removeListener$2 (Lorg/gradle/internal/operations/BuildOperationListener;Lcom/google/common/collect/ImmutableList;)Lcom/google/common/collect/ImmutableList; 5 <appendix> member <vmtarget> ; # org/gradle/internal/operations/DefaultBuildOperationListenerManager$$Lambda+0x00000179398736a8
instanceKlass  @bci org/gradle/internal/operations/DefaultBuildOperationListenerManager removeListener (Lorg/gradle/internal/operations/BuildOperationListener;)V 5 <appendix> member <vmtarget> ; # org/gradle/internal/operations/DefaultBuildOperationListenerManager$$Lambda+0x0000017939873450
instanceKlass org/gradle/internal/isolate/actions/services/IsolatedProjectEvaluationListener
instanceKlass org/gradle/internal/isolate/actions/services/EagerBeforeProject
instanceKlass java/util/IdentityHashMap$EntryIterator$Entry
instanceKlass java/util/IdentityHashMap$IdentityHashMapIterator
instanceKlass org/gradle/internal/isolate/graph/SerializedIsolatedActionGraph
instanceKlass org/gradle/internal/serialize/graph/codecs/OwnerServiceEncoding
instanceKlass  @bci jdk/internal/reflect/MethodHandleLongFieldAccessorImpl getLong (Ljava/lang/Object;)J 20 <adapter> ; # java/lang/invoke/LambdaForm$MH+0x0000017939878400
# instanceKlass java/lang/invoke/LambdaForm$MH+0x0000017939878000
# instanceKlass java/lang/invoke/LambdaForm$BMH+0x0000017939875c00
# instanceKlass java/lang/invoke/LambdaForm$DMH+0x0000017939875800
# instanceKlass java/lang/invoke/LambdaForm$MH+0x0000017939875400
# instanceKlass java/lang/invoke/LambdaForm$BMH+0x0000017939875000
instanceKlass org/gradle/internal/serialize/codecs/core/jos/JavaObjectSerializationCodec$WriteReplaceEncoding
instanceKlass org/gradle/internal/serialize/codecs/core/jos/JavaSerializationEncodingLookup$EncodingDetails
instanceKlass org/gradle/internal/serialize/codecs/core/jos/JavaObjectSerializationCodecKt
instanceKlass  @bci org/gradle/internal/serialize/codecs/core/jos/JavaSerializationEncodingLookup writeReplaceMethodFrom (Ljava/util/List;)Ljava/lang/reflect/Method; 4 <appendix> argL0 ; # org/gradle/internal/serialize/codecs/core/jos/JavaSerializationEncodingLookup$$Lambda+0x00000179398635b0
instanceKlass org/gradle/internal/serialize/codecs/core/jos/MethodCacheKt
instanceKlass org/gradle/internal/serialize/codecs/core/jos/JavaSerializationEncodingLookup$encodingFor$1
instanceKlass org/gradle/internal/isolate/graph/EnvironmentEncoder$encodeClass$1
instanceKlass org/gradle/internal/cc/base/exceptions/ConfigurationCacheThrowable
instanceKlass  @bci org/gradle/internal/isolate/actions/services/IsolatedActionCodecsFactory fixedValueReplacingProviderCodec ()Lorg/gradle/internal/serialize/codecs/core/FixedValueReplacingProviderCodec; 8 <appendix> member <vmtarget> ; # org/gradle/internal/isolate/actions/services/IsolatedActionCodecsFactory$$Lambda+0x00000179398623a0
instanceKlass  @bci org/gradle/internal/isolate/actions/services/IsolatedActionCodecsFactory isolationCodecs ()Lorg/gradle/internal/serialize/graph/Codec; 4 <appendix> member <vmtarget> ; # org/gradle/internal/isolate/actions/services/IsolatedActionCodecsFactory$$Lambda+0x0000017939861100
instanceKlass org/gradle/internal/isolate/graph/EnvironmentEncoder
# instanceKlass java/lang/invoke/LambdaForm$MH+0x0000017939874c00
instanceKlass org/gradle/internal/isolate/graph/IsolatedActionSerializer
instanceKlass org/gradle/internal/isolate/actions/services/IsolatedProjectActions
instanceKlass org/gradle/initialization/NotifyingBuildLoader$3$1
instanceKlass org/gradle/initialization/NotifyProjectsLoadedBuildOperationType$Details
instanceKlass org/gradle/initialization/NotifyingBuildLoader$3
instanceKlass org/gradle/initialization/NotifyingBuildLoader$BuildStructureOperationResult
instanceKlass org/gradle/initialization/LoadProjectsBuildOperationType$Result
instanceKlass org/gradle/initialization/NotifyingBuildLoader$DefaultProjectsIdentifiedProgressDetails
instanceKlass org/gradle/initialization/ProjectsIdentifiedProgressDetails
instanceKlass  @bci org/gradle/initialization/BuildStructureOperationProject <clinit> ()V 0 <appendix> argL0 ; # org/gradle/initialization/BuildStructureOperationProject$$Lambda+0x0000017939872350
instanceKlass org/gradle/initialization/BuildStructureOperationProject
instanceKlass  @bci org/gradle/api/internal/project/DefaultProjectStateRegistry$ProjectStateImpl getChildProjects ()Ljava/util/Set; 4 <appendix> argL0 ; # org/gradle/api/internal/project/DefaultProjectStateRegistry$ProjectStateImpl$$Lambda+0x0000017939871e60
instanceKlass  @bci org/gradle/initialization/ProjectPropertySettingBuildLoader installProjectExtraPropertiesDefaults (Lorg/gradle/api/internal/project/ProjectInternal;Lorg/gradle/api/internal/properties/GradleProperties;Ljava/util/Set;)V 22 <appendix> member <vmtarget> ; # org/gradle/initialization/ProjectPropertySettingBuildLoader$$Lambda+0x0000017939871bf8
instanceKlass org/gradle/api/internal/lambdas/SerializableLambdas$SerializablePredicate
instanceKlass org/gradle/initialization/properties/FilteringGradleProperties
instanceKlass org/gradle/internal/cc/impl/fingerprint/ConfigurationCacheFingerprintWriter$FineGrainedPropertyTracking$shouldTrackGradlePropertyInput$1
# instanceKlass java/lang/invoke/LambdaForm$MH+0x0000017939874800
# instanceKlass java/lang/invoke/LambdaForm$MH+0x0000017939874400
# instanceKlass java/lang/invoke/LambdaForm$MH+0x0000017939874000
instanceKlass kotlin/coroutines/SafeContinuation$Companion
instanceKlass kotlin/coroutines/SafeContinuation
instanceKlass org/gradle/api/internal/properties/DefaultGradlePropertiesController$ProjectPropertyScope
instanceKlass org/gradle/api/internal/properties/GradlePropertyScope$Project
instanceKlass  @bci org/gradle/api/internal/properties/DefaultGradlePropertiesController getOrCreateGradleProperties (Lorg/gradle/api/internal/project/ProjectIdentity;)Lorg/gradle/api/internal/properties/DefaultGradlePropertiesController$ProjectScopedGradleProperties; 6 <appendix> member <vmtarget> ; # org/gradle/api/internal/properties/DefaultGradlePropertiesController$$Lambda+0x0000017939870ac0
instanceKlass  @bci org/gradle/api/internal/project/ProjectFactory createProject (Lorg/gradle/api/internal/GradleInternal;Lorg/gradle/api/initialization/ProjectDescriptor;Lorg/gradle/api/internal/project/ProjectState;Lorg/gradle/api/internal/project/ProjectInternal;Lorg/gradle/internal/service/scopes/ServiceRegistryFactory;Lorg/gradle/api/internal/initialization/ClassLoaderScope;Lorg/gradle/api/internal/initialization/ClassLoaderScope;)Lorg/gradle/api/internal/project/ProjectInternal; 166 <appendix> member <vmtarget> ; # org/gradle/api/internal/project/ProjectFactory$$Lambda+0x0000017939870630
instanceKlass  @bci org/gradle/api/internal/project/DefaultProject_Decorated $gradleInit ()V 1 <appendix> member <vmtarget> ; # org/gradle/api/internal/project/DefaultProject_Decorated$$Lambda+0x0000017939870220
instanceKlass  @bci org/gradle/api/internal/project/DefaultProject <init> (Ljava/lang/String;Lorg/gradle/api/internal/project/ProjectInternal;Ljava/io/File;Ljava/io/File;Lorg/gradle/groovy/scripts/ScriptSource;Lorg/gradle/api/internal/GradleInternal;Lorg/gradle/api/internal/project/ProjectState;Lorg/gradle/internal/service/scopes/ServiceRegistryFactory;Lorg/gradle/api/internal/initialization/ClassLoaderScope;Lorg/gradle/api/internal/initialization/ClassLoaderScope;)V 356 <appendix> member <vmtarget> ; # org/gradle/api/internal/project/DefaultProject$$Lambda+0x0000017939870000
instanceKlass  @bci org/gradle/plugin/software/internal/SoftwareFeaturesDynamicObject_Decorated $gradleInit ()V 1 <appendix> member <vmtarget> ; # org/gradle/plugin/software/internal/SoftwareFeaturesDynamicObject_Decorated$$Lambda+0x0000017939867bc8
instanceKlass org/gradle/plugin/software/internal/SoftwareFeatureSupportInternal$DefaultProjectFeatureDefinitionContext
instanceKlass org/gradle/plugin/software/internal/SoftwareFeatureSupportInternal$DefaultProjectFeatureDefinitionContext$Factory
instanceKlass org/gradle/plugin/software/internal/SoftwareFeatureSupportInternal$ProjectFeatureDefinitionContext
instanceKlass org/gradle/plugin/software/internal/SoftwareFeatureSupportInternal
# instanceKlass java/lang/invoke/LambdaForm$MH+0x000001793986f800
# instanceKlass java/lang/invoke/LambdaForm$MH+0x000001793986f400
# instanceKlass java/lang/invoke/LambdaForm$MH+0x000001793986f000
# instanceKlass java/lang/invoke/LambdaForm$MH+0x000001793986ec00
# instanceKlass java/lang/invoke/LambdaForm$MH+0x000001793986e800
# instanceKlass java/lang/invoke/LambdaForm$MH+0x000001793986e400
# instanceKlass java/lang/invoke/LambdaForm$MH+0x000001793986e000
instanceKlass org/gradle/plugin/software/internal/SoftwareFeatureImplementation
instanceKlass org/gradle/plugin/software/internal/DefaultSoftwareFeatureApplicator
# instanceKlass java/lang/invoke/LambdaForm$MH+0x000001793986dc00
# instanceKlass java/lang/invoke/LambdaForm$MH+0x000001793986d800
# instanceKlass java/lang/invoke/LambdaForm$MH+0x000001793986d400
# instanceKlass java/lang/invoke/LambdaForm$MH+0x000001793986d000
# instanceKlass java/lang/invoke/LambdaForm$MH+0x000001793986cc00
# instanceKlass java/lang/invoke/LambdaForm$MH+0x000001793986c800
# instanceKlass java/lang/invoke/LambdaForm$MH+0x000001793986c400
# instanceKlass java/lang/invoke/LambdaForm$MH+0x000001793986c000
instanceKlass org/gradle/api/internal/plugins/PluginInstantiator
instanceKlass org/gradle/api/internal/plugins/RuleBasedPluginTarget
# instanceKlass java/lang/invoke/LambdaForm$MH+0x000001793986bc00
# instanceKlass java/lang/invoke/LambdaForm$MH+0x000001793986b800
# instanceKlass java/lang/invoke/LambdaForm$MH+0x000001793986b400
# instanceKlass java/lang/invoke/LambdaForm$MH+0x000001793986b000
# instanceKlass java/lang/invoke/LambdaForm$MH+0x000001793986ac00
# instanceKlass java/lang/invoke/LambdaForm$MH+0x000001793986a800
# instanceKlass java/lang/invoke/LambdaForm$MH+0x000001793986a400
# instanceKlass java/lang/invoke/LambdaForm$MH+0x000001793986a000
# instanceKlass java/lang/invoke/LambdaForm$MH+0x0000017939869c00
# instanceKlass java/lang/invoke/LambdaForm$MH+0x0000017939869800
# instanceKlass java/lang/invoke/LambdaForm$MH+0x0000017939869400
# instanceKlass java/lang/invoke/LambdaForm$MH+0x0000017939869000
# instanceKlass java/lang/invoke/LambdaForm$MH+0x0000017939868c00
# instanceKlass java/lang/invoke/LambdaForm$MH+0x0000017939868800
# instanceKlass java/lang/invoke/LambdaForm$MH+0x0000017939868400
# instanceKlass java/lang/invoke/LambdaForm$MH+0x0000017939868000
instanceKlass org/gradle/model/internal/inspect/ModelRuleExtractor$CachedRuleSource
instanceKlass org/gradle/model/internal/inspect/MethodModelRuleExtractionContext
instanceKlass org/gradle/model/Rules
instanceKlass org/gradle/model/Validate
instanceKlass org/gradle/model/Finalize
instanceKlass org/gradle/model/Mutate
instanceKlass org/gradle/model/Defaults
instanceKlass org/gradle/model/internal/core/NodeInitializerRegistry
instanceKlass org/gradle/model/Model
instanceKlass org/gradle/model/internal/inspect/MethodModelRuleExtractors
instanceKlass org/gradle/model/internal/manage/instance/ManagedInstance
instanceKlass org/gradle/model/internal/manage/schema/extract/ManagedProxyClassGenerator$GeneratedView
instanceKlass org/gradle/model/internal/manage/instance/ModelElementState
instanceKlass org/gradle/model/internal/manage/instance/GeneratedViewState
instanceKlass org/gradle/model/internal/manage/binding/StructMethodBinding
instanceKlass org/gradle/model/internal/manage/binding/StructBindings
instanceKlass org/gradle/model/internal/manage/binding/StructBindingValidationProblemCollector
instanceKlass org/gradle/model/internal/manage/binding/DefaultStructBindingsStore
instanceKlass org/gradle/plugin/software/internal/DefaultModelDefaultsApplicator
instanceKlass org/gradle/platform/base/ComponentBinaries
instanceKlass org/gradle/platform/base/ComponentType
instanceKlass org/gradle/platform/base/VariantComponentSpec
instanceKlass org/gradle/platform/base/VariantComponent
instanceKlass org/gradle/platform/base/SourceComponentSpec
instanceKlass org/gradle/language/base/LanguageSourceSet
instanceKlass org/gradle/model/internal/typeregistration/BaseInstanceFactory
instanceKlass org/gradle/model/internal/typeregistration/InstanceFactory
instanceKlass org/gradle/model/internal/manage/schema/cache/ModelSchemaCache
instanceKlass org/gradle/model/internal/manage/schema/extract/DefaultModelSchemaStore
instanceKlass org/gradle/model/RuleSource
instanceKlass org/gradle/model/internal/manage/schema/extract/StructSchemaExtractionStrategySupport
instanceKlass org/gradle/model/internal/manage/schema/extract/JavaUtilCollectionStrategy
instanceKlass org/gradle/model/internal/manage/schema/extract/ModelMapStrategy
instanceKlass org/gradle/model/internal/manage/schema/extract/AbstractProxyClassGenerator
instanceKlass org/gradle/model/internal/manage/schema/extract/SpecializedMapStrategy
instanceKlass org/gradle/model/internal/type/WildcardTypeWrapper
instanceKlass org/gradle/model/internal/type/WildcardWrapper
instanceKlass org/gradle/model/ModelSet
instanceKlass org/gradle/model/internal/manage/schema/CompositeSchema
instanceKlass org/gradle/model/internal/manage/schema/AbstractModelSchema
instanceKlass org/gradle/model/internal/manage/schema/ManagedImplSchema
instanceKlass org/gradle/model/internal/manage/schema/extract/ModelSetStrategy
instanceKlass org/gradle/model/internal/manage/schema/extract/JdkValueTypeStrategy
instanceKlass org/gradle/model/internal/manage/schema/extract/EnumStrategy
instanceKlass org/gradle/model/internal/manage/schema/ModelSchema
instanceKlass org/gradle/model/internal/manage/schema/extract/PrimitiveStrategy
instanceKlass org/gradle/model/internal/manage/schema/extract/ModelSchemaExtractionContext
instanceKlass org/gradle/model/internal/manage/schema/extract/DefaultModelSchemaExtractor
instanceKlass org/gradle/platform/base/BinaryTasks
instanceKlass org/gradle/model/internal/core/ModelPath$Cache
instanceKlass org/gradle/platform/base/BinaryContainer
instanceKlass org/gradle/model/ModelMap
instanceKlass org/gradle/model/internal/inspect/ExtractedModelRule
instanceKlass org/gradle/model/internal/inspect/RuleSourceValidationProblemCollector
instanceKlass org/gradle/model/internal/inspect/AbstractAnnotationDrivenModelRuleExtractor
instanceKlass org/gradle/model/internal/manage/schema/extract/ModelSchemaAspect
instanceKlass org/gradle/platform/base/internal/VariantAspectExtractionStrategy
instanceKlass  @bci org/gradle/internal/declarativedsl/interpreter/defaults/DeclarativeModelDefaultsHandler_Decorated $gradleInit ()V 1 <appendix> member <vmtarget> ; # org/gradle/internal/declarativedsl/interpreter/defaults/DeclarativeModelDefaultsHandler_Decorated$$Lambda+0x0000017939857c28
instanceKlass org/gradle/internal/declarativedsl/defaults/SoftwareFeatureRegistryIntegrationKt$softwareFeatureRegistryBasedModelDefaultsRepository$1
instanceKlass org/gradle/internal/declarativedsl/defaults/SoftwareFeatureRegistryIntegrationKt
instanceKlass  @bci org/gradle/internal/declarativedsl/interpreter/defaults/DeclarativeModelDefaultsHandler <init> (Lorg/gradle/plugin/software/internal/SoftwareFeatureRegistry;Lorg/gradle/internal/declarativedsl/evaluationSchema/InterpretationSchemaBuilder;)V 18 <appendix> member <vmtarget> ; # org/gradle/internal/declarativedsl/interpreter/defaults/DeclarativeModelDefaultsHandler$$Lambda+0x00000179398575e8
instanceKlass org/gradle/internal/declarativedsl/evaluator/defaults/ModelDefaultsRepository
instanceKlass org/gradle/declarative/dsl/evaluation/InterpretationSequenceStep
instanceKlass org/gradle/plugin/software/internal/ModelDefaultsApplicator$ClassLoaderContext
instanceKlass org/gradle/internal/declarativedsl/interpreter/defaults/DeclarativeModelDefaultsHandler
# instanceKlass java/lang/invoke/LambdaForm$MH+0x0000017939855400
# instanceKlass java/lang/invoke/LambdaForm$MH+0x0000017939855000
instanceKlass org/gradle/internal/declarativedsl/interpreter/GradleProcessInterpretationSchemaBuilder
instanceKlass org/gradle/internal/declarativedsl/interpreter/StoringInterpretationSchemaBuilder
instanceKlass org/gradle/internal/declarativedsl/interpreter/MemoizedInterpretationSchemaBuilder
# instanceKlass java/lang/invoke/LambdaForm$MH+0x0000017939854c00
# instanceKlass java/lang/invoke/LambdaForm$MH+0x0000017939854800
# instanceKlass java/lang/invoke/LambdaForm$MH+0x0000017939854400
# instanceKlass java/lang/invoke/LambdaForm$MH+0x0000017939854000
# instanceKlass java/lang/invoke/LambdaForm$MH+0x0000017939853c00
# instanceKlass java/lang/invoke/LambdaForm$MH+0x0000017939853800
# instanceKlass java/lang/invoke/LambdaForm$MH+0x0000017939853400
instanceKlass org/gradle/internal/declarativedsl/interpreter/defaults/ActionBasedModelDefaultsHandler
# instanceKlass java/lang/invoke/LambdaForm$MH+0x0000017939853000
# instanceKlass java/lang/invoke/LambdaForm$MH+0x0000017939852c00
# instanceKlass java/lang/invoke/LambdaForm$MH+0x0000017939852800
# instanceKlass java/lang/invoke/LambdaForm$MH+0x0000017939852400
# instanceKlass java/lang/invoke/LambdaForm$MH+0x0000017939852000
# instanceKlass java/lang/invoke/LambdaForm$MH+0x0000017939851c00
# instanceKlass java/lang/invoke/LambdaForm$MH+0x0000017939851800
# instanceKlass java/lang/invoke/LambdaForm$MH+0x0000017939851400
# instanceKlass java/lang/invoke/LambdaForm$MH+0x0000017939851000
# instanceKlass java/lang/invoke/LambdaForm$MH+0x0000017939850c00
# instanceKlass java/lang/invoke/LambdaForm$MH+0x0000017939850800
# instanceKlass java/lang/invoke/LambdaForm$MH+0x0000017939850400
# instanceKlass java/lang/invoke/LambdaForm$MH+0x0000017939850000
instanceKlass org/gradle/internal/service/scopes/ProjectBackedPropertyHost
instanceKlass org/gradle/api/internal/project/ProjectScopedTaskResolver
instanceKlass  @bci org/gradle/api/internal/initialization/DefaultSharedModelDefaults_Decorated $gradleInit ()V 1 <appendix> member <vmtarget> ; # org/gradle/api/internal/initialization/DefaultSharedModelDefaults_Decorated$$Lambda+0x000001793984f0e8
instanceKlass org/gradle/api/internal/initialization/DefaultSharedModelDefaults$DynamicMethods
instanceKlass org/gradle/plugin/software/internal/ModelDefault
instanceKlass org/gradle/api/internal/initialization/DefaultSharedModelDefaults
instanceKlass org/gradle/api/initialization/internal/SharedModelDefaultsInternal
instanceKlass org/gradle/internal/extensibility/ExtensibleDynamicObject$2
instanceKlass  @bci org/gradle/api/internal/project/DefaultProject <init> (Ljava/lang/String;Lorg/gradle/api/internal/project/ProjectInternal;Ljava/io/File;Ljava/io/File;Lorg/gradle/groovy/scripts/ScriptSource;Lorg/gradle/api/internal/GradleInternal;Lorg/gradle/api/internal/project/ProjectState;Lorg/gradle/internal/service/scopes/ServiceRegistryFactory;Lorg/gradle/api/internal/initialization/ClassLoaderScope;Lorg/gradle/api/internal/initialization/ClassLoaderScope;)V 209 <appendix> member <vmtarget> ; # org/gradle/api/internal/project/DefaultProject$$Lambda+0x000001793984bbe8
instanceKlass org/gradle/internal/BiAction
instanceKlass org/gradle/api/internal/tasks/DefaultTaskContainerFactory$1
instanceKlass  @bci org/gradle/api/internal/tasks/DefaultTaskContainer_Decorated $gradleInit ()V 1 <appendix> member <vmtarget> ; # org/gradle/api/internal/tasks/DefaultTaskContainer_Decorated$$Lambda+0x000001793984b5a8
# instanceKlass java/lang/invoke/LambdaForm$MH+0x000001793984dc00
# instanceKlass java/lang/invoke/LambdaForm$MH+0x000001793984d800
# instanceKlass java/lang/invoke/LambdaForm$MH+0x000001793984d400
# instanceKlass java/lang/invoke/LambdaForm$MH+0x000001793984d000
# instanceKlass java/lang/invoke/LambdaForm$MH+0x000001793984cc00
# instanceKlass java/lang/invoke/LambdaForm$MH+0x000001793984c800
# instanceKlass java/lang/invoke/LambdaForm$MH+0x000001793984c400
# instanceKlass java/lang/invoke/LambdaForm$MH+0x000001793984c000
instanceKlass org/gradle/api/internal/tasks/DefaultTaskContainer$7
instanceKlass org/gradle/api/internal/tasks/DefaultTaskContainer$6
instanceKlass org/gradle/model/internal/core/MutableModelNode
instanceKlass org/gradle/model/internal/core/ModelNode
instanceKlass org/gradle/model/internal/core/ModelPath
instanceKlass org/gradle/api/tasks/TaskProvider
instanceKlass org/gradle/api/internal/project/taskfactory/TaskIdentity
instanceKlass org/gradle/api/internal/tasks/RealizeTaskBuildOperationType$Result
instanceKlass org/gradle/api/internal/tasks/RegisterTaskBuildOperationType$Result
instanceKlass org/gradle/model/internal/core/rule/describe/SimpleModelRuleDescriptor$1
instanceKlass org/gradle/internal/Factories$2
instanceKlass org/gradle/model/internal/core/rule/describe/AbstractModelRuleDescriptor
instanceKlass org/gradle/model/internal/core/rule/describe/ModelRuleDescriptor
instanceKlass org/gradle/model/internal/core/ModelReference
instanceKlass org/gradle/api/internal/tasks/DefaultTaskContainerFactory
# instanceKlass java/lang/invoke/LambdaForm$MH+0x0000017939845c00
# instanceKlass java/lang/invoke/LambdaForm$MH+0x0000017939845800
# instanceKlass java/lang/invoke/LambdaForm$MH+0x0000017939845400
# instanceKlass java/lang/invoke/LambdaForm$MH+0x0000017939845000
# instanceKlass java/lang/invoke/LambdaForm$MH+0x0000017939844c00
# instanceKlass java/lang/invoke/LambdaForm$MH+0x0000017939844800
# instanceKlass java/lang/invoke/LambdaForm$MH+0x0000017939844400
# instanceKlass java/lang/invoke/LambdaForm$MH+0x0000017939844000
instanceKlass org/gradle/api/internal/project/DefaultCrossProjectModelAccess
instanceKlass org/gradle/api/internal/project/taskfactory/TaskFactory
instanceKlass org/gradle/api/internal/project/taskfactory/AnnotationProcessingTaskFactory
instanceKlass org/gradle/api/internal/project/taskfactory/TaskActionFactory
instanceKlass org/gradle/api/internal/project/taskfactory/DefaultTaskClassInfoStore
instanceKlass org/gradle/workers/internal/BuildOperationAwareWorker
instanceKlass org/gradle/workers/internal/WorkersServices$ProjectScopeServices
instanceKlass org/gradle/plugins/ide/internal/DefaultIdeArtifactRegistry
instanceKlass org/gradle/plugins/ide/internal/IdeArtifactRegistry
instanceKlass org/gradle/plugin/software/internal/ModelDefaultsApplicator
instanceKlass org/gradle/plugin/software/internal/SoftwareFeatureApplicator
instanceKlass org/gradle/plugin/internal/PluginUseServices$ProjectScopeServices
instanceKlass org/gradle/nativeplatform/internal/CompilerOutputFileNamingSchemeFactory
instanceKlass org/gradle/nativeplatform/internal/services/NativeBinaryServices$ProjectCompilerServices
instanceKlass org/gradle/language/internal/DefaultNativeComponentFactory
instanceKlass org/gradle/language/internal/NativeComponentFactory
instanceKlass org/gradle/nativeplatform/toolchain/NativeToolChainRegistry
instanceKlass org/gradle/platform/base/ToolChainRegistry
instanceKlass org/gradle/language/nativeplatform/internal/toolchains/ToolChainSelector$Result
instanceKlass org/gradle/language/nativeplatform/internal/toolchains/DefaultToolChainSelector
instanceKlass org/gradle/language/nativeplatform/internal/toolchains/ToolChainSelector
instanceKlass org/gradle/language/nativeplatform/internal/incremental/IncrementalCompilerBuilder$IncrementalCompiler
instanceKlass org/gradle/language/nativeplatform/internal/incremental/DefaultIncrementalCompilerBuilder
instanceKlass org/gradle/language/nativeplatform/internal/incremental/IncrementalCompilerBuilder
instanceKlass org/gradle/api/plugins/jvm/internal/DefaultJvmPluginServices
instanceKlass org/gradle/api/plugins/jvm/internal/JvmPluginServices
instanceKlass org/gradle/api/plugins/jvm/internal/JvmEcosystemUtilities
instanceKlass org/gradle/language/jvm/internal/JvmLanguageServices$ProjectScopeServices
instanceKlass org/gradle/language/java/internal/JavadocServices$JavadocProjectScopeServices
instanceKlass org/gradle/language/java/internal/JavaToolchainServices$ProjectScopeCompileServices
instanceKlass org/gradle/jvm/toolchain/internal/ToolchainToolFactory
instanceKlass org/gradle/jvm/toolchain/internal/JavaCompilerFactory
instanceKlass org/gradle/jvm/toolchain/JavaCompiler
instanceKlass org/gradle/jvm/toolchain/internal/DefaultJavaToolchainService
instanceKlass org/gradle/jvm/toolchain/JavaToolchainService
instanceKlass org/gradle/jvm/toolchain/internal/DefaultJavaToolchainResolverService
instanceKlass org/gradle/jvm/toolchain/internal/JavaToolchainResolverService
instanceKlass org/gradle/internal/snapshot/Snapshot
instanceKlass org/gradle/internal/snapshot/impl/DefaultSnapshottingService
instanceKlass org/gradle/internal/snapshot/SnapshottingService
instanceKlass org/gradle/internal/enterprise/test/TestTaskFilters
instanceKlass org/gradle/internal/enterprise/test/TestTaskForkOptions
instanceKlass org/gradle/internal/enterprise/test/TestTaskProperties
instanceKlass org/gradle/internal/enterprise/test/impl/DefaultTestTaskPropertiesService
instanceKlass org/gradle/internal/enterprise/test/TestTaskPropertiesService
instanceKlass org/gradle/internal/declarativedsl/provider/ProjectServices
instanceKlass org/gradle/internal/buildconfiguration/tasks/DaemonJvmPropertiesModifier
instanceKlass org/gradle/internal/buildconfiguration/services/BuildConfigurationServices$ProjectScopeServices
instanceKlass org/gradle/buildinit/plugins/internal/ProjectLayoutSetupRegistry
instanceKlass org/gradle/workers/WorkerExecutor
instanceKlass org/gradle/buildinit/plugins/internal/services/BuildInitServices$1
instanceKlass org/gradle/api/publish/maven/internal/publisher/MavenDuplicatePublicationTracker
instanceKlass org/gradle/api/publish/ivy/internal/publisher/IvyDuplicatePublicationTracker
instanceKlass org/gradle/api/plugins/jvm/internal/DefaultJvmLanguageUtilities
instanceKlass org/gradle/api/plugins/jvm/internal/JvmLanguageUtilities
instanceKlass org/gradle/api/internal/tasks/compile/GroovyCompilerFactory
instanceKlass org/gradle/language/base/internal/compile/CompilerFactory
instanceKlass org/gradle/workers/internal/IsolatedClassloaderWorkerFactory
instanceKlass org/gradle/workers/internal/WorkerDaemonFactory
instanceKlass org/gradle/workers/internal/WorkerFactory
instanceKlass org/gradle/api/internal/tasks/compile/GroovyServices$ProjectServices
instanceKlass org/gradle/api/internal/artifacts/DependencyManagementProjectScopeServices
instanceKlass org/gradle/normalization/internal/RuntimeClasspathNormalizationInternal
instanceKlass org/gradle/normalization/RuntimeClasspathNormalization
instanceKlass org/gradle/normalization/InputNormalization
instanceKlass org/gradle/api/internal/project/taskfactory/TaskInstantiator
instanceKlass org/gradle/model/internal/core/NamedEntityInstantiator
instanceKlass org/gradle/api/internal/file/DefaultProjectLayout
instanceKlass org/gradle/api/internal/file/TaskFileVarFactory
instanceKlass org/gradle/internal/service/scopes/WorkerSharedProjectScopeServices
instanceKlass org/gradle/internal/typeconversion/TypeConverter
instanceKlass org/gradle/api/internal/project/ant/AntLoggingAdapterFactory
instanceKlass org/gradle/internal/service/scopes/ProjectScopeServices
# instanceKlass java/lang/invoke/LambdaForm$MH+0x0000017939833000
# instanceKlass java/lang/invoke/LambdaForm$MH+0x0000017939832c00
# instanceKlass java/lang/invoke/LambdaForm$MH+0x0000017939832800
# instanceKlass java/lang/invoke/LambdaForm$MH+0x0000017939832400
# instanceKlass java/lang/invoke/LambdaForm$MH+0x0000017939832000
# instanceKlass java/lang/invoke/LambdaForm$MH+0x0000017939831c00
# instanceKlass java/lang/invoke/LambdaForm$MH+0x0000017939831800
# instanceKlass java/lang/invoke/LambdaForm$MH+0x0000017939831400
# instanceKlass java/lang/invoke/LambdaForm$MH+0x0000017939831000
# instanceKlass java/lang/invoke/LambdaForm$MH+0x0000017939830c00
instanceKlass org/gradle/api/internal/project/DeferredProjectConfiguration
instanceKlass org/gradle/api/internal/project/AntBuilderFactory
# instanceKlass java/lang/invoke/LambdaForm$MH+0x0000017939830800
# instanceKlass java/lang/invoke/LambdaForm$MH+0x0000017939830400
# instanceKlass java/lang/invoke/LambdaForm$MH+0x0000017939830000
instanceKlass org/gradle/internal/cc/impl/fingerprint/ProjectSpecificFingerprint
instanceKlass org/gradle/internal/cc/impl/fingerprint/ConfigurationCacheFingerprintWriter$runCollectingFingerprintForProject$projectSink$1
instanceKlass  @bci org/gradle/internal/cc/impl/fingerprint/ConfigurationCacheFingerprintController resolveScriptsForProject (Lorg/gradle/api/internal/project/ProjectIdentity;Ljava/util/function/Supplier;)Ljava/lang/Object; 18 <appendix> member <vmtarget> ; # org/gradle/internal/cc/impl/fingerprint/ConfigurationCacheFingerprintController$$Lambda+0x000001793982e468
instanceKlass  @bci org/gradle/api/internal/project/ProjectFactory createProject (Lorg/gradle/api/internal/GradleInternal;Lorg/gradle/api/initialization/ProjectDescriptor;Lorg/gradle/api/internal/project/ProjectState;Lorg/gradle/api/internal/project/ProjectInternal;Lorg/gradle/internal/service/scopes/ServiceRegistryFactory;Lorg/gradle/api/internal/initialization/ClassLoaderScope;Lorg/gradle/api/internal/initialization/ClassLoaderScope;)Lorg/gradle/api/internal/project/ProjectInternal; 16 <appendix> member <vmtarget> ; # org/gradle/api/internal/project/ProjectFactory$$Lambda+0x000001793982d660
instanceKlass  @bci org/gradle/api/internal/project/ProjectLifecycleController lambda$createMutableModel$1 (Lorg/gradle/api/internal/project/ProjectState;Lorg/gradle/api/internal/project/IProjectFactory;Lorg/gradle/internal/build/BuildState;Lorg/gradle/initialization/ProjectDescriptorInternal;Lorg/gradle/api/internal/initialization/ClassLoaderScope;Lorg/gradle/api/internal/initialization/ClassLoaderScope;)V 27 <appendix> member <vmtarget> ; # org/gradle/api/internal/project/ProjectLifecycleController$$Lambda+0x000001793982d440
instanceKlass  @bci org/gradle/internal/model/StateTransitionController transition (Lorg/gradle/internal/model/StateTransitionController$State;Lorg/gradle/internal/model/StateTransitionController$State;Ljava/lang/Runnable;)V 8 <appendix> member <vmtarget> ; # org/gradle/internal/model/StateTransitionController$$Lambda+0x000001793982d220
instanceKlass  @bci org/gradle/api/internal/project/ProjectLifecycleController createMutableModel (Lorg/gradle/initialization/ProjectDescriptorInternal;Lorg/gradle/internal/build/BuildState;Lorg/gradle/api/internal/project/ProjectState;Lorg/gradle/api/internal/initialization/ClassLoaderScope;Lorg/gradle/api/internal/initialization/ClassLoaderScope;Lorg/gradle/api/internal/project/IProjectFactory;)V 20 <appendix> member <vmtarget> ; # org/gradle/api/internal/project/ProjectLifecycleController$$Lambda+0x000001793982d000
instanceKlass org/gradle/initialization/NotifyingBuildLoader$2$1
instanceKlass org/gradle/initialization/LoadProjectsBuildOperationType$Details
instanceKlass org/gradle/initialization/LoadProjectsBuildOperationType$Result$Project
instanceKlass org/gradle/initialization/ProjectsIdentifiedProgressDetails$Project
instanceKlass org/gradle/initialization/NotifyingBuildLoader$2
instanceKlass  @bci org/gradle/api/internal/catalog/DefaultDependenciesAccessors generateAccessors (Ljava/util/List;Lorg/gradle/api/internal/initialization/ClassLoaderScope;Lorg/gradle/api/initialization/Settings;)V 80 <appendix> argL0 ; # org/gradle/api/internal/catalog/DefaultDependenciesAccessors$$Lambda+0x000001793982e220
instanceKlass  @bci org/gradle/api/internal/catalog/DefaultDependenciesAccessors_Decorated $gradleInit ()V 1 <appendix> member <vmtarget> ; # org/gradle/api/internal/catalog/DefaultDependenciesAccessors_Decorated$$Lambda+0x000001793982e000
# instanceKlass java/lang/invoke/LambdaForm$MH+0x000001793982cc00
# instanceKlass java/lang/invoke/LambdaForm$MH+0x000001793982c800
# instanceKlass java/lang/invoke/LambdaForm$MH+0x000001793982c400
# instanceKlass java/lang/invoke/LambdaForm$MH+0x000001793982c000
# instanceKlass java/lang/invoke/LambdaForm$MH+0x000001793982bc00
# instanceKlass java/lang/invoke/LambdaForm$MH+0x000001793982b800
# instanceKlass java/lang/invoke/LambdaForm$MH+0x000001793982b400
# instanceKlass java/lang/invoke/LambdaForm$MH+0x000001793982b000
# instanceKlass java/lang/invoke/LambdaForm$MH+0x000001793982ac00
# instanceKlass java/lang/invoke/LambdaForm$MH+0x000001793982a800
instanceKlass org/gradle/api/internal/catalog/DefaultVersionCatalog
instanceKlass org/gradle/api/internal/catalog/DefaultDependenciesAccessors
# instanceKlass java/lang/invoke/LambdaForm$MH+0x000001793982a400
# instanceKlass java/lang/invoke/LambdaForm$MH+0x000001793982a000
# instanceKlass java/lang/invoke/LambdaForm$MH+0x0000017939829c00
# instanceKlass java/lang/invoke/LambdaForm$MH+0x0000017939829800
# instanceKlass java/lang/invoke/LambdaForm$MH+0x0000017939829400
# instanceKlass java/lang/invoke/LambdaForm$MH+0x0000017939829000
# instanceKlass java/lang/invoke/LambdaForm$MH+0x0000017939828c00
# instanceKlass java/lang/invoke/LambdaForm$MH+0x0000017939828800
# instanceKlass java/lang/invoke/LambdaForm$MH+0x0000017939828400
# instanceKlass java/lang/invoke/LambdaForm$MH+0x0000017939828000
instanceKlass org/gradle/configuration/BuildOperationFiringProjectsPreparer$ConfigureBuild$1
instanceKlass org/gradle/initialization/ConfigureBuildBuildOperationType$Details
instanceKlass org/gradle/configuration/BuildOperationFiringProjectsPreparer$ConfigureBuild
instanceKlass  @bci org/gradle/initialization/VintageBuildModelController prepareProjects ()V 11 <appendix> member <vmtarget> ; # org/gradle/initialization/VintageBuildModelController$$Lambda+0x0000017939826b80
instanceKlass org/gradle/api/internal/artifacts/DefaultProjectComponentIdentifier
instanceKlass org/gradle/api/internal/project/ProjectLifecycleController
instanceKlass org/gradle/internal/resources/TaskExecutionLockRegistry$1
instanceKlass org/gradle/internal/resources/ProjectLockRegistry$2
instanceKlass org/gradle/internal/resources/LockCache$1
instanceKlass org/gradle/internal/resources/ProjectLockRegistry$1
instanceKlass  @bci org/gradle/api/internal/project/DefaultProjectStateRegistry$ProjectStateImpl <init> (Lorg/gradle/api/internal/project/DefaultProjectStateRegistry;Lorg/gradle/internal/build/BuildState;Lorg/gradle/api/internal/project/ProjectIdentity;Lorg/gradle/initialization/ProjectDescriptorInternal;Lorg/gradle/api/internal/project/IProjectFactory;Lorg/gradle/internal/model/StateTransitionControllerFactory;Lorg/gradle/internal/service/ServiceRegistry;)V 25 <appendix> member <vmtarget> ; # org/gradle/api/internal/project/DefaultProjectStateRegistry$ProjectStateImpl$$Lambda+0x0000017939823ea8
instanceKlass org/gradle/api/internal/project/DefaultProjectStateRegistry$ProjectStateImpl
instanceKlass org/gradle/api/internal/project/DefaultProjectStateRegistry$DefaultBuildProjectRegistry
instanceKlass org/gradle/internal/build/BuildProjectRegistry
instanceKlass org/gradle/initialization/AbstractProjectSpec
instanceKlass org/gradle/initialization/ProjectSpec
instanceKlass org/gradle/initialization/ProjectSpecs
instanceKlass  @bci org/gradle/initialization/DefaultSettingsLoader validate (Lorg/gradle/api/internal/SettingsInternal;)V 13 <appendix> member <vmtarget> ; # org/gradle/initialization/DefaultSettingsLoader$$Lambda+0x0000017939822b50
instanceKlass org/gradle/caching/internal/services/AbstractBuildCacheControllerFactory$ResultImpl
instanceKlass org/gradle/caching/internal/FinalizeBuildCacheConfigurationBuildOperationType$Result
instanceKlass org/gradle/caching/internal/services/AbstractBuildCacheControllerFactory$DetailsImpl
instanceKlass org/gradle/caching/internal/FinalizeBuildCacheConfigurationBuildOperationType$Details
instanceKlass org/gradle/caching/internal/FinalizeBuildCacheConfigurationBuildOperationType$Result$BuildCacheDescription
instanceKlass org/gradle/caching/internal/services/AbstractBuildCacheControllerFactory$1
instanceKlass  @bci org/gradle/caching/configuration/internal/DefaultBuildCacheConfiguration_Decorated $gradleInit ()V 1 <appendix> member <vmtarget> ; # org/gradle/caching/configuration/internal/DefaultBuildCacheConfiguration_Decorated$$Lambda+0x0000017939821408
instanceKlass  @bci org/gradle/caching/local/DirectoryBuildCache_Decorated $gradleInit ()V 1 <appendix> member <vmtarget> ; # org/gradle/caching/local/DirectoryBuildCache_Decorated$$Lambda+0x00000179398211e8
instanceKlass org/gradle/caching/configuration/internal/DefaultBuildCacheConfiguration
instanceKlass org/gradle/caching/local/internal/DirectoryBuildCacheServiceFactory
instanceKlass  @bci org/gradle/initialization/DefaultToolchainManagement preventFromFurtherMutation ()V 44 <appendix> argL0 ; # org/gradle/initialization/DefaultToolchainManagement$$Lambda+0x0000017939820000
instanceKlass  @bci org/gradle/initialization/DefaultToolchainManagement preventFromFurtherMutation ()V 34 <appendix> argL0 ; # org/gradle/initialization/DefaultToolchainManagement$$Lambda+0x000001793981fcd0
instanceKlass  @bci org/gradle/initialization/DefaultToolchainManagement preventFromFurtherMutation ()V 24 <appendix> argL0 ; # org/gradle/initialization/DefaultToolchainManagement$$Lambda+0x000001793981fa88
instanceKlass  @bci org/gradle/internal/management/DefaultDependencyResolutionManagement preventFromFurtherMutation ()V 25 <appendix> member <vmtarget> ; # org/gradle/internal/management/DefaultDependencyResolutionManagement$$Lambda+0x00000179397cf530
instanceKlass  @bci org/gradle/internal/management/DefaultDependencyResolutionManagement preventFromFurtherMutation ()V 12 <appendix> member <vmtarget> ; # org/gradle/internal/management/DefaultDependencyResolutionManagement$$Lambda+0x00000179397cf310
instanceKlass org/gradle/internal/time/TimeFormatting
instanceKlass org/gradle/util/internal/NameValidator
instanceKlass org/gradle/api/initialization/ConfigurableIncludedBuild
instanceKlass org/gradle/plugin/use/internal/PluginRequestCollector
instanceKlass  @bci org/gradle/plugin/management/internal/argumentloaded/ArgumentSourcedPluginHandler getArgumentSourcedPlugins ()Lorg/gradle/plugin/management/internal/PluginRequests; 12 <appendix> member <vmtarget> ; # org/gradle/plugin/management/internal/argumentloaded/ArgumentSourcedPluginHandler$$Lambda+0x000001793981ee50
instanceKlass  @bci org/gradle/plugin/management/internal/autoapply/CompositeAutoAppliedPluginRegistry getAutoAppliedPlugins (Lorg/gradle/api/initialization/Settings;)Lorg/gradle/plugin/management/internal/PluginRequests; 23 <appendix> argL0 ; # org/gradle/plugin/management/internal/autoapply/CompositeAutoAppliedPluginRegistry$$Lambda+0x00000179397cf0d0
instanceKlass  @bci org/gradle/plugin/management/internal/autoapply/CompositeAutoAppliedPluginRegistry getAutoAppliedPlugins (Lorg/gradle/api/initialization/Settings;)Lorg/gradle/plugin/management/internal/PluginRequests; 10 <appendix> member <vmtarget> ; # org/gradle/plugin/management/internal/autoapply/CompositeAutoAppliedPluginRegistry$$Lambda+0x00000179397cee90
instanceKlass org/gradle/api/internal/plugins/SoftwareFeatureRegistrationPluginTarget
# instanceKlass java/lang/invoke/LambdaForm$MH+0x000001793981b400
# instanceKlass java/lang/invoke/LambdaForm$MH+0x000001793981b000
# instanceKlass java/lang/invoke/LambdaForm$MH+0x000001793981ac00
# instanceKlass java/lang/invoke/LambdaForm$MH+0x000001793981a800
# instanceKlass java/lang/invoke/LambdaForm$MH+0x000001793981a400
# instanceKlass java/lang/invoke/LambdaForm$MH+0x000001793981a000
# instanceKlass java/lang/invoke/LambdaForm$MH+0x0000017939819c00
# instanceKlass java/lang/invoke/LambdaForm$MH+0x0000017939819800
# instanceKlass java/lang/invoke/LambdaForm$MH+0x0000017939819400
# instanceKlass java/lang/invoke/LambdaForm$MH+0x0000017939819000
# instanceKlass java/lang/invoke/LambdaForm$MH+0x0000017939818c00
# instanceKlass java/lang/invoke/LambdaForm$MH+0x0000017939818800
instanceKlass org/gradle/api/internal/cache/CacheDirUtil
instanceKlass  @bci org/gradle/api/internal/cache/DefaultCacheConfigurations$ContextualErrorMessageProperty set (Lorg/gradle/api/provider/Provider;)V 3 <appendix> member <vmtarget> ; # org/gradle/api/internal/cache/DefaultCacheConfigurations$ContextualErrorMessageProperty$$Lambda+0x000001793981dd78
instanceKlass  @bci org/gradle/api/internal/cache/DefaultCacheConfigurations$ContextualErrorMessageProperty value (Lorg/gradle/api/provider/Provider;)Lorg/gradle/api/internal/cache/DefaultCacheConfigurations$ContextualErrorMessageProperty; 3 <appendix> member <vmtarget> ; # org/gradle/api/internal/cache/DefaultCacheConfigurations$ContextualErrorMessageProperty$$Lambda+0x000001793981db58
instanceKlass org/gradle/internal/event/DefaultListenerManager$ExclusiveEventBroadcast$2
instanceKlass org/gradle/internal/event/BroadcastDispatch$ActionInvocationHandler
instanceKlass  @bci org/gradle/internal/operations/notify/BuildOperationNotificationBridge$2 beforeSettings (Lorg/gradle/api/initialization/Settings;)V 21 <appendix> member <vmtarget> ; # org/gradle/internal/operations/notify/BuildOperationNotificationBridge$2$$Lambda+0x000001793981d4d0
instanceKlass  @bci org/gradle/initialization/DefaultSettings_Decorated $gradleInit ()V 1 <appendix> member <vmtarget> ; # org/gradle/initialization/DefaultSettings_Decorated$$Lambda+0x000001793981d2b0
instanceKlass  @bci org/gradle/initialization/DefaultToolchainManagement_Decorated $gradleInit ()V 1 <appendix> member <vmtarget> ; # org/gradle/initialization/DefaultToolchainManagement_Decorated$$Lambda+0x000001793981d090
instanceKlass org/gradle/initialization/DefaultToolchainManagement
instanceKlass org/gradle/initialization/DefaultProjectDescriptor
instanceKlass  @bci java/io/WinNTFileSystem listRoots ()[Ljava/io/File; 38 <appendix> argL0 ; # java/io/WinNTFileSystem$$Lambda+0x00000179396c63a8
instanceKlass  @bci java/io/WinNTFileSystem listRoots ()[Ljava/io/File; 28 <appendix> member <vmtarget> ; # java/io/WinNTFileSystem$$Lambda+0x00000179396c6158
instanceKlass  @bci java/io/WinNTFileSystem listRoots ()[Ljava/io/File; 17 <appendix> member <vmtarget> ; # java/io/WinNTFileSystem$$Lambda+0x00000179396c5a48
instanceKlass java/util/BitSet$1BitSetSpliterator
instanceKlass org/gradle/initialization/DefaultProjectDescriptorRegistry
instanceKlass org/gradle/vcs/VcsMappings
instanceKlass org/gradle/vcs/internal/services/VersionControlServices$VersionControlSettingsServices
instanceKlass org/gradle/plugin/internal/PluginUseServices$SettingsScopeServices
instanceKlass org/gradle/internal/service/scopes/SettingsScopeServices
# instanceKlass java/lang/invoke/LambdaForm$MH+0x0000017939818400
# instanceKlass java/lang/invoke/LambdaForm$MH+0x0000017939818000
# instanceKlass java/lang/invoke/LambdaForm$MH+0x0000017939815c00
# instanceKlass java/lang/invoke/LambdaForm$MH+0x0000017939815800
# instanceKlass java/lang/invoke/LambdaForm$MH+0x0000017939815400
# instanceKlass java/lang/invoke/LambdaForm$MH+0x0000017939815000
# instanceKlass java/lang/invoke/LambdaForm$MH+0x0000017939814c00
instanceKlass org/gradle/initialization/IncludedBuildSpec
instanceKlass org/gradle/plugin/management/PluginManagementSpec
instanceKlass org/gradle/initialization/ProjectDescriptorRegistry
instanceKlass org/gradle/vcs/SourceControl
instanceKlass org/gradle/api/file/BuildLayout
instanceKlass org/gradle/initialization/ProjectDescriptorInternal
instanceKlass org/gradle/api/initialization/ProjectDescriptor
instanceKlass org/gradle/initialization/SettingsFactory$SettingsServiceRegistryFactory
instanceKlass  @bci org/gradle/internal/configuration/problems/PropertyProblemKt writeStructuredMessage (Lorg/gradle/internal/cc/impl/problems/JsonWriter;Lorg/gradle/internal/configuration/problems/StructuredMessage;)V 21 <appendix> member <vmtarget> ; # org/gradle/internal/configuration/problems/PropertyProblemKt$$Lambda+0x0000017939813a68
instanceKlass org/gradle/internal/configuration/problems/PropertyProblemKt
instanceKlass  @bci org/gradle/internal/configuration/problems/DecoratedReportProblemJsonSource writeToJson$lambda$0$0$0 (Lorg/gradle/internal/cc/impl/problems/JsonWriter;Lorg/gradle/internal/configuration/problems/DecoratedReportProblemJsonSource;)Lkotlin/Unit; 23 <appendix> member <vmtarget> ; # org/gradle/internal/configuration/problems/DecoratedReportProblemJsonSource$$Lambda+0x0000017939813648
instanceKlass org/gradle/initialization/BuildOperationSettingsProcessor$2$1
instanceKlass org/gradle/initialization/EvaluateSettingsBuildOperationType$Details
instanceKlass org/gradle/initialization/BuildOperationSettingsProcessor$2
instanceKlass  @bci org/gradle/buildinit/plugins/internal/action/InitBuiltInCommand commandLineMatches (Ljava/util/List;)Z 15 <appendix> argL0 ; # org/gradle/buildinit/plugins/internal/action/InitBuiltInCommand$$Lambda+0x00000179397ce830
instanceKlass  @bci org/gradle/internal/cc/impl/problems/JsonWriter jsonObjectList$lambda$0 (Lorg/gradle/internal/cc/impl/problems/JsonWriter;Lkotlin/jvm/functions/Function1;Ljava/lang/Object;)Lkotlin/Unit; 3 <appendix> member <vmtarget> ; # org/gradle/internal/cc/impl/problems/JsonWriter$$Lambda+0x0000017939812738
instanceKlass  @bci org/gradle/internal/cc/impl/problems/JsonWriter jsonList (Ljava/util/Iterator;Lkotlin/jvm/functions/Function1;)V 42 <appendix> member <vmtarget> ; # org/gradle/internal/cc/impl/problems/JsonWriter$$Lambda+0x0000017939812518
instanceKlass  @bci org/gradle/internal/cc/impl/problems/JsonWriter jsonObjectList (Ljava/util/Iterator;Lkotlin/jvm/functions/Function1;)V 4 <appendix> member <vmtarget> ; # org/gradle/internal/cc/impl/problems/JsonWriter$$Lambda+0x00000179398122f8
instanceKlass  @bci org/gradle/internal/configuration/problems/DecoratedReportProblemJsonSource writeToJson$lambda$0$0$0$0 (Lorg/gradle/internal/cc/impl/problems/JsonWriter;Lorg/gradle/internal/configuration/problems/DecoratedReportProblemJsonSource;)Lkotlin/Unit; 16 <appendix> member <vmtarget> ; # org/gradle/internal/configuration/problems/DecoratedReportProblemJsonSource$$Lambda+0x00000179398120d8
instanceKlass kotlin/sequences/SequencesKt___SequencesKt$asIterable$$inlined$Iterable$1
instanceKlass  @bci org/gradle/internal/configuration/problems/DecoratedReportProblemJsonSource writeToJson$lambda$0$0$0 (Lorg/gradle/internal/cc/impl/problems/JsonWriter;Lorg/gradle/internal/configuration/problems/DecoratedReportProblemJsonSource;)Lkotlin/Unit; 5 <appendix> member <vmtarget> ; # org/gradle/internal/configuration/problems/DecoratedReportProblemJsonSource$$Lambda+0x00000179398119b8
instanceKlass org/gradle/internal/cc/impl/problems/JsonWriter$JsonObject
instanceKlass  @bci org/gradle/internal/configuration/problems/DecoratedReportProblemJsonSource writeToJson$lambda$0$0 (Lorg/gradle/internal/cc/impl/problems/JsonWriter;Lorg/gradle/internal/configuration/problems/DecoratedReportProblemJsonSource;)Lkotlin/Unit; 3 <appendix> member <vmtarget> ; # org/gradle/internal/configuration/problems/DecoratedReportProblemJsonSource$$Lambda+0x0000017939811578
instanceKlass kotlin/jvm/internal/TypeIntrinsics
instanceKlass  @bci org/gradle/internal/configuration/problems/DecoratedReportProblemJsonSource writeToJson (Lorg/gradle/internal/cc/impl/problems/JsonWriter;)V 13 <appendix> member <vmtarget> ; # org/gradle/internal/configuration/problems/DecoratedReportProblemJsonSource$$Lambda+0x0000017939811158
# instanceKlass java/lang/invoke/LambdaForm$MH+0x0000017939814800
# instanceKlass java/lang/invoke/LambdaForm$MH+0x0000017939814400
# instanceKlass java/lang/invoke/LambdaForm$MH+0x0000017939814000
instanceKlass org/gradle/internal/configuration/problems/CommonReport$State$Spooling$onDiagnostic$1
instanceKlass org/gradle/internal/configuration/problems/CommonReport$State$Spooling$1
instanceKlass org/gradle/internal/cc/impl/problems/HtmlReportWriter
instanceKlass com/fasterxml/jackson/core/util/JacksonFeatureSet
instanceKlass com/fasterxml/jackson/core/PrettyPrinter
instanceKlass com/fasterxml/jackson/core/JsonStreamContext
instanceKlass com/fasterxml/jackson/core/util/BufferRecycler
instanceKlass com/fasterxml/jackson/core/util/BufferRecyclers
instanceKlass com/fasterxml/jackson/core/util/TextBuffer
instanceKlass com/fasterxml/jackson/core/io/IOContext
instanceKlass com/fasterxml/jackson/core/io/ContentReference
instanceKlass com/fasterxml/jackson/core/sym/CharsToNameCanonicalizer$Bucket
instanceKlass com/fasterxml/jackson/core/sym/CharsToNameCanonicalizer$TableInfo
instanceKlass com/fasterxml/jackson/core/sym/CharsToNameCanonicalizer
instanceKlass com/fasterxml/jackson/core/ErrorReportConfiguration
instanceKlass com/fasterxml/jackson/core/StreamWriteConstraints
instanceKlass com/fasterxml/jackson/core/StreamReadConstraints
instanceKlass com/fasterxml/jackson/core/util/RecyclerPool$WithPool
instanceKlass com/fasterxml/jackson/core/util/RecyclerPool$ThreadLocalPoolBase
instanceKlass com/fasterxml/jackson/core/util/RecyclerPool
instanceKlass com/fasterxml/jackson/core/util/JsonRecyclerPools
instanceKlass com/fasterxml/jackson/core/sym/ByteQuadsCanonicalizer$TableInfo
instanceKlass com/fasterxml/jackson/core/sym/ByteQuadsCanonicalizer
instanceKlass com/fasterxml/jackson/core/io/CharTypes
instanceKlass com/fasterxml/jackson/core/io/JsonStringEncoder
instanceKlass com/fasterxml/jackson/core/io/SerializedString
instanceKlass com/fasterxml/jackson/core/util/JacksonFeature
instanceKlass com/fasterxml/jackson/core/JsonGenerator
instanceKlass com/fasterxml/jackson/core/async/ByteArrayFeeder
instanceKlass com/fasterxml/jackson/core/async/ByteBufferFeeder
instanceKlass com/fasterxml/jackson/core/async/NonBlockingInputFeeder
instanceKlass com/fasterxml/jackson/core/JsonParser
instanceKlass com/fasterxml/jackson/core/TSFBuilder
instanceKlass com/fasterxml/jackson/core/SerializableString
instanceKlass com/fasterxml/jackson/core/TokenStreamFactory
instanceKlass com/fasterxml/jackson/core/Versioned
instanceKlass org/gradle/internal/cc/impl/problems/JsonWriter
instanceKlass org/gradle/internal/cc/impl/problems/JsonModelWriter
instanceKlass org/gradle/internal/cc/impl/problems/HtmlReportTemplate
instanceKlass kotlin/io/TextStreamsKt
instanceKlass kotlin/text/Charsets
instanceKlass org/gradle/internal/configuration/problems/HtmlReportTemplateLoaderKt
instanceKlass org/gradle/internal/configuration/problems/HtmlReportTemplateLoader
instanceKlass kotlin/text/_OneToManyTitlecaseMappingsKt
instanceKlass org/gradle/internal/extensions/stdlib/CharSequenceExtensionsKt
instanceKlass org/gradle/internal/configuration/problems/DecoratedReportProblem
instanceKlass org/gradle/internal/configuration/problems/DecoratedReportProblemJsonSource
instanceKlass org/gradle/internal/configuration/problems/DocumentRegistryExtensionsKt
instanceKlass org/gradle/internal/configuration/problems/CommonReport$WhenMappings
instanceKlass org/gradle/internal/configuration/problems/PropertyProblem
instanceKlass  @bci org/gradle/internal/cc/impl/fingerprint/ConfigurationCacheFingerprintWriter reportSystemPropertyInput (Ljava/lang/String;Ljava/lang/String;)V 6 <appendix> member <vmtarget> ; # org/gradle/internal/cc/impl/fingerprint/ConfigurationCacheFingerprintWriter$$Lambda+0x00000179397ce408
# instanceKlass java/lang/invoke/LambdaForm$MH+0x0000017939803400
# instanceKlass java/lang/invoke/LambdaForm$MH+0x0000017939803000
# instanceKlass java/lang/invoke/LambdaForm$MH+0x0000017939802c00
instanceKlass org/gradle/internal/cc/impl/Workarounds
instanceKlass org/gradle/internal/cc/impl/InstrumentedInputAccessListenerKt
instanceKlass org/gradle/internal/instrumentation/api/groovybytecode/InvocationUtils
instanceKlass org/gradle/internal/instrumentation/api/groovybytecode/MethodHandleInvocation
# instanceKlass java/lang/invoke/LambdaForm$MH+0x0000017939802800
# instanceKlass java/lang/invoke/LambdaForm$DMH+0x0000017939802400
# instanceKlass java/lang/invoke/LambdaForm$MH+0x0000017939802000
# instanceKlass java/lang/invoke/LambdaForm$DMH+0x0000017939801c00
# instanceKlass java/lang/invoke/LambdaForm$MH+0x0000017939801800
# instanceKlass java/lang/invoke/LambdaForm$DMH+0x0000017939801400
# instanceKlass java/lang/invoke/LambdaForm$MH+0x0000017939801000
# instanceKlass java/lang/invoke/LambdaForm$MH+0x0000017939800c00
# instanceKlass java/lang/invoke/LambdaForm$BMH+0x0000017939800800
# instanceKlass java/lang/invoke/LambdaForm$MH+0x0000017939800400
# instanceKlass java/lang/invoke/LambdaForm$MH+0x0000017939800000
# instanceKlass java/lang/invoke/LambdaForm$MH+0x00000179397fbc00
# instanceKlass java/lang/invoke/LambdaForm$MH+0x00000179397fb800
# instanceKlass java/lang/invoke/LambdaForm$MH+0x00000179397fb400
# instanceKlass java/lang/invoke/LambdaForm$MH+0x00000179397fb000
# instanceKlass java/lang/invoke/LambdaForm$MH+0x00000179397fac00
# instanceKlass java/lang/invoke/LambdaForm$MH+0x00000179397fa800
# instanceKlass java/lang/invoke/LambdaForm$MH+0x00000179397f6c00
instanceKlass org/gradle/configuration/internal/DefaultListenerBuildOperationDecorator$1
instanceKlass org/gradle/listener/ClosureBackedMethodInvocationDispatch
instanceKlass org/gradle/execution/plan/WorkSource
instanceKlass org/gradle/execution/plan/QueryableExecutionPlan
instanceKlass org/gradle/execution/ProjectExecutionServiceRegistry
instanceKlass org/gradle/execution/plan/ScheduledWork
instanceKlass org/gradle/execution/plan/QueryableExecutionPlan$ScheduledNodes
instanceKlass org/gradle/execution/plan/FinalizedExecutionPlan$1
instanceKlass org/gradle/execution/plan/FinalizedExecutionPlan
instanceKlass org/gradle/api/execution/TaskExecutionListener
instanceKlass org/gradle/execution/taskgraph/TaskExecutionGraphExecutionListener
instanceKlass org/gradle/api/internal/tasks/TaskExecutionContext
instanceKlass org/gradle/execution/plan/DefaultNodeExecutor
instanceKlass org/gradle/execution/taskgraph/DefaultTaskExecutionGraph
# instanceKlass java/lang/invoke/LambdaForm$MH+0x00000179397f6800
# instanceKlass java/lang/invoke/LambdaForm$MH+0x00000179397f6400
# instanceKlass java/lang/invoke/LambdaForm$MH+0x00000179397f6000
# instanceKlass java/lang/invoke/LambdaForm$MH+0x00000179397f5c00
# instanceKlass java/lang/invoke/LambdaForm$MH+0x00000179397f5800
# instanceKlass java/lang/invoke/LambdaForm$MH+0x00000179397f5400
# instanceKlass java/lang/invoke/LambdaForm$MH+0x00000179397f5000
# instanceKlass java/lang/invoke/LambdaForm$MH+0x00000179397f3400
instanceKlass org/gradle/api/tasks/TaskLocalState
instanceKlass org/gradle/api/tasks/TaskDestroyables
instanceKlass org/gradle/api/tasks/TaskInputs
instanceKlass org/gradle/api/tasks/TaskState
# instanceKlass java/lang/invoke/LambdaForm$MH+0x00000179397f3000
instanceKlass  @bci com/intellij/gradle/toolingExtension/impl/initScript/util/GradleLifecycleUtil beforeProject (Lorg/gradle/api/invocation/Gradle;Ljava/util/function/Consumer;)V 31 <appendix> member <vmtarget> ; # com/intellij/gradle/toolingExtension/impl/initScript/util/GradleLifecycleUtil$$Lambda+0x00000179397e7c00
# instanceKlass java/lang/invoke/LambdaForm$DMH+0x00000179397e7800
# instanceKlass java/lang/invoke/LambdaForm$MH+0x00000179397e7400
# instanceKlass java/lang/invoke/LambdaForm$MH+0x00000179397e7000
instanceKlass org/gradle/internal/isolate/actions/services/DefaultIsolatedProjectEvaluationListenerProvider$withUserCodeApplicationContext$1$1
instanceKlass  @bci com/intellij/gradle/toolingExtension/impl/initScript/util/GradleLifecycleUtil afterProject (Lorg/gradle/api/invocation/Gradle;Ljava/util/function/Consumer;)V 31 <appendix> member <vmtarget> ; # com/intellij/gradle/toolingExtension/impl/initScript/util/GradleLifecycleUtil$$Lambda+0x00000179397dd400
instanceKlass  @bci org/gradle/invocation/DefaultGradle$DefaultGradleLifecycle_Decorated $gradleInit ()V 1 <appendix> member <vmtarget> ; # org/gradle/invocation/DefaultGradle$DefaultGradleLifecycle_Decorated$$Lambda+0x00000179397da638
instanceKlass com/intellij/gradle/toolingExtension/util/GradleVersionUtil
# instanceKlass java/lang/invoke/LambdaForm$MH+0x00000179397e5400
# instanceKlass java/lang/invoke/LambdaForm$MH+0x00000179397e5000
# instanceKlass java/lang/invoke/LambdaForm$MH+0x00000179397e4c00
# instanceKlass java/lang/invoke/LambdaForm$MH+0x00000179397e4800
# instanceKlass java/lang/invoke/LambdaForm$MH+0x00000179397e4400
# instanceKlass java/lang/invoke/LambdaForm$MH+0x00000179397e4000
# instanceKlass java/lang/invoke/LambdaForm$MH+0x00000179397e3c00
instanceKlass  @cpi com/sun/tools/javac/comp/TypeEnter$ImportsPhase 646 form vmentry <vmtarget> ; # java/lang/invoke/LambdaForm$DMH+0x00000179397e3800
# instanceKlass java/lang/invoke/LambdaForm$MH+0x00000179397e3400
# instanceKlass java/lang/invoke/LambdaForm$MH+0x00000179397e3000
# instanceKlass java/lang/invoke/LambdaForm$MH+0x00000179397e2c00
# instanceKlass java/lang/invoke/LambdaForm$MH+0x00000179397e2800
# instanceKlass java/lang/invoke/LambdaForm$MH+0x00000179397e2400
# instanceKlass java/lang/invoke/LambdaForm$MH+0x00000179397e2000
# instanceKlass java/lang/invoke/LambdaForm$MH+0x00000179397e1c00
instanceKlass groovy/transform/SelfType
instanceKlass groovy/lang/GeneratedGroovyProxy
instanceKlass groovy/transform/Trait
instanceKlass org/codehaus/groovy/transform/trait/Traits$TraitBridge
instanceKlass org/codehaus/groovy/transform/trait/Traits
# instanceKlass java/lang/invoke/LambdaForm$MH+0x00000179397e1800
# instanceKlass java/lang/invoke/LambdaForm$MH+0x00000179397e1400
instanceKlass groovy/util/ProxyGenerator
# instanceKlass java/lang/invoke/LambdaForm$MH+0x00000179397e1000
# instanceKlass java/lang/invoke/LambdaForm$MH+0x00000179397e0c00
instanceKlass org/codehaus/groovy/runtime/ConversionHandler
# instanceKlass java/lang/invoke/LambdaForm$MH+0x00000179397e0800
# instanceKlass org/codehaus/groovy/vmplugin/v8/TypeTransformers$$InjectedInvoker+0x00000179397e0400
# instanceKlass java/lang/invoke/LambdaForm$MH+0x00000179397e0000
# instanceKlass java/lang/invoke/LambdaForm$MH+0x00000179397dfc00
# instanceKlass java/lang/invoke/LambdaForm$MH+0x00000179397df800
# instanceKlass java/lang/invoke/LambdaForm$BMH+0x00000179397df400
# instanceKlass java/lang/invoke/LambdaForm$DMH+0x00000179397df000
# instanceKlass java/lang/invoke/LambdaForm$DMH+0x00000179397dec00
# instanceKlass java/lang/invoke/LambdaForm$DMH+0x00000179397de800
# instanceKlass java/lang/invoke/LambdaForm$DMH+0x00000179397de400
# instanceKlass java/lang/invoke/LambdaForm$DMH+0x00000179397de000
instanceKlass org/codehaus/groovy/vmplugin/v8/TypeTransformers
instanceKlass com/google/common/base/Throwables
# instanceKlass java/lang/invoke/LambdaForm$MH+0x00000179397ddc00
# instanceKlass java/lang/invoke/LambdaForm$MH+0x00000179397dd800
instanceKlass  @bci org/codehaus/groovy/runtime/metaclass/ClosureMetaClass assignMethodChooser ()V 192 <appendix> member <vmtarget> ; # org/codehaus/groovy/runtime/metaclass/ClosureMetaClass$$Lambda+0x00000179397d8b48
instanceKlass com/intellij/gradle/toolingExtension/impl/initScript/util/GradleLifecycleUtil
instanceKlass org/gradle/internal/classloader/JarCompat
instanceKlass org/gradle/internal/classloader/TransformErrorHandler
instanceKlass org/gradle/internal/classloader/TransformReplacer$Loader
instanceKlass org/gradle/internal/classloader/TransformReplacer
instanceKlass org/gradle/internal/fingerprint/impl/IgnoredPathFileSystemLocationFingerprint$1
instanceKlass org/gradle/internal/fingerprint/impl/IgnoredPathFileSystemLocationFingerprint
instanceKlass  @bci org/gradle/api/internal/changedetection/state/DefaultResourceSnapshotterCacheService hashFile (Lorg/gradle/internal/fingerprint/hashing/RegularFileSnapshotContext;Lorg/gradle/internal/fingerprint/hashing/RegularFileSnapshotContextHasher;Lorg/gradle/internal/hash/HashCode;)Lorg/gradle/internal/hash/HashCode; 9 <appendix> member <vmtarget> ; # org/gradle/api/internal/changedetection/state/DefaultResourceSnapshotterCacheService$$Lambda+0x00000179397d5240
instanceKlass  @bci org/gradle/api/internal/initialization/loadercache/DefaultClassLoaderCache get (Lorg/gradle/api/internal/initialization/loadercache/ClassLoaderId;Lorg/gradle/internal/classpath/ClassPath;Ljava/lang/ClassLoader;Lorg/gradle/internal/classloader/FilteringClassLoader$Spec;Lorg/gradle/internal/hash/HashCode;)Ljava/lang/ClassLoader; 9 <appendix> member <vmtarget> ; # org/gradle/api/internal/initialization/loadercache/DefaultClassLoaderCache$$Lambda+0x00000179397d5000
instanceKlass org/gradle/internal/classpath/TransformedClassPath$1
instanceKlass  @bci org/gradle/api/internal/initialization/DefaultScriptClassPathResolver resolveClassPath (Lorg/gradle/api/artifacts/Configuration;Lorg/gradle/api/internal/initialization/ScriptClassPathResolutionContext;)Lorg/gradle/internal/classpath/ClassPath; 119 <appendix> member <vmtarget> ; # org/gradle/api/internal/initialization/DefaultScriptClassPathResolver$$Lambda+0x00000179397d7610
instanceKlass  @bci java/util/stream/Collectors lambda$groupingBy$53 (Ljava/util/function/Function;Ljava/util/function/Supplier;Ljava/util/function/BiConsumer;Ljava/util/Map;Ljava/lang/Object;)V 20 <appendix> member <vmtarget> ; # java/util/stream/Collectors$$Lambda+0x00000179396c3ee0
instanceKlass  @bci java/util/stream/Collectors mapMerger (Ljava/util/function/BinaryOperator;)Ljava/util/function/BinaryOperator; 1 <appendix> member <vmtarget> ; # java/util/stream/Collectors$$Lambda+0x00000179396c3720
instanceKlass  @bci java/util/stream/Collectors groupingBy (Ljava/util/function/Function;Ljava/util/function/Supplier;Ljava/util/stream/Collector;)Ljava/util/stream/Collector; 19 <appendix> member <vmtarget> ; # java/util/stream/Collectors$$Lambda+0x00000179396c34f0
instanceKlass  @cpi org/apache/commons/io/function/IOStream 548 form vmentry <vmtarget> ; # java/lang/invoke/LambdaForm$DMH+0x00000179397d4c00
instanceKlass  @bci java/util/stream/Collectors groupingBy (Ljava/util/function/Function;Ljava/util/stream/Collector;)Ljava/util/stream/Collector; 1 <appendix> argL0 ; # java/util/stream/Collectors$$Lambda+0x00000179396c32d8
instanceKlass  @bci org/gradle/api/internal/initialization/transform/utils/InstrumentationClasspathMerger mergeToClasspath (Lorg/gradle/api/artifacts/ArtifactCollection;Lorg/gradle/api/artifacts/ArtifactCollection;Lorg/gradle/api/artifacts/ArtifactCollection;)Ljava/util/Map; 101 <appendix> argL0 ; # org/gradle/api/internal/initialization/transform/utils/InstrumentationClasspathMerger$$Lambda+0x00000179397d71e8
instanceKlass  @bci org/gradle/api/internal/initialization/transform/utils/InstrumentationClasspathMerger mergeToClasspath (Lorg/gradle/api/artifacts/ArtifactCollection;Lorg/gradle/api/artifacts/ArtifactCollection;Lorg/gradle/api/artifacts/ArtifactCollection;)Ljava/util/Map; 91 <appendix> argL0 ; # org/gradle/api/internal/initialization/transform/utils/InstrumentationClasspathMerger$$Lambda+0x00000179397d6d70
instanceKlass java/util/stream/SortedOps
instanceKlass  @bci org/gradle/api/internal/initialization/transform/utils/InstrumentationClasspathMerger mergeToClasspath (Lorg/gradle/api/artifacts/ArtifactCollection;Lorg/gradle/api/artifacts/ArtifactCollection;Lorg/gradle/api/artifacts/ArtifactCollection;)Ljava/util/Map; 81 <appendix> member <vmtarget> ; # org/gradle/api/internal/initialization/transform/utils/InstrumentationClasspathMerger$$Lambda+0x00000179397d6ad8
instanceKlass  @bci org/gradle/api/internal/initialization/transform/utils/InstrumentationClasspathMerger mergeToClasspath (Lorg/gradle/api/artifacts/ArtifactCollection;Lorg/gradle/api/artifacts/ArtifactCollection;Lorg/gradle/api/artifacts/ArtifactCollection;)Ljava/util/Map; 69 <appendix> argL0 ; # org/gradle/api/internal/initialization/transform/utils/InstrumentationClasspathMerger$$Lambda+0x00000179397d68a0
instanceKlass org/gradle/api/internal/initialization/transform/utils/InstrumentationClasspathMerger$ClassPathTransformedArtifact
instanceKlass  @bci org/gradle/api/internal/artifacts/transform/TransformExecutionResult$Builder$ProducedOutputOnlyResult resolveForWorkspace (Ljava/io/File;)Lorg/gradle/api/internal/artifacts/transform/TransformExecutionResult$TransformWorkspaceResult; 48 <appendix> member <vmtarget> ; # org/gradle/api/internal/artifacts/transform/TransformExecutionResult$Builder$ProducedOutputOnlyResult$$Lambda+0x00000179397cd9c0
instanceKlass  @bci org/gradle/api/internal/artifacts/transform/TransformExecutionResult$Builder$ProducedOutputOnlyResult resolveForWorkspace (Ljava/io/File;)Lorg/gradle/api/internal/artifacts/transform/TransformExecutionResult$TransformWorkspaceResult; 25 <appendix> member <vmtarget> ; # org/gradle/api/internal/artifacts/transform/TransformExecutionResult$Builder$ProducedOutputOnlyResult$$Lambda+0x00000179397cd780
instanceKlass  @bci org/gradle/api/internal/artifacts/transform/TransformExecutionResult$Builder$ProducedOutputOnlyResult resolveForWorkspace (Ljava/io/File;)Lorg/gradle/api/internal/artifacts/transform/TransformExecutionResult$TransformWorkspaceResult; 14 <appendix> member <vmtarget> ; # org/gradle/api/internal/artifacts/transform/TransformExecutionResult$Builder$ProducedOutputOnlyResult$$Lambda+0x00000179397cd540
instanceKlass  @bci org/gradle/internal/Deferrable lambda$flatMap$1 (Ljava/util/function/Function;)Lorg/gradle/internal/Deferrable; 2 <appendix> member <vmtarget> ; # org/gradle/internal/Deferrable$$Lambda+0x00000179397d6478
instanceKlass  @bci org/gradle/internal/Deferrable flatMap (Ljava/util/function/Function;)Lorg/gradle/internal/Deferrable; 12 <appendix> member <vmtarget> ; # org/gradle/internal/Deferrable$$Lambda+0x00000179397d6258
instanceKlass  @cpi org/gradle/internal/Deferrable 98 form vmentry <vmtarget> ; # java/lang/invoke/LambdaForm$DMH+0x00000179397d4800
instanceKlass  @bci org/gradle/api/internal/artifacts/transform/TransformingAsyncArtifactListener$TransformedArtifact lambda$createInvocation$2 (Lorg/gradle/api/internal/artifacts/transform/BoundTransformStep;Lorg/gradle/internal/Try;)Lorg/gradle/internal/Deferrable; 10 <appendix> argL0 ; # org/gradle/api/internal/artifacts/transform/TransformingAsyncArtifactListener$TransformedArtifact$$Lambda+0x00000179397cd308
instanceKlass  @bci org/gradle/api/internal/artifacts/transform/TransformStep lambda$createInvocation$2 (Lorg/gradle/api/internal/artifacts/transform/TransformStepSubject;Lorg/gradle/internal/execution/InputFingerprinter;Lorg/gradle/api/internal/artifacts/transform/TransformDependencies;)Lorg/gradle/internal/Deferrable; 43 <appendix> member <vmtarget> ; # org/gradle/api/internal/artifacts/transform/TransformStep$$Lambda+0x00000179397cd0e8
instanceKlass  @bci org/gradle/api/internal/artifacts/transform/TransformingAsyncArtifactListener$TransformedArtifact lambda$createInvocation$2 (Lorg/gradle/api/internal/artifacts/transform/BoundTransformStep;Lorg/gradle/internal/Try;)Lorg/gradle/internal/Deferrable; 2 <appendix> member <vmtarget> ; # org/gradle/api/internal/artifacts/transform/TransformingAsyncArtifactListener$TransformedArtifact$$Lambda+0x00000179397ccea8
instanceKlass  @bci org/gradle/api/internal/artifacts/transform/TransformingAsyncArtifactListener$TransformedArtifact createInvocation ()Lorg/gradle/internal/Deferrable; 72 <appendix> member <vmtarget> ; # org/gradle/api/internal/artifacts/transform/TransformingAsyncArtifactListener$TransformedArtifact$$Lambda+0x00000179397ccc68
instanceKlass org/gradle/internal/Deferrable$2
instanceKlass  @bci org/gradle/api/internal/artifacts/transform/DefaultTransform$1 visitInputProperty (Ljava/lang/String;Lorg/gradle/internal/properties/PropertyValue;Z)V 31 <appendix> member <vmtarget> ; # org/gradle/api/internal/artifacts/transform/DefaultTransform$1$$Lambda+0x00000179397cca48
instanceKlass org/gradle/api/internal/tasks/properties/InputParameterUtils
instanceKlass  @bci org/gradle/internal/execution/model/annotations/InputPropertyAnnotationHandler validateNotUrlType (Lorg/gradle/internal/properties/annotations/PropertyMetadata;Lorg/gradle/internal/reflect/validation/TypeValidationContext;)V 18 <appendix> member <vmtarget> ; # org/gradle/internal/execution/model/annotations/InputPropertyAnnotationHandler$$Lambda+0x00000179397d37d8
instanceKlass  @bci org/gradle/api/internal/initialization/transform/BaseInstrumentingArtifactTransform$Parameters$Inject_ $gradleInit ()V 1 <appendix> member <vmtarget> ; # org/gradle/api/internal/initialization/transform/BaseInstrumentingArtifactTransform$Parameters$Inject_$$Lambda+0x00000179397d35b8
instanceKlass org/gradle/api/internal/initialization/transform/BaseInstrumentingArtifactTransform$Parameters$Inject_
instanceKlass org/gradle/internal/snapshot/RootTrackingFileSystemSnapshotHierarchyVisitor
instanceKlass  @bci org/gradle/internal/properties/bean/DefaultPropertyWalker$CachedPropertyValue lambda$new$0 (Ljava/util/function/Supplier;Z)Ljava/lang/Object; 6 <appendix> member <vmtarget> ; # org/gradle/internal/properties/bean/DefaultPropertyWalker$CachedPropertyValue$$Lambda+0x00000179397d2968
instanceKlass  @bci org/gradle/api/internal/artifacts/transform/DefaultTransform$1 visitInputFileProperty (Ljava/lang/String;ZLorg/gradle/internal/properties/InputBehavior;Lorg/gradle/internal/fingerprint/DirectorySensitivity;Lorg/gradle/internal/fingerprint/LineEndingSensitivity;Lorg/gradle/internal/fingerprint/FileNormalizer;Lorg/gradle/internal/properties/PropertyValue;Lorg/gradle/internal/properties/InputFilePropertyType;)V 51 <appendix> member <vmtarget> ; # org/gradle/api/internal/artifacts/transform/DefaultTransform$1$$Lambda+0x00000179397cc828
instanceKlass  @bci org/gradle/internal/properties/bean/DefaultPropertyWalker$CachedPropertyValue <init> (Ljava/util/function/Supplier;Ljava/lang/Class;Z)V 13 <appendix> member <vmtarget> ; # org/gradle/internal/properties/bean/DefaultPropertyWalker$CachedPropertyValue$$Lambda+0x00000179397d2270
instanceKlass  @bci org/gradle/internal/properties/bean/DefaultPropertyWalker$1 visitLeaf (Ljava/lang/Object;Ljava/lang/String;Lorg/gradle/internal/properties/annotations/PropertyMetadata;)V 6 <appendix> member <vmtarget> ; # org/gradle/internal/properties/bean/DefaultPropertyWalker$1$$Lambda+0x00000179397d2050
instanceKlass org/gradle/internal/properties/bean/DefaultPropertyWalker$CachedPropertyValue
instanceKlass  @bci org/gradle/api/internal/initialization/transform/MergeInstrumentationAnalysisTransform$Parameters$Inject_ $gradleInit ()V 1 <appendix> member <vmtarget> ; # org/gradle/api/internal/initialization/transform/MergeInstrumentationAnalysisTransform$Parameters$Inject_$$Lambda+0x00000179397d1bd0
instanceKlass org/gradle/api/internal/initialization/transform/MergeInstrumentationAnalysisTransform$Parameters$Inject_
instanceKlass org/gradle/api/internal/file/collections/DefaultConfigurableFileCollection$ResolvedItemsCollector
instanceKlass org/gradle/api/internal/file/collections/ListBackedFileSet
instanceKlass  @bci org/gradle/api/internal/file/FilteredFileCollection iterator ()Ljava/util/Iterator; 18 <appendix> member <vmtarget> ; # org/gradle/api/internal/file/FilteredFileCollection$$Lambda+0x00000179397d1128
instanceKlass org/gradle/api/internal/artifacts/PreResolvedResolvableArtifact
instanceKlass  @bci org/gradle/api/internal/artifacts/transform/TransformingAsyncArtifactListener$TransformedArtifact visit (Lorg/gradle/api/internal/artifacts/ivyservice/resolveengine/artifact/ArtifactVisitor;)V 15 <appendix> member <vmtarget> ; # org/gradle/api/internal/artifacts/transform/TransformingAsyncArtifactListener$TransformedArtifact$$Lambda+0x00000179397cc350
instanceKlass  @bci org/gradle/api/internal/artifacts/transform/TransformingAsyncArtifactListener$TransformedArtifact visit (Lorg/gradle/api/internal/artifacts/ivyservice/resolveengine/artifact/ArtifactVisitor;)V 8 <appendix> member <vmtarget> ; # org/gradle/api/internal/artifacts/transform/TransformingAsyncArtifactListener$TransformedArtifact$$Lambda+0x00000179397cc120
instanceKlass  @bci org/gradle/internal/work/DefaultWorkerLeaseService withoutLocks (Ljava/util/Collection;Lorg/gradle/internal/Factory;)Ljava/lang/Object; 37 <appendix> member <vmtarget> ; # org/gradle/internal/work/DefaultWorkerLeaseService$$Lambda+0x00000179397d0f08
instanceKlass org/gradle/internal/work/DefaultWorkerLeaseService$3$1
instanceKlass  @bci org/gradle/internal/resources/DefaultResourceLockCoordinationService withStateLock (Lcom/google/common/base/Supplier;)Ljava/lang/Object; 7 <appendix> member <vmtarget> ; # org/gradle/internal/resources/DefaultResourceLockCoordinationService$$Lambda+0x00000179397d0a98
instanceKlass org/gradle/internal/MutableReference
instanceKlass org/gradle/internal/work/DefaultWorkerLeaseService$3
instanceKlass org/gradle/internal/Factories$1
instanceKlass org/gradle/internal/Factories
instanceKlass  @bci org/gradle/internal/operations/DefaultBuildOperationQueue waitForWorkToComplete ()V 51 <appendix> member <vmtarget> ; # org/gradle/internal/operations/DefaultBuildOperationQueue$$Lambda+0x00000179397d0000
instanceKlass org/gradle/internal/resources/DefaultResourceLockCoordinationService$ReleaseLocks
# instanceKlass org/gradle/api/internal/artifacts/transform/TransformStep$$Lambda+0x00000179397cbee0
# instanceKlass org/gradle/api/internal/artifacts/transform/TransformStep$$Lambda+0x00000179397cbca0
# instanceKlass org/gradle/api/internal/artifacts/transform/TransformStep$$Lambda+0x00000179397cba60
# instanceKlass org/gradle/api/internal/artifacts/transform/TransformStep$$Lambda+0x00000179397cb820
# instanceKlass org/gradle/api/internal/artifacts/transform/TransformStep$$Lambda+0x00000179397cb5e0
# instanceKlass org/gradle/api/internal/artifacts/transform/TransformStep$$Lambda+0x00000179397cb3a0
instanceKlass  @bci org/gradle/api/internal/artifacts/transform/TransformStep lambda$createInvocation$1 (Lorg/gradle/api/internal/artifacts/transform/TransformStepSubject;Lorg/gradle/internal/Try;)Lorg/gradle/internal/Try; 7 <appendix> member <vmtarget> ; # org/gradle/api/internal/artifacts/transform/TransformStep$$Lambda+0x00000179397cb160
# instanceKlass org/gradle/api/internal/artifacts/transform/DefaultTransformInvocationFactory$$Lambda+0x00000179397caf20
# instanceKlass org/gradle/api/internal/artifacts/transform/DefaultTransformInvocationFactory$$Lambda+0x00000179397cace0
# instanceKlass org/gradle/api/internal/artifacts/transform/DefaultTransformInvocationFactory$$Lambda+0x00000179397caaa0
# instanceKlass org/gradle/api/internal/artifacts/transform/DefaultTransformInvocationFactory$$Lambda+0x00000179397ca860
# instanceKlass org/gradle/api/internal/artifacts/transform/DefaultTransformInvocationFactory$$Lambda+0x00000179397ca620
# instanceKlass org/gradle/api/internal/artifacts/transform/DefaultTransformInvocationFactory$$Lambda+0x00000179397ca3e0
instanceKlass  @bci org/gradle/api/internal/artifacts/transform/DefaultTransformInvocationFactory lambda$createInvocation$2 (Ljava/io/File;Lorg/gradle/internal/execution/UnitOfWork;Lorg/gradle/internal/Try;)Lorg/gradle/internal/Try; 11 <appendix> member <vmtarget> ; # org/gradle/api/internal/artifacts/transform/DefaultTransformInvocationFactory$$Lambda+0x00000179397ca1a0
# instanceKlass org/gradle/api/internal/artifacts/transform/TransformExecutionResult$Builder$MixedInputAndProducedOutputResult$$Lambda+0x00000179397c9f60
# instanceKlass org/gradle/api/internal/artifacts/transform/TransformExecutionResult$Builder$MixedInputAndProducedOutputResult$$Lambda+0x00000179397c9d20
# instanceKlass org/gradle/api/internal/artifacts/transform/TransformExecutionResult$Builder$MixedInputAndProducedOutputResult$$Lambda+0x00000179397c9ae0
# instanceKlass org/gradle/api/internal/artifacts/transform/TransformExecutionResult$Builder$MixedInputAndProducedOutputResult$$Lambda+0x00000179397c98a0
# instanceKlass org/gradle/api/internal/artifacts/transform/TransformExecutionResult$Builder$MixedInputAndProducedOutputResult$$Lambda+0x00000179397c9660
# instanceKlass org/gradle/api/internal/artifacts/transform/TransformExecutionResult$Builder$MixedInputAndProducedOutputResult$$Lambda+0x00000179397c9420
instanceKlass  @bci org/gradle/api/internal/artifacts/transform/TransformExecutionResult$Builder$MixedInputAndProducedOutputResult lambda$resolveForWorkspace$2 (Lcom/google/common/collect/ImmutableList;Ljava/io/File;)Lcom/google/common/collect/ImmutableList; 5 <appendix> member <vmtarget> ; # org/gradle/api/internal/artifacts/transform/TransformExecutionResult$Builder$MixedInputAndProducedOutputResult$$Lambda+0x00000179397c91e0
# instanceKlass org/gradle/api/internal/artifacts/transform/DefaultTransformInvocationFactory$$Lambda+0x00000179397c8fa0
# instanceKlass org/gradle/api/internal/artifacts/transform/DefaultTransformInvocationFactory$$Lambda+0x00000179397c8d60
# instanceKlass org/gradle/api/internal/artifacts/transform/DefaultTransformInvocationFactory$$Lambda+0x00000179397c8b20
# instanceKlass org/gradle/api/internal/artifacts/transform/DefaultTransformInvocationFactory$$Lambda+0x00000179397c88e0
instanceKlass  @bci org/gradle/api/internal/artifacts/transform/DefaultTransformInvocationFactory lambda$createInvocation$2 (Ljava/io/File;Lorg/gradle/internal/execution/UnitOfWork;Lorg/gradle/internal/Try;)Lorg/gradle/internal/Try; 2 <appendix> member <vmtarget> ; # org/gradle/api/internal/artifacts/transform/DefaultTransformInvocationFactory$$Lambda+0x00000179397c86a0
# instanceKlass org/gradle/api/internal/artifacts/transform/DefaultTransformInvocationFactory$$Lambda+0x00000179397c8460
# instanceKlass org/gradle/api/internal/artifacts/transform/DefaultTransformInvocationFactory$$Lambda+0x00000179397c8220
instanceKlass org/gradle/internal/execution/steps/IdentityCacheStep$DefaultExecuteDeferredWorkProgressDetails
instanceKlass org/gradle/operations/execution/ExecuteDeferredWorkProgressDetails
# instanceKlass org/gradle/internal/execution/steps/IdentityCacheStep$$Lambda+0x00000179397c36d8
# instanceKlass org/gradle/internal/execution/steps/IdentityCacheStep$$Lambda+0x00000179397c34a8
# instanceKlass org/gradle/internal/execution/steps/IdentityCacheStep$$Lambda+0x00000179397c3278
# instanceKlass org/gradle/internal/execution/steps/IdentityCacheStep$$Lambda+0x00000179397c3048
# instanceKlass org/gradle/internal/execution/steps/IdentityCacheStep$$Lambda+0x00000179397c2e18
instanceKlass  @bci org/gradle/internal/execution/steps/IdentityCacheStep emitExecuteDeferredProgressDetails (Lorg/gradle/internal/execution/UnitOfWork;Lorg/gradle/internal/execution/UnitOfWork$Identity;Lorg/gradle/internal/execution/ExecutionEngine$IdentityCacheResult;)V 9 <appendix> member <vmtarget> ; # org/gradle/internal/execution/steps/IdentityCacheStep$$Lambda+0x00000179397c2be8
# instanceKlass org/gradle/internal/execution/steps/IdentityCacheStep$$Lambda+0x00000179397c29b8
# instanceKlass org/gradle/internal/execution/steps/IdentityCacheStep$$Lambda+0x00000179397c2798
# instanceKlass org/gradle/internal/execution/steps/IdentityCacheStep$$Lambda+0x00000179397c2578
# instanceKlass org/gradle/internal/execution/steps/IdentityCacheStep$$Lambda+0x00000179397c2358
# instanceKlass org/gradle/internal/execution/steps/IdentityCacheStep$$Lambda+0x00000179397c2138
# instanceKlass org/gradle/internal/execution/steps/IdentityCacheStep$$Lambda+0x00000179397c1f18
# instanceKlass org/gradle/internal/execution/steps/IdentityCacheStep$$Lambda+0x00000179397c1cf8
instanceKlass  @bci org/gradle/internal/execution/steps/IdentityCacheStep executeInCache (Lorg/gradle/internal/execution/UnitOfWork;Lorg/gradle/internal/execution/steps/IdentityContext;)Lorg/gradle/internal/execution/ExecutionEngine$IdentityCacheResult; 30 <appendix> member <vmtarget> ; # org/gradle/internal/execution/steps/IdentityCacheStep$$Lambda+0x00000179397c1ad8
# instanceKlass org/gradle/internal/execution/steps/IdentityCacheStep$$Lambda+0x00000179397c18a0
# instanceKlass org/gradle/internal/execution/steps/IdentityCacheStep$$Lambda+0x00000179397c1668
# instanceKlass org/gradle/internal/execution/steps/IdentityCacheStep$$Lambda+0x00000179397c1430
# instanceKlass org/gradle/internal/execution/steps/IdentityCacheStep$$Lambda+0x00000179397c11f8
# instanceKlass org/gradle/internal/execution/steps/IdentityCacheStep$$Lambda+0x00000179397c0fc0
# instanceKlass org/gradle/internal/execution/steps/IdentityCacheStep$$Lambda+0x00000179397c0d88
instanceKlass  @bci org/gradle/internal/execution/steps/IdentityCacheStep executeInCache (Lorg/gradle/internal/execution/UnitOfWork;Lorg/gradle/internal/execution/steps/IdentityContext;)Lorg/gradle/internal/execution/ExecutionEngine$IdentityCacheResult; 17 <appendix> argL0 ; # org/gradle/internal/execution/steps/IdentityCacheStep$$Lambda+0x00000179397c0b50
# instanceKlass org/gradle/api/internal/artifacts/transform/TransformExecutionResult$Builder$MixedInputAndProducedOutputResult$$Lambda+0x00000179397c8000
# instanceKlass org/gradle/api/internal/artifacts/transform/TransformExecutionResult$Builder$MixedInputAndProducedOutputResult$$Lambda+0x00000179397c7c48
# instanceKlass org/gradle/api/internal/artifacts/transform/TransformExecutionResult$Builder$MixedInputAndProducedOutputResult$$Lambda+0x00000179397c7a28
# instanceKlass org/gradle/api/internal/artifacts/transform/TransformExecutionResult$Builder$MixedInputAndProducedOutputResult$$Lambda+0x00000179397c7808
# instanceKlass org/gradle/api/internal/artifacts/transform/TransformExecutionResult$Builder$MixedInputAndProducedOutputResult$$Lambda+0x00000179397c75e8
# instanceKlass org/gradle/api/internal/artifacts/transform/TransformExecutionResult$Builder$MixedInputAndProducedOutputResult$$Lambda+0x00000179397c73c8
instanceKlass  @bci org/gradle/api/internal/artifacts/transform/TransformExecutionResult$Builder$MixedInputAndProducedOutputResult resolveForWorkspace (Ljava/io/File;)Lorg/gradle/api/internal/artifacts/transform/TransformExecutionResult$TransformWorkspaceResult; 31 <appendix> member <vmtarget> ; # org/gradle/api/internal/artifacts/transform/TransformExecutionResult$Builder$MixedInputAndProducedOutputResult$$Lambda+0x00000179397c71a8
instanceKlass org/gradle/api/internal/artifacts/transform/TransformExecutionResult$TransformWorkspaceResult
# instanceKlass org/gradle/api/internal/artifacts/transform/TransformExecutionResult$Builder$ProducedExecutionOutput$$Lambda+0x00000179397c6d90
# instanceKlass org/gradle/api/internal/artifacts/transform/TransformExecutionResult$Builder$ProducedExecutionOutput$$Lambda+0x00000179397c6950
# instanceKlass org/gradle/api/internal/artifacts/transform/TransformExecutionResult$Builder$ProducedExecutionOutput$$Lambda+0x00000179397c6b70
# instanceKlass org/gradle/api/internal/artifacts/transform/TransformExecutionResult$Builder$ProducedExecutionOutput$$Lambda+0x00000179397c6730
# instanceKlass org/gradle/api/internal/artifacts/transform/TransformExecutionResult$Builder$ProducedExecutionOutput$$Lambda+0x00000179397c6510
# instanceKlass org/gradle/api/internal/artifacts/transform/TransformExecutionResult$Builder$ProducedExecutionOutput$$Lambda+0x00000179397c62f0
instanceKlass  @bci org/gradle/api/internal/artifacts/transform/TransformExecutionResult$Builder$ProducedExecutionOutput resolveForWorkspace (Ljava/io/File;)Lorg/gradle/api/internal/artifacts/transform/TransformExecutionResult$Builder$TransformWorkspaceOutput; 7 <appendix> member <vmtarget> ; # org/gradle/api/internal/artifacts/transform/TransformExecutionResult$Builder$ProducedExecutionOutput$$Lambda+0x00000179397c60d0
# instanceKlass org/gradle/api/internal/artifacts/transform/TransformExecutionResult$Builder$MixedInputAndProducedOutputResult$$Lambda+0x00000179397c5e90
# instanceKlass org/gradle/api/internal/artifacts/transform/TransformExecutionResult$Builder$MixedInputAndProducedOutputResult$$Lambda+0x00000179397c5c50
# instanceKlass org/gradle/api/internal/artifacts/transform/TransformExecutionResult$Builder$MixedInputAndProducedOutputResult$$Lambda+0x00000179397c5a10
# instanceKlass org/gradle/api/internal/artifacts/transform/TransformExecutionResult$Builder$MixedInputAndProducedOutputResult$$Lambda+0x00000179397c5590
# instanceKlass org/gradle/api/internal/artifacts/transform/TransformExecutionResult$Builder$MixedInputAndProducedOutputResult$$Lambda+0x00000179397c57d0
# instanceKlass org/gradle/api/internal/artifacts/transform/TransformExecutionResult$Builder$MixedInputAndProducedOutputResult$$Lambda+0x00000179397c5350
instanceKlass  @bci org/gradle/api/internal/artifacts/transform/TransformExecutionResult$Builder$MixedInputAndProducedOutputResult resolveForWorkspace (Ljava/io/File;)Lorg/gradle/api/internal/artifacts/transform/TransformExecutionResult$TransformWorkspaceResult; 8 <appendix> member <vmtarget> ; # org/gradle/api/internal/artifacts/transform/TransformExecutionResult$Builder$MixedInputAndProducedOutputResult$$Lambda+0x00000179397c5110
instanceKlass org/gradle/api/internal/artifacts/transform/TransformExecutionResult$Builder$EntireInputArtifact
instanceKlass org/gradle/api/internal/artifacts/transform/TransformExecutionResult$Builder$TransformWorkspaceOutput
instanceKlass org/gradle/api/internal/artifacts/transform/TransformExecutionResult$Builder$ProducedExecutionOutput
instanceKlass org/gradle/api/internal/artifacts/transform/TransformExecutionResult$Builder$TransformExecutionOutput
instanceKlass org/gradle/api/internal/artifacts/transform/TransformExecutionResult$Builder
instanceKlass org/gradle/api/internal/artifacts/transform/TransformExecutionResult
instanceKlass org/gradle/api/internal/artifacts/transform/TransformExecutionResult$OutputVisitor
instanceKlass org/gradle/api/internal/artifacts/transform/TransformExecutionResultSerializer
instanceKlass org/gradle/internal/execution/steps/IdentityCacheStep$DefaultIdentityCacheResult
# instanceKlass org/gradle/internal/execution/steps/ExecuteWorkBuildOperationFiringStep$$Lambda+0x00000179397c06e8
instanceKlass  @bci org/gradle/internal/execution/steps/ExecuteWorkBuildOperationFiringStep lambda$execute$0 (Lorg/gradle/internal/execution/UnitOfWork;Lorg/gradle/internal/execution/steps/IdentityContext;Lorg/gradle/internal/operations/BuildOperationContext;)Lorg/gradle/internal/execution/steps/CachingResult; 67 <appendix> member <vmtarget> ; # org/gradle/internal/execution/steps/ExecuteWorkBuildOperationFiringStep$$Lambda+0x00000179397c04b8
# instanceKlass org/gradle/internal/execution/steps/ExecuteWorkBuildOperationFiringStep$$Lambda+0x00000179397c0288
instanceKlass org/gradle/internal/execution/steps/ExecuteWorkBuildOperationFiringStep$ExecuteWorkResult
instanceKlass org/gradle/operations/execution/ExecuteWorkBuildOperationType$Result
instanceKlass org/gradle/internal/execution/steps/BuildOperationStep$1
instanceKlass org/gradle/internal/execution/steps/ExecuteWorkBuildOperationFiringStep$ExecuteWorkDetails
instanceKlass org/gradle/operations/execution/ExecuteWorkBuildOperationType$Details
instanceKlass  @bci org/gradle/internal/execution/steps/ExecuteWorkBuildOperationFiringStep lambda$execute$1 (Lorg/gradle/internal/execution/UnitOfWork;Lorg/gradle/internal/execution/steps/IdentityContext;Ljava/lang/String;)Lorg/gradle/internal/execution/steps/CachingResult; 4 <appendix> member <vmtarget> ; # org/gradle/internal/execution/steps/ExecuteWorkBuildOperationFiringStep$$Lambda+0x00000179397bf4c0
instanceKlass  @bci org/gradle/internal/execution/steps/IdentityCacheStep lambda$executeDeferred$1 (Lorg/gradle/cache/Cache;Lorg/gradle/internal/execution/UnitOfWork$Identity;Lorg/gradle/internal/execution/UnitOfWork;Lorg/gradle/internal/execution/steps/IdentityContext;)Lorg/gradle/internal/Try; 6 <appendix> member <vmtarget> ; # org/gradle/internal/execution/steps/IdentityCacheStep$$Lambda+0x00000179397bf2a0
instanceKlass  @bci org/gradle/internal/operations/DefaultBuildOperationQueue$WorkerRunnable lambda$runBatch$1 (Lorg/gradle/internal/operations/BuildOperation;)Ljava/lang/Integer; 28 <appendix> member <vmtarget> ; # org/gradle/internal/operations/DefaultBuildOperationQueue$WorkerRunnable$$Lambda+0x00000179397bf080
instanceKlass  @bci org/gradle/internal/operations/DefaultBuildOperationQueue$WorkerRunnable runBatch (Lorg/gradle/internal/operations/BuildOperation;)V 13 <appendix> member <vmtarget> ; # org/gradle/internal/operations/DefaultBuildOperationQueue$WorkerRunnable$$Lambda+0x00000179397bee60
instanceKlass org/gradle/api/internal/artifacts/ivyservice/resolveengine/artifact/EndCollection
instanceKlass  @bci org/gradle/internal/Deferrable$1 getCompleted ()Ljava/util/Optional; 14 <appendix> member <vmtarget> ; # org/gradle/internal/Deferrable$1$$Lambda+0x00000179397bec20
instanceKlass  @bci org/gradle/api/internal/artifacts/transform/TransformStep createInvocation (Lorg/gradle/api/internal/artifacts/transform/TransformStepSubject;Lorg/gradle/api/internal/artifacts/transform/TransformUpstreamDependencies;Lorg/gradle/api/internal/tasks/NodeExecutionContext;)Lorg/gradle/internal/Deferrable; 46 <appendix> argL0 ; # org/gradle/api/internal/artifacts/transform/TransformStep$$Lambda+0x00000179397b9d78
instanceKlass  @bci org/gradle/api/internal/artifacts/transform/TransformStep lambda$createInvocation$2 (Lorg/gradle/api/internal/artifacts/transform/TransformStepSubject;Lorg/gradle/internal/execution/InputFingerprinter;Lorg/gradle/api/internal/artifacts/transform/TransformDependencies;)Lorg/gradle/internal/Deferrable; 82 <appendix> member <vmtarget> ; # org/gradle/api/internal/artifacts/transform/TransformStep$$Lambda+0x00000179397b9b38
instanceKlass org/gradle/internal/Deferrable$1
instanceKlass  @bci org/gradle/api/internal/artifacts/transform/DefaultTransformInvocationFactory createInvocation (Lorg/gradle/api/internal/artifacts/transform/Transform;Ljava/io/File;Lorg/gradle/api/internal/artifacts/transform/TransformDependencies;Lorg/gradle/api/internal/artifacts/transform/TransformStepSubject;Lorg/gradle/internal/execution/InputFingerprinter;)Lorg/gradle/internal/Deferrable; 262 <appendix> member <vmtarget> ; # org/gradle/api/internal/artifacts/transform/DefaultTransformInvocationFactory$$Lambda+0x00000179397b98f8
instanceKlass org/gradle/internal/Deferrable$3
instanceKlass  @bci org/gradle/internal/execution/steps/IdentityCacheStep executeDeferred (Lorg/gradle/internal/execution/UnitOfWork;Lorg/gradle/internal/execution/steps/IdentityContext;Lorg/gradle/cache/Cache;)Lorg/gradle/internal/Deferrable; 52 <appendix> member <vmtarget> ; # org/gradle/internal/execution/steps/IdentityCacheStep$$Lambda+0x00000179397be550
instanceKlass org/gradle/api/internal/artifacts/transform/AbstractTransformExecution$DefaultIdentifyTransformExecutionProgressDetails
instanceKlass org/gradle/operations/dependencies/transforms/IdentifyTransformExecutionProgressDetails
instanceKlass org/gradle/api/internal/artifacts/transform/TransformWorkspaceIdentity
instanceKlass org/gradle/internal/MutableBoolean
instanceKlass  @bci org/gradle/api/internal/artifacts/transform/AbstractTransformExecution visitIdentityInputs (Lorg/gradle/internal/execution/UnitOfWork$InputVisitor;)V 78 <appendix> member <vmtarget> ; # org/gradle/api/internal/artifacts/transform/AbstractTransformExecution$$Lambda+0x00000179397b9220
instanceKlass org/gradle/internal/execution/UnitOfWork$InputFileValueSupplier
instanceKlass  @bci org/gradle/api/internal/artifacts/transform/AbstractTransformExecution visitIdentityInputs (Lorg/gradle/internal/execution/UnitOfWork$InputVisitor;)V 26 <appendix> member <vmtarget> ; # org/gradle/api/internal/artifacts/transform/AbstractTransformExecution$$Lambda+0x00000179397b9000
instanceKlass  @bci org/gradle/api/internal/artifacts/transform/AbstractTransformExecution visitIdentityInputs (Lorg/gradle/internal/execution/UnitOfWork$InputVisitor;)V 12 <appendix> member <vmtarget> ; # org/gradle/api/internal/artifacts/transform/AbstractTransformExecution$$Lambda+0x00000179397bbc48
instanceKlass org/gradle/api/internal/artifacts/transform/AbstractTransformExecution$1
instanceKlass org/gradle/operations/dependencies/transforms/SnapshotTransformInputsBuildOperationType$Details
instanceKlass org/gradle/api/internal/artifacts/transform/AbstractTransformExecution
instanceKlass  @bci org/gradle/api/internal/artifacts/transform/TransformStep createInvocation (Lorg/gradle/api/internal/artifacts/transform/TransformStepSubject;Lorg/gradle/api/internal/artifacts/transform/TransformUpstreamDependencies;Lorg/gradle/api/internal/tasks/NodeExecutionContext;)Lorg/gradle/internal/Deferrable; 38 <appendix> member <vmtarget> ; # org/gradle/api/internal/artifacts/transform/TransformStep$$Lambda+0x00000179397bb028
instanceKlass org/gradle/internal/Deferrable
instanceKlass org/gradle/api/internal/artifacts/transform/TransformStepSubject
instanceKlass org/gradle/api/internal/artifacts/transform/TransformingAsyncArtifactListener$1
instanceKlass org/gradle/api/internal/artifacts/transform/TransformingAsyncArtifactListener
instanceKlass org/gradle/api/internal/artifacts/ivyservice/resolveengine/artifact/ArtifactVisitorToResolvedFileVisitorAdapter
instanceKlass org/gradle/api/internal/artifacts/ivyservice/ResolvedFileCollectionVisitor
instanceKlass org/gradle/api/internal/file/collections/DefaultConfigurableFileCollection$2
instanceKlass  @bci org/gradle/api/internal/file/collections/DefaultConfigurableFileCollection calculateFinalizedValue ()V 10 <appendix> member <vmtarget> ; # org/gradle/api/internal/file/collections/DefaultConfigurableFileCollection$$Lambda+0x00000179397bcf58
instanceKlass  @bci org/gradle/api/internal/provider/TransformBackedProvider beforeRead (Lorg/gradle/internal/evaluation/EvaluationScopeContext;)V 10 <appendix> member <vmtarget> ; # org/gradle/api/internal/provider/TransformBackedProvider$$Lambda+0x00000179397bcd38
instanceKlass org/gradle/api/internal/provider/ValueSupplier$UnknownProducer
instanceKlass org/gradle/api/internal/provider/ValueSupplier$NoProducer
instanceKlass org/gradle/api/internal/artifacts/transform/DefaultTransform$IsolatedParameters
instanceKlass org/gradle/api/internal/artifacts/transform/DefaultTransform$FingerprintTransformInputsOperation$Result$1
instanceKlass org/gradle/api/internal/artifacts/transform/DefaultTransform$FingerprintTransformInputsOperation$Result
instanceKlass  @bci org/gradle/internal/properties/annotations/AbstractTypeMetadataWalker walkChildren (Ljava/lang/Object;Lorg/gradle/internal/properties/annotations/TypeMetadata;Ljava/lang/String;Lorg/gradle/internal/properties/annotations/TypeMetadataWalker$TypeMetadataVisitor;Ljava/util/Map;)V 13 <appendix> member <vmtarget> ; # org/gradle/internal/properties/annotations/AbstractTypeMetadataWalker$$Lambda+0x00000179397b5cf0
instanceKlass org/gradle/internal/properties/bean/DefaultPropertyWalker$1
instanceKlass org/gradle/internal/properties/annotations/TypeMetadataWalker$InstanceMetadataVisitor
instanceKlass org/gradle/api/internal/artifacts/transform/DefaultTransform$1
instanceKlass  @bci org/gradle/api/internal/tasks/properties/OutputUnpacker visitOutputFileProperty (Ljava/lang/String;ZLorg/gradle/internal/properties/PropertyValue;Lorg/gradle/internal/properties/OutputFilePropertyType;)V 49 <adapter> ; # java/lang/invoke/LambdaForm$MH+0x00000179397b8400
# instanceKlass java/lang/invoke/LambdaForm$DMH+0x00000179397b8000
instanceKlass  @bci org/gradle/api/internal/tasks/properties/OutputUnpacker visitOutputFileProperty (Ljava/lang/String;ZLorg/gradle/internal/properties/PropertyValue;Lorg/gradle/internal/properties/OutputFilePropertyType;)V 49 <appendix> form vmentry <vmtarget> ; # java/lang/invoke/LambdaForm$DMH+0x00000179397b4c00
instanceKlass  @bci org/gradle/api/internal/artifacts/transform/DefaultTransform fingerprintParameters (Lorg/gradle/internal/execution/InputFingerprinter;Lorg/gradle/api/internal/file/FileCollectionFactory;Lorg/gradle/internal/properties/bean/PropertyWalker;Lorg/gradle/internal/hash/Hasher;Ljava/lang/Object;ZLorg/gradle/api/problems/internal/InternalProblems;)V 30 <appendix> member <vmtarget> ; # org/gradle/api/internal/artifacts/transform/DefaultTransform$$Lambda+0x00000179397b7358
instanceKlass  @cpi org/gradle/api/internal/artifacts/transform/DefaultTransform 624 form vmentry <vmtarget> ; # java/lang/invoke/LambdaForm$DMH+0x00000179397b4800
instanceKlass org/gradle/api/internal/artifacts/transform/DefaultTransform$FingerprintTransformInputsOperation$Details$1
instanceKlass org/gradle/api/internal/artifacts/transform/DefaultTransform$FingerprintTransformInputsOperation$Details
instanceKlass org/gradle/api/internal/artifacts/transform/DefaultTransform$IsolateTransformParameters$2
instanceKlass  @bci org/gradle/api/internal/initialization/transform/InstrumentationAnalysisTransform$Parameters$Inject_ $gradleInit ()V 1 <appendix> member <vmtarget> ; # org/gradle/api/internal/initialization/transform/InstrumentationAnalysisTransform$Parameters$Inject_$$Lambda+0x00000179397b5668
instanceKlass org/gradle/internal/instantiation/generator/AsmBackedClassGenerator$InvokeSerializationConstructorAndInitializeFieldsStrategy
instanceKlass  @bci org/gradle/internal/instantiation/generator/AsmBackedClassGenerator createForSerialization (Ljava/lang/Class;Ljava/lang/Class;)Lorg/gradle/internal/instantiation/generator/AbstractClassGenerator$InstantiationStrategy; 31 <appendix> argL0 ; # org/gradle/internal/instantiation/generator/AsmBackedClassGenerator$$Lambda+0x00000179397b5228
instanceKlass org/gradle/internal/instantiation/generator/AbstractClassGenerator$GeneratedClassImpl$SerializationConstructorImpl
instanceKlass org/gradle/api/internal/initialization/transform/InstrumentationAnalysisTransform$Parameters$Inject_
instanceKlass  @bci org/gradle/internal/instantiation/generator/DefaultInstantiationScheme$DefaultDeserializationInstantiator serializationConstructorFor (Ljava/lang/Class;Ljava/lang/Class;)Lorg/gradle/internal/instantiation/generator/ClassGenerator$SerializationConstructor; 8 <appendix> member <vmtarget> ; # org/gradle/internal/instantiation/generator/DefaultInstantiationScheme$DefaultDeserializationInstantiator$$Lambda+0x00000179397af960
instanceKlass org/gradle/api/internal/artifacts/transform/BoundTransformStep
instanceKlass  @bci org/gradle/api/internal/artifacts/transform/AbstractTransformedArtifactSet <init> (Lorg/gradle/api/artifacts/component/ComponentIdentifier;Lorg/gradle/internal/component/model/VariantIdentifier;Lorg/gradle/api/internal/artifacts/ivyservice/resolveengine/artifact/ResolvedArtifactSet;Lorg/gradle/api/internal/attributes/ImmutableAttributes;Lorg/gradle/internal/component/external/model/ImmutableCapabilities;Lorg/gradle/api/internal/artifacts/transform/TransformChain;Lorg/gradle/api/internal/artifacts/transform/TransformUpstreamDependenciesResolver;Lorg/gradle/internal/model/CalculatedValueContainerFactory;)V 16 <appendix> member <vmtarget> ; # org/gradle/api/internal/artifacts/transform/AbstractTransformedArtifactSet$$Lambda+0x00000179397b68e0
instanceKlass  @bci org/gradle/api/internal/artifacts/transform/TransformUpstreamDependenciesResolver <clinit> ()V 0 <appendix> argL0 ; # org/gradle/api/internal/artifacts/transform/TransformUpstreamDependenciesResolver$$Lambda+0x00000179397b66c8
instanceKlass org/gradle/api/internal/artifacts/transform/TransformedVariant
instanceKlass org/gradle/api/internal/artifacts/transform/ConsumerProvidedVariantFinder$CachedVariant
instanceKlass org/gradle/api/internal/artifacts/transform/DefaultVariantDefinition
instanceKlass org/gradle/api/internal/artifacts/transform/ConsumerProvidedVariantFinder$ChainNode
instanceKlass  @bci org/gradle/api/internal/artifacts/transform/ConsumerProvidedVariantFinder doFindTransformedVariants (Ljava/util/List;Lorg/gradle/api/internal/attributes/ImmutableAttributes;)Ljava/util/List; 136 <appendix> member <vmtarget> ; # org/gradle/api/internal/artifacts/transform/ConsumerProvidedVariantFinder$$Lambda+0x00000179397b3928
instanceKlass org/gradle/api/internal/artifacts/transform/ConsumerProvidedVariantFinder$ChainState
instanceKlass  @bci org/gradle/api/internal/artifacts/transform/ConsumerProvidedVariantFinder$TransformCache query (Ljava/util/List;Lorg/gradle/api/internal/attributes/ImmutableAttributes;)Ljava/util/List; 75 <appendix> member <vmtarget> ; # org/gradle/api/internal/artifacts/transform/ConsumerProvidedVariantFinder$TransformCache$$Lambda+0x00000179397b34e0
instanceKlass org/gradle/api/internal/artifacts/transform/ConsumerProvidedVariantFinder$TransformCache$CacheKey
instanceKlass java/util/stream/DistinctOps
instanceKlass  @bci org/gradle/api/internal/initialization/transform/utils/InstrumentationClasspathMerger mergeToClasspath (Lorg/gradle/api/artifacts/ArtifactCollection;Lorg/gradle/api/artifacts/ArtifactCollection;Lorg/gradle/api/artifacts/ArtifactCollection;)Ljava/util/Map; 11 <appendix> argL0 ; # org/gradle/api/internal/initialization/transform/utils/InstrumentationClasspathMerger$$Lambda+0x00000179397aeec0
instanceKlass org/gradle/api/internal/initialization/transform/utils/InstrumentationClasspathMerger$OriginalArtifactIdentifier
instanceKlass  @bci org/gradle/api/internal/artifacts/configurations/ResolutionHost rethrowFailuresAndReportProblems (Ljava/lang/String;Ljava/util/Collection;)V 15 <appendix> argL0 ; # org/gradle/api/internal/artifacts/configurations/ResolutionHost$$Lambda+0x00000179397b30b0
instanceKlass org/gradle/api/internal/artifacts/ivyservice/resolveengine/artifact/ResolvedArtifactSetResolver$1$1
instanceKlass org/gradle/api/internal/artifacts/ResolveArtifactsBuildOperationType$Result
instanceKlass org/gradle/api/internal/artifacts/result/DefaultResolvedArtifactResult
instanceKlass  @bci org/gradle/internal/operations/DefaultBuildOperationQueue$WorkerRunnable run ()V 8 <appendix> member <vmtarget> ; # org/gradle/internal/operations/DefaultBuildOperationQueue$WorkerRunnable$$Lambda+0x00000179397ae8a0
instanceKlass org/gradle/internal/operations/DefaultBuildOperationQueue$WorkerRunnable
instanceKlass  @bci org/gradle/api/internal/attributes/matching/DefaultAttributeMatcher doIsMatchingCandidate (Lorg/gradle/api/internal/attributes/matching/DefaultAttributeMatcher$MatchingCandidateCacheKey;)Z 18 <appendix> member <vmtarget> ; # org/gradle/api/internal/attributes/matching/DefaultAttributeMatcher$$Lambda+0x00000179397b2a10
instanceKlass  @cpi org/gradle/api/internal/attributes/matching/DefaultAttributeMatcher 337 form vmentry <vmtarget> ; # java/lang/invoke/LambdaForm$DMH+0x00000179397b4000
instanceKlass org/gradle/api/internal/attributes/matching/DefaultAttributeMatcher$CoercingAttributeValuePredicate
instanceKlass org/gradle/internal/component/model/LoggingAttributeMatchingExplanationBuilder
instanceKlass org/gradle/internal/component/model/AttributeMatchingExplanationBuilder$1
instanceKlass org/gradle/internal/component/model/AttributeMatchingExplanationBuilder
instanceKlass  @bci org/gradle/api/internal/attributes/matching/DefaultAttributeMatcher <init> (Lorg/gradle/api/internal/attributes/matching/AttributeSelectionSchema;Lorg/gradle/internal/model/InMemoryCacheFactory;)V 26 <appendix> member <vmtarget> ; # org/gradle/api/internal/attributes/matching/DefaultAttributeMatcher$$Lambda+0x00000179397b1f00
instanceKlass org/gradle/api/internal/attributes/matching/DefaultAttributeMatcher$MatchingCandidateCacheKey
instanceKlass  @bci org/gradle/api/internal/attributes/matching/DefaultAttributeMatcher <init> (Lorg/gradle/api/internal/attributes/matching/AttributeSelectionSchema;Lorg/gradle/internal/model/InMemoryCacheFactory;)V 12 <appendix> member <vmtarget> ; # org/gradle/api/internal/attributes/matching/DefaultAttributeMatcher$$Lambda+0x00000179397b1ab8
instanceKlass org/gradle/api/internal/attributes/matching/DefaultAttributeMatcher$CachedQuery
instanceKlass  @bci org/gradle/api/internal/attributes/matching/CachingAttributeSelectionSchema <init> (Lorg/gradle/api/internal/attributes/matching/AttributeSelectionSchema;Lorg/gradle/internal/model/InMemoryCacheFactory;)V 26 <appendix> member <vmtarget> ; # org/gradle/api/internal/attributes/matching/CachingAttributeSelectionSchema$$Lambda+0x00000179397b1670
instanceKlass org/gradle/api/internal/attributes/matching/CachingAttributeSelectionSchema$MatchValueKey
instanceKlass  @bci org/gradle/api/internal/attributes/matching/CachingAttributeSelectionSchema <init> (Lorg/gradle/api/internal/attributes/matching/AttributeSelectionSchema;Lorg/gradle/internal/model/InMemoryCacheFactory;)V 12 <appendix> member <vmtarget> ; # org/gradle/api/internal/attributes/matching/CachingAttributeSelectionSchema$$Lambda+0x00000179397b1228
instanceKlass org/gradle/api/internal/attributes/matching/CachingAttributeSelectionSchema$ExtraAttributesKey
instanceKlass org/gradle/api/internal/attributes/CompatibilityCheckResult
instanceKlass org/gradle/api/attributes/CompatibilityCheckDetails
instanceKlass org/gradle/api/internal/attributes/matching/DefaultAttributeSelectionSchema
instanceKlass org/gradle/api/internal/attributes/matching/CachingAttributeSelectionSchema
instanceKlass com/google/common/collect/NullnessCasts
instanceKlass org/gradle/api/internal/artifacts/DefaultResolvedArtifact
instanceKlass org/gradle/internal/component/model/DefaultIvyArtifactName
instanceKlass org/gradle/api/internal/artifacts/ivyservice/resolveengine/artifact/LocalFileDependencyBackedArtifactSet$SingletonFileResolvedVariant
instanceKlass org/gradle/internal/component/local/model/OpaqueComponentIdentifier
instanceKlass  @bci org/gradle/api/internal/file/CompositeFileCollection visitContents (Lorg/gradle/api/internal/file/FileCollectionStructureVisitor;)V 2 <appendix> member <vmtarget> ; # org/gradle/api/internal/file/CompositeFileCollection$$Lambda+0x00000179397adbc8
instanceKlass org/gradle/api/internal/file/AbstractFileCollection$1
instanceKlass org/gradle/internal/operations/DefaultBuildOperationQueue
instanceKlass  @bci org/gradle/internal/operations/DefaultBuildOperationExecutor executeInParallel (ZLorg/gradle/internal/operations/BuildOperationWorker;Lorg/gradle/api/Action;Lorg/gradle/internal/operations/BuildOperationConstraint;)V 25 <appendix> member <vmtarget> ; # org/gradle/internal/operations/DefaultBuildOperationExecutor$$Lambda+0x00000179397acc88
instanceKlass org/gradle/internal/operations/BuildOperationQueue$QueueWorker
instanceKlass  @bci org/gradle/internal/operations/DefaultBuildOperationExecutor runAll (Lorg/gradle/api/Action;Lorg/gradle/internal/operations/BuildOperationConstraint;)V 2 <appendix> argL0 ; # org/gradle/internal/operations/DefaultBuildOperationExecutor$$Lambda+0x00000179397ac878
instanceKlass org/gradle/api/internal/artifacts/ivyservice/resolveengine/artifact/ParallelResolveArtifactSet$VisitingSet$StartVisitAction
instanceKlass org/gradle/api/internal/artifacts/ivyservice/resolveengine/artifact/ResolvedArtifactSet$Visitor
instanceKlass org/gradle/api/internal/artifacts/ivyservice/resolveengine/artifact/ParallelResolveArtifactSet
instanceKlass org/gradle/api/internal/artifacts/ivyservice/resolveengine/artifact/ResolvedArtifactSetResolver$1$2
instanceKlass org/gradle/api/internal/artifacts/ResolveArtifactsBuildOperationType$Details
instanceKlass org/gradle/api/internal/artifacts/ivyservice/resolveengine/artifact/ResolvedArtifactSetResolver$1
instanceKlass  @bci org/gradle/api/internal/artifacts/ivyservice/resolveengine/artifact/ResolvedArtifactSetResolver visitInUnmanagedWorkerThread (Lorg/gradle/api/internal/artifacts/ivyservice/resolveengine/artifact/ResolvedArtifactSet;Lorg/gradle/api/internal/artifacts/ivyservice/resolveengine/artifact/ArtifactVisitor;Lorg/gradle/api/internal/artifacts/configurations/ResolutionHost;)V 8 <appendix> member <vmtarget> ; # org/gradle/api/internal/artifacts/ivyservice/resolveengine/artifact/ResolvedArtifactSetResolver$$Lambda+0x00000179397aaf60
instanceKlass  @bci org/gradle/api/internal/artifacts/configurations/ResolveConfigurationResolutionBuildOperationResult <init> (Ljava/util/function/Supplier;Lorg/gradle/api/internal/attributes/ImmutableAttributes;Lorg/gradle/api/internal/attributes/AttributesFactory;)V 15 <appendix> member <vmtarget> ; # org/gradle/api/internal/artifacts/configurations/ResolveConfigurationResolutionBuildOperationResult$$Lambda+0x00000179397aad40
instanceKlass  @bci org/gradle/internal/lazy/Lazy unsafe ()Lorg/gradle/internal/lazy/Lazy$Factory; 0 <appendix> argL0 ; # org/gradle/internal/lazy/Lazy$$Lambda+0x00000179397ac468
instanceKlass org/gradle/internal/lazy/UnsafeLazy
instanceKlass org/gradle/api/internal/artifacts/configurations/ResolveConfigurationResolutionBuildOperationResult
instanceKlass org/gradle/api/internal/artifacts/configurations/ResolveConfigurationDependenciesBuildOperationType$Result
instanceKlass org/gradle/api/internal/artifacts/ivyservice/DefaultResolvedConfiguration
instanceKlass  @bci org/gradle/api/internal/artifacts/ivyservice/ResolutionExecutor resolveGraph (Lorg/gradle/api/internal/artifacts/LegacyResolutionParameters;Lorg/gradle/api/internal/artifacts/ivyservice/ResolutionParameters;Ljava/util/List;)Lorg/gradle/api/internal/artifacts/ResolverResults; 396 <appendix> member <vmtarget> ; # org/gradle/api/internal/artifacts/ivyservice/ResolutionExecutor$$Lambda+0x00000179397aa630
instanceKlass org/gradle/api/internal/artifacts/ivyservice/DefaultLenientConfiguration
instanceKlass  @bci org/gradle/api/internal/artifacts/transform/DefaultTransformUpstreamDependenciesResolver <init> (Lorg/gradle/api/internal/artifacts/configurations/ResolutionHost;Lorg/gradle/operations/dependencies/configurations/ConfigurationIdentity;Lorg/gradle/api/internal/attributes/ImmutableAttributes;Lorg/gradle/api/artifacts/ResolutionStrategy$SortOrder;Lorg/gradle/api/internal/artifacts/ivyservice/resolveengine/graph/results/VisitedGraphResults;Lorg/gradle/api/internal/artifacts/ivyservice/resolveengine/artifact/VisitedArtifactSet;Lorg/gradle/api/internal/DomainObjectContext;Lorg/gradle/internal/model/CalculatedValueContainerFactory;Lorg/gradle/api/internal/attributes/AttributesFactory;Lorg/gradle/api/internal/tasks/TaskDependencyFactory;)V 80 <appendix> member <vmtarget> ; # org/gradle/api/internal/artifacts/transform/DefaultTransformUpstreamDependenciesResolver$$Lambda+0x00000179397aa138
instanceKlass  @bci org/gradle/api/internal/artifacts/transform/DefaultTransformUpstreamDependenciesResolver <init> (Lorg/gradle/api/internal/artifacts/configurations/ResolutionHost;Lorg/gradle/operations/dependencies/configurations/ConfigurationIdentity;Lorg/gradle/api/internal/attributes/ImmutableAttributes;Lorg/gradle/api/artifacts/ResolutionStrategy$SortOrder;Lorg/gradle/api/internal/artifacts/ivyservice/resolveengine/graph/results/VisitedGraphResults;Lorg/gradle/api/internal/artifacts/ivyservice/resolveengine/artifact/VisitedArtifactSet;Lorg/gradle/api/internal/DomainObjectContext;Lorg/gradle/internal/model/CalculatedValueContainerFactory;Lorg/gradle/api/internal/attributes/AttributesFactory;Lorg/gradle/api/internal/tasks/TaskDependencyFactory;)V 53 <appendix> member <vmtarget> ; # org/gradle/api/internal/artifacts/transform/DefaultTransformUpstreamDependenciesResolver$$Lambda+0x00000179397a9ec0
instanceKlass  @bci org/gradle/api/internal/artifacts/ivyservice/ResolutionExecutor resolveGraph (Lorg/gradle/api/internal/artifacts/LegacyResolutionParameters;Lorg/gradle/api/internal/artifacts/ivyservice/ResolutionParameters;Ljava/util/List;)Lorg/gradle/api/internal/artifacts/ResolverResults; 355 <appendix> member <vmtarget> ; # org/gradle/api/internal/artifacts/ivyservice/ResolutionExecutor$$Lambda+0x00000179397a9ca0
instanceKlass  @bci org/gradle/api/internal/artifacts/ivyservice/resolveengine/result/StreamingResolutionResultBuilder getResolutionResult (Ljava/util/Set;)Lorg/gradle/api/internal/artifacts/result/MinimalResolutionResult; 50 <appendix> member <vmtarget> ; # org/gradle/api/internal/artifacts/ivyservice/resolveengine/result/StreamingResolutionResultBuilder$$Lambda+0x00000179397a9a80
instanceKlass org/gradle/api/internal/artifacts/ivyservice/resolveengine/result/StreamingResolutionResultBuilder$RootFactory
instanceKlass org/gradle/api/internal/artifacts/ivyservice/resolveengine/store/DefaultBinaryStore$SimpleBinaryData
instanceKlass  @bci org/gradle/api/internal/artifacts/ivyservice/resolveengine/oldresult/TransientConfigurationResultsBuilder finishArtifacts (Lorg/gradle/api/internal/artifacts/ivyservice/resolveengine/graph/RootGraphNode;)V 5 <appendix> member <vmtarget> ; # org/gradle/api/internal/artifacts/ivyservice/resolveengine/oldresult/TransientConfigurationResultsBuilder$$Lambda+0x00000179397a93c8
instanceKlass  @bci org/gradle/api/internal/artifacts/ivyservice/resolveengine/result/StreamingResolutionResultBuilder finish (Lorg/gradle/api/internal/artifacts/ivyservice/resolveengine/graph/RootGraphNode;)V 5 <appendix> member <vmtarget> ; # org/gradle/api/internal/artifacts/ivyservice/resolveengine/result/StreamingResolutionResultBuilder$$Lambda+0x00000179397a91a8
instanceKlass  @bci org/gradle/api/internal/artifacts/ivyservice/resolveengine/oldresult/TransientConfigurationResultsBuilder visitArtifacts (Lorg/gradle/api/internal/artifacts/ivyservice/resolveengine/graph/DependencyGraphNode;Lorg/gradle/internal/component/local/model/LocalFileDependencyMetadata;ILorg/gradle/api/internal/artifacts/ivyservice/resolveengine/artifact/ArtifactSet;)V 6 <appendix> member <vmtarget> ; # org/gradle/api/internal/artifacts/ivyservice/resolveengine/oldresult/TransientConfigurationResultsBuilder$$Lambda+0x00000179397a8f88
instanceKlass  @bci org/gradle/api/internal/artifacts/ivyservice/resolveengine/oldresult/TransientConfigurationResultsBuilder visitNode (Lorg/gradle/api/internal/artifacts/ivyservice/resolveengine/graph/DependencyGraphNode;)V 6 <appendix> member <vmtarget> ; # org/gradle/api/internal/artifacts/ivyservice/resolveengine/oldresult/TransientConfigurationResultsBuilder$$Lambda+0x00000179397a8d68
instanceKlass org/gradle/api/internal/artifacts/ivyservice/resolveengine/result/ComponentIdentifierSerializer$1
instanceKlass org/gradle/api/internal/artifacts/ProjectComponentIdentifierInternal
instanceKlass org/gradle/api/artifacts/component/ProjectComponentIdentifier
instanceKlass  @bci org/gradle/api/internal/artifacts/ivyservice/resolveengine/result/StreamingResolutionResultBuilder visitNode (Lorg/gradle/api/internal/artifacts/ivyservice/resolveengine/graph/DependencyGraphNode;)V 34 <appendix> member <vmtarget> ; # org/gradle/api/internal/artifacts/ivyservice/resolveengine/result/StreamingResolutionResultBuilder$$Lambda+0x00000179397a8240
instanceKlass org/gradle/cache/internal/BinaryStore$WriteAction
instanceKlass org/gradle/api/internal/artifacts/ivyservice/resolveengine/graph/CompositeDependencyArtifactsVisitor
instanceKlass org/gradle/api/internal/artifacts/ivyservice/resolveengine/result/DeduplicatingAttributeContainerSerializer
instanceKlass org/gradle/api/internal/artifacts/ivyservice/resolveengine/result/DeduplicatingComponentSelectorSerializer
instanceKlass  @bci org/gradle/api/internal/artifacts/ivyservice/resolveengine/result/StreamingResolutionResultBuilder <init> (Lorg/gradle/cache/internal/BinaryStore;Lorg/gradle/cache/internal/Store;Lorg/gradle/api/internal/artifacts/ivyservice/resolveengine/result/AttributeContainerSerializer;Lorg/gradle/api/internal/artifacts/capability/CapabilitySelectorSerializer;Lorg/gradle/api/internal/artifacts/ivyservice/resolveengine/result/AdhocHandlingComponentResultSerializer;Lorg/gradle/api/internal/artifacts/ivyservice/resolveengine/result/ComponentSelectionDescriptorFactory;Z)V 54 <appendix> member <vmtarget> ; # org/gradle/api/internal/artifacts/ivyservice/resolveengine/result/StreamingResolutionResultBuilder$$Lambda+0x000001793979f730
instanceKlass org/gradle/api/internal/artifacts/ivyservice/resolveengine/result/DependencyResultSerializer
instanceKlass org/gradle/api/internal/artifacts/ivyservice/resolveengine/result/StreamingResolutionResultBuilder
instanceKlass org/gradle/api/internal/artifacts/ivyservice/resolveengine/oldresult/TransientConfigurationResults
instanceKlass org/gradle/api/internal/artifacts/ivyservice/resolveengine/oldresult/TransientConfigurationResultsBuilder
instanceKlass org/gradle/api/internal/artifacts/ivyservice/resolveengine/store/CachedStoreFactory$SimpleStore
instanceKlass org/gradle/api/internal/artifacts/ivyservice/resolveengine/store/CachedStoreFactory$Stats
instanceKlass org/gradle/cache/internal/Store
instanceKlass org/gradle/api/internal/artifacts/ivyservice/resolveengine/store/CachedStoreFactory
instanceKlass org/gradle/cache/internal/BinaryStore$BinaryData
instanceKlass org/gradle/api/internal/artifacts/ivyservice/resolveengine/store/DefaultBinaryStore
instanceKlass java/io/DeleteOnExitHook$1
instanceKlass java/io/DeleteOnExitHook
instanceKlass org/gradle/cache/internal/BinaryStore
instanceKlass org/gradle/api/internal/artifacts/ivyservice/resolveengine/store/ResolutionResultsStoreFactory$1
instanceKlass  @bci org/gradle/api/internal/artifacts/ivyservice/DefaultConfigurationResolver resolveGraph (Lorg/gradle/api/internal/artifacts/configurations/ConfigurationInternal;)Lorg/gradle/api/internal/artifacts/ResolverResults; 56 <appendix> member <vmtarget> ; # org/gradle/api/internal/artifacts/ivyservice/DefaultConfigurationResolver$$Lambda+0x000001793979e098
instanceKlass  @bci org/gradle/api/internal/artifacts/configurations/ResolveConfigurationResolutionBuildOperationDetails$RepositoryImpl transform (Ljava/util/List;)Ljava/util/List; 1 <appendix> argL0 ; # org/gradle/api/internal/artifacts/configurations/ResolveConfigurationResolutionBuildOperationDetails$RepositoryImpl$$Lambda+0x000001793979de60
instanceKlass org/gradle/api/internal/artifacts/configurations/ResolveConfigurationResolutionBuildOperationDetails$RepositoryImpl
instanceKlass org/gradle/api/internal/artifacts/configurations/ResolveConfigurationDependenciesBuildOperationType$Repository
instanceKlass  @bci org/gradle/api/internal/artifacts/DefaultDependencyManagementServices$DependencyResolutionScopeServices collectRepositories (Lorg/gradle/api/artifacts/dsl/RepositoryHandler;)Ljava/util/List; 14 <appendix> member <vmtarget> ; # org/gradle/api/internal/artifacts/DefaultDependencyManagementServices$DependencyResolutionScopeServices$$Lambda+0x000001793979d9c8
instanceKlass org/gradle/api/internal/artifacts/repositories/ResolutionAwareRepository
instanceKlass org/gradle/api/internal/artifacts/configurations/ResolveConfigurationResolutionBuildOperationDetails
instanceKlass org/gradle/api/internal/artifacts/configurations/ResolveConfigurationDependenciesBuildOperationType$Details
instanceKlass org/gradle/api/internal/artifacts/configurations/DefaultConfiguration$1
instanceKlass  @bci org/gradle/api/internal/artifacts/configurations/DefaultConfiguration resolveExclusivelyIfRequired ()Lorg/gradle/api/internal/artifacts/ResolverResults; 5 <appendix> member <vmtarget> ; # org/gradle/api/internal/artifacts/configurations/DefaultConfiguration$$Lambda+0x000001793979d088
instanceKlass  @bci org/gradle/api/internal/artifacts/configurations/DefaultConfiguration isFullyResolved (Ljava/util/Optional;)Ljava/lang/Boolean; 1 <appendix> argL0 ; # org/gradle/api/internal/artifacts/configurations/DefaultConfiguration$$Lambda+0x000001793979ce50
instanceKlass org/gradle/api/internal/artifacts/ivyservice/ResolvedArtifactCollectingVisitor
instanceKlass org/gradle/api/internal/initialization/transform/utils/InstrumentationClasspathMerger
instanceKlass  @bci org/gradle/api/internal/initialization/DefaultScriptClassPathResolver lambda$getInstrumentedProjectDependencies$10 (Lorg/gradle/api/artifacts/ArtifactView$ViewConfiguration;)V 13 <appendix> argL0 ; # org/gradle/api/internal/initialization/DefaultScriptClassPathResolver$$Lambda+0x00000179397a5000
instanceKlass  @bci org/gradle/api/internal/initialization/DefaultScriptClassPathResolver lambda$getInstrumentedProjectDependencies$10 (Lorg/gradle/api/artifacts/ArtifactView$ViewConfiguration;)V 1 <appendix> argL0 ; # org/gradle/api/internal/initialization/DefaultScriptClassPathResolver$$Lambda+0x00000179397a7dc0
instanceKlass  @bci org/gradle/api/internal/initialization/DefaultScriptClassPathResolver getInstrumentedProjectDependencies (Lorg/gradle/api/artifacts/Configuration;)Lorg/gradle/api/artifacts/ArtifactCollection; 6 <appendix> argL0 ; # org/gradle/api/internal/initialization/DefaultScriptClassPathResolver$$Lambda+0x00000179397a7ba8
instanceKlass  @bci org/gradle/api/internal/initialization/DefaultScriptClassPathResolver lambda$getInstrumentedExternalDependencies$8 (Lorg/gradle/api/artifacts/ArtifactView$ViewConfiguration;)V 13 <appendix> argL0 ; # org/gradle/api/internal/initialization/DefaultScriptClassPathResolver$$Lambda+0x00000179397a7990
instanceKlass  @bci org/gradle/api/internal/initialization/DefaultScriptClassPathResolver lambda$getInstrumentedExternalDependencies$8 (Lorg/gradle/api/artifacts/ArtifactView$ViewConfiguration;)V 1 <appendix> argL0 ; # org/gradle/api/internal/initialization/DefaultScriptClassPathResolver$$Lambda+0x00000179397a7778
instanceKlass  @bci org/gradle/api/internal/initialization/DefaultScriptClassPathResolver getInstrumentedExternalDependencies (Lorg/gradle/api/artifacts/Configuration;)Lorg/gradle/api/artifacts/ArtifactCollection; 6 <appendix> argL0 ; # org/gradle/api/internal/initialization/DefaultScriptClassPathResolver$$Lambda+0x00000179397a7560
instanceKlass  @bci org/gradle/api/internal/file/collections/DefaultConfigurableFileCollection$UnresolvedItemsCollector addItem (Lorg/gradle/api/internal/file/collections/DefaultConfigurableFileCollection;Lorg/gradle/internal/file/PathToFileResolver;Lorg/gradle/api/tasks/util/internal/PatternSetFactory;Lorg/gradle/api/internal/tasks/TaskDependencyFactory;Lorg/gradle/api/internal/provider/PropertyHost;Ljava/lang/Object;Lcom/google/common/collect/ImmutableList;)V 22 <appendix> member <vmtarget> ; # org/gradle/api/internal/file/collections/DefaultConfigurableFileCollection$UnresolvedItemsCollector$$Lambda+0x00000179397a7340
instanceKlass org/gradle/api/internal/file/FileCollectionExecutionTimeValue
instanceKlass  @bci org/gradle/api/internal/initialization/transform/services/CacheInstrumentationDataBuildService$1 setTypeHierarchyAnalysisResult (Lorg/gradle/api/file/FileCollection;)V 1 <appendix> argL0 ; # org/gradle/api/internal/initialization/transform/services/CacheInstrumentationDataBuildService$1$$Lambda+0x00000179397a6a70
instanceKlass org/gradle/api/internal/initialization/transform/utils/InstrumentationTransformUtils
instanceKlass  @bci org/gradle/api/internal/initialization/DefaultScriptClassPathResolver lambda$getAnalysisResult$4 (Lorg/gradle/api/artifacts/ArtifactView$ViewConfiguration;)V 14 <appendix> argL0 ; # org/gradle/api/internal/initialization/DefaultScriptClassPathResolver$$Lambda+0x00000179397a6658
instanceKlass  @bci org/gradle/api/internal/initialization/DefaultScriptClassPathResolver lambda$getAnalysisResult$4 (Lorg/gradle/api/artifacts/ArtifactView$ViewConfiguration;)V 2 <appendix> member <vmtarget> ; # org/gradle/api/internal/initialization/DefaultScriptClassPathResolver$$Lambda+0x00000179397a6438
instanceKlass  @bci org/gradle/api/internal/initialization/DefaultScriptClassPathResolver getAnalysisResult (Lorg/gradle/api/artifacts/Configuration;)Lorg/gradle/api/file/FileCollection; 7 <appendix> member <vmtarget> ; # org/gradle/api/internal/initialization/DefaultScriptClassPathResolver$$Lambda+0x00000179397a6218
instanceKlass  @bci org/gradle/api/internal/initialization/DefaultScriptClassPathResolver lambda$getOriginalDependencies$6 (Lorg/gradle/api/artifacts/ArtifactView$ViewConfiguration;)V 1 <appendix> argL0 ; # org/gradle/api/internal/initialization/DefaultScriptClassPathResolver$$Lambda+0x00000179397a6000
instanceKlass  @bci org/gradle/api/internal/initialization/DefaultScriptClassPathResolver getOriginalDependencies (Lorg/gradle/api/artifacts/Configuration;)Lorg/gradle/api/artifacts/ArtifactView; 6 <appendix> argL0 ; # org/gradle/api/internal/initialization/DefaultScriptClassPathResolver$$Lambda+0x00000179397a3c20
instanceKlass org/gradle/api/internal/initialization/transform/services/CacheInstrumentationDataBuildService$1
instanceKlass  @bci org/gradle/api/internal/initialization/transform/services/CacheInstrumentationDataBuildService$ResolutionData_Decorated $gradleInit ()V 1 <appendix> member <vmtarget> ; # org/gradle/api/internal/initialization/transform/services/CacheInstrumentationDataBuildService$ResolutionData_Decorated$$Lambda+0x00000179397a3798
instanceKlass  @bci org/gradle/api/internal/initialization/transform/services/CacheInstrumentationDataBuildService$ResolutionData <init> (Lorg/gradle/api/internal/initialization/transform/services/InjectedInstrumentationServices;Lorg/gradle/api/internal/initialization/transform/utils/InstrumentationAnalysisSerializer;Lcom/google/common/cache/Cache;)V 48 <appendix> member <vmtarget> ; # org/gradle/api/internal/initialization/transform/services/CacheInstrumentationDataBuildService$ResolutionData$$Lambda+0x00000179397a3578
instanceKlass  @bci org/gradle/api/internal/initialization/transform/services/CacheInstrumentationDataBuildService$ResolutionData <init> (Lorg/gradle/api/internal/initialization/transform/services/InjectedInstrumentationServices;Lorg/gradle/api/internal/initialization/transform/utils/InstrumentationAnalysisSerializer;Lcom/google/common/cache/Cache;)V 30 <appendix> member <vmtarget> ; # org/gradle/api/internal/initialization/transform/services/CacheInstrumentationDataBuildService$ResolutionData$$Lambda+0x00000179397a3358
instanceKlass org/gradle/internal/classpath/types/ExternalPluginsInstrumentationTypeRegistry
instanceKlass org/gradle/api/internal/initialization/transform/utils/DefaultInstrumentationAnalysisSerializer
instanceKlass org/gradle/api/internal/initialization/transform/utils/CachedInstrumentationAnalysisSerializer
instanceKlass  @bci org/gradle/api/internal/initialization/transform/services/InjectedInstrumentationServices_Decorated $gradleInit ()V 1 <appendix> member <vmtarget> ; # org/gradle/api/internal/initialization/transform/services/InjectedInstrumentationServices_Decorated$$Lambda+0x00000179397a26b0
instanceKlass  @bci org/gradle/api/internal/initialization/transform/services/InjectedInstrumentationServices <init> ()V 27 <appendix> member <vmtarget> ; # org/gradle/api/internal/initialization/transform/services/InjectedInstrumentationServices$$Lambda+0x00000179397a2490
instanceKlass  @bci org/gradle/api/internal/initialization/transform/services/InjectedInstrumentationServices <init> ()V 9 <appendix> member <vmtarget> ; # org/gradle/api/internal/initialization/transform/services/InjectedInstrumentationServices$$Lambda+0x00000179397a2270
instanceKlass  @bci org/gradle/api/internal/initialization/transform/services/CacheInstrumentationDataBuildService newResolutionScope (J)Lorg/gradle/api/internal/initialization/transform/services/CacheInstrumentationDataBuildService$ResolutionScope; 10 <appendix> member <vmtarget> ; # org/gradle/api/internal/initialization/transform/services/CacheInstrumentationDataBuildService$$Lambda+0x00000179397a1cb0
instanceKlass  @cpi org/gradle/api/internal/initialization/transform/services/CacheInstrumentationDataBuildService 266 form vmentry <vmtarget> ; # java/lang/invoke/LambdaForm$DMH+0x00000179397a4000
instanceKlass  @bci org/gradle/api/internal/initialization/transform/services/CacheInstrumentationDataBuildService$Inject_ $gradleInit ()V 1 <appendix> member <vmtarget> ; # org/gradle/api/internal/initialization/transform/services/CacheInstrumentationDataBuildService$Inject_$$Lambda+0x00000179397a1a90
instanceKlass  @bci org/gradle/api/internal/initialization/transform/services/CacheInstrumentationDataBuildService <init> ()V 55 <appendix> argL0 ; # org/gradle/api/internal/initialization/transform/services/CacheInstrumentationDataBuildService$$Lambda+0x00000179397a1878
instanceKlass  @bci org/gradle/api/internal/initialization/transform/services/CacheInstrumentationDataBuildService <init> ()V 38 <appendix> member <vmtarget> ; # org/gradle/api/internal/initialization/transform/services/CacheInstrumentationDataBuildService$$Lambda+0x00000179397a1658
instanceKlass  @bci org/gradle/api/internal/initialization/transform/services/CacheInstrumentationDataBuildService <init> ()V 20 <appendix> member <vmtarget> ; # org/gradle/api/internal/initialization/transform/services/CacheInstrumentationDataBuildService$$Lambda+0x00000179397a1438
instanceKlass org/gradle/api/internal/initialization/transform/services/CacheInstrumentationDataBuildService$ResolutionData
instanceKlass org/gradle/api/internal/initialization/transform/services/CacheInstrumentationDataBuildService$ResolutionScope
instanceKlass org/gradle/api/internal/initialization/transform/utils/InstrumentationAnalysisSerializer
instanceKlass org/gradle/internal/isolated/IsolationScheme$ServicesForIsolatedObject
instanceKlass  @bci org/gradle/api/internal/initialization/DefaultBuildLogicBuilder resolveClassPath (Lorg/gradle/api/artifacts/Configuration;Lorg/gradle/api/internal/initialization/ScriptClassPathResolutionContext;)Lorg/gradle/internal/classpath/ClassPath; 16 <appendix> member <vmtarget> ; # org/gradle/api/internal/initialization/DefaultBuildLogicBuilder$$Lambda+0x00000179397a06c8
instanceKlass  @bci org/gradle/api/internal/artifacts/configurations/ResolutionBackedFileCollection visitDependencies (Lorg/gradle/api/internal/tasks/TaskDependencyResolveContext;)V 43 <appendix> member <vmtarget> ; # org/gradle/api/internal/artifacts/configurations/ResolutionBackedFileCollection$$Lambda+0x000001793979c9a8
instanceKlass org/gradle/api/tasks/TaskOutputs
instanceKlass org/gradle/api/internal/file/collections/UnpackingVisitor
instanceKlass  @bci org/gradle/api/internal/file/collections/DefaultConfigurableFileCollection visitChildren (Ljava/util/function/Consumer;)V 15 <appendix> member <vmtarget> ; # org/gradle/api/internal/file/collections/DefaultConfigurableFileCollection$$Lambda+0x0000017939787be8
instanceKlass  @bci org/gradle/api/internal/file/collections/DefaultConfigurableFileCollection visitChildren (Ljava/util/function/Consumer;)V 5 <appendix> member <vmtarget> ; # org/gradle/api/internal/file/collections/DefaultConfigurableFileCollection$$Lambda+0x00000179397879c8
instanceKlass  @bci org/gradle/api/internal/file/CompositeFileCollection visitDependencies (Lorg/gradle/api/internal/tasks/TaskDependencyResolveContext;)V 7 <appendix> member <vmtarget> ; # org/gradle/api/internal/file/CompositeFileCollection$$Lambda+0x0000017939787798
instanceKlass  @bci org/gradle/api/internal/artifacts/ivyservice/resolveengine/artifact/DefaultSelectedArtifactSet visitDependencies (Lorg/gradle/api/internal/tasks/TaskDependencyResolveContext;)V 10 <appendix> member <vmtarget> ; # org/gradle/api/internal/artifacts/ivyservice/resolveengine/artifact/DefaultSelectedArtifactSet$$Lambda+0x000001793979c778
instanceKlass org/gradle/api/internal/artifacts/ivyservice/resolveengine/artifact/DefaultSelectedArtifactSet
instanceKlass org/gradle/api/internal/artifacts/ivyservice/resolveengine/artifact/ResolvedArtifactSet$1
instanceKlass org/gradle/api/internal/artifacts/ivyservice/resolveengine/artifact/CompositeResolvedArtifactSet
instanceKlass org/gradle/api/internal/artifacts/ivyservice/resolveengine/artifact/DefaultVisitedArtifactResults$DefaultSelectedArtifactResults
instanceKlass org/gradle/api/internal/artifacts/ivyservice/resolveengine/artifact/ResolvedVariantSet
instanceKlass org/gradle/api/internal/artifacts/ivyservice/resolveengine/artifact/ArtifactSelectionSpec
instanceKlass org/gradle/api/internal/artifacts/DefaultResolverResults
instanceKlass org/gradle/api/internal/artifacts/DefaultResolverResults$DefaultLegacyResolverResults
instanceKlass org/gradle/api/internal/artifacts/ResolverResults$LegacyResolverResults
instanceKlass org/gradle/api/internal/artifacts/transform/ResolvedVariantTransformer
instanceKlass org/gradle/api/internal/artifacts/ivyservice/resolveengine/artifact/ResolvedVariant
instanceKlass org/gradle/internal/resolve/resolver/ComponentArtifactResolver
instanceKlass org/gradle/internal/component/model/VariantResolveMetadata$Identifier
instanceKlass org/gradle/internal/resolve/resolver/DefaultVariantArtifactResolver
instanceKlass  @bci org/gradle/api/internal/artifacts/transform/DefaultTransformUpstreamDependenciesResolver <init> (Lorg/gradle/api/internal/artifacts/configurations/ResolutionHost;Lorg/gradle/operations/dependencies/configurations/ConfigurationIdentity;Lorg/gradle/api/internal/attributes/ImmutableAttributes;Lorg/gradle/api/artifacts/ResolutionStrategy$SortOrder;Lorg/gradle/api/internal/artifacts/ivyservice/resolveengine/graph/results/VisitedGraphResults;Lorg/gradle/api/internal/artifacts/ivyservice/resolveengine/artifact/VisitedArtifactSet;Lorg/gradle/internal/model/CalculatedValue;Lorg/gradle/api/internal/DomainObjectContext;Lorg/gradle/internal/model/CalculatedValueContainerFactory;Lorg/gradle/api/internal/attributes/AttributesFactory;Lorg/gradle/api/internal/tasks/TaskDependencyFactory;)V 80 <appendix> member <vmtarget> ; # org/gradle/api/internal/artifacts/transform/DefaultTransformUpstreamDependenciesResolver$$Lambda+0x000001793979a408
instanceKlass  @bci org/gradle/api/internal/artifacts/transform/DefaultTransformUpstreamDependenciesResolver <init> (Lorg/gradle/api/internal/artifacts/configurations/ResolutionHost;Lorg/gradle/operations/dependencies/configurations/ConfigurationIdentity;Lorg/gradle/api/internal/attributes/ImmutableAttributes;Lorg/gradle/api/artifacts/ResolutionStrategy$SortOrder;Lorg/gradle/api/internal/artifacts/ivyservice/resolveengine/graph/results/VisitedGraphResults;Lorg/gradle/api/internal/artifacts/ivyservice/resolveengine/artifact/VisitedArtifactSet;Lorg/gradle/internal/model/CalculatedValue;Lorg/gradle/api/internal/DomainObjectContext;Lorg/gradle/internal/model/CalculatedValueContainerFactory;Lorg/gradle/api/internal/attributes/AttributesFactory;Lorg/gradle/api/internal/tasks/TaskDependencyFactory;)V 53 <appendix> member <vmtarget> ; # org/gradle/api/internal/artifacts/transform/DefaultTransformUpstreamDependenciesResolver$$Lambda+0x000001793979a190
instanceKlass org/gradle/api/internal/artifacts/transform/DefaultTransformUpstreamDependenciesResolver$2
instanceKlass org/gradle/api/internal/artifacts/transform/DefaultTransformUpstreamDependenciesResolver$1
instanceKlass org/gradle/api/internal/artifacts/transform/TransformUpstreamDependencies
instanceKlass org/gradle/api/internal/artifacts/transform/TransformDependencies
instanceKlass org/gradle/api/internal/artifacts/transform/DefaultTransformUpstreamDependenciesResolver
instanceKlass org/gradle/api/internal/artifacts/ivyservice/resolveengine/artifact/ArtifactSelectionServices
instanceKlass org/gradle/api/internal/artifacts/transform/TransformationChainSelector
instanceKlass org/gradle/api/internal/artifacts/transform/AttributeMatchingArtifactVariantSelector
instanceKlass org/gradle/api/internal/artifacts/transform/ArtifactVariantSelector
instanceKlass org/gradle/internal/resolve/resolver/VariantArtifactResolver
instanceKlass org/gradle/api/internal/artifacts/ivyservice/resolveengine/artifact/DefaultVisitedArtifactSet
instanceKlass  @bci org/gradle/api/internal/artifacts/ivyservice/ResolutionExecutor resolveBuildDependencies (Lorg/gradle/api/internal/artifacts/LegacyResolutionParameters;Lorg/gradle/api/internal/artifacts/ivyservice/ResolutionParameters;Lorg/gradle/internal/model/CalculatedValue;)Lorg/gradle/api/internal/artifacts/ResolverResults; 131 <appendix> member <vmtarget> ; # org/gradle/api/internal/artifacts/ivyservice/ResolutionExecutor$$Lambda+0x0000017939798838
instanceKlass org/gradle/api/internal/artifacts/transform/TransformUpstreamDependenciesResolver$Factory
instanceKlass org/gradle/api/internal/artifacts/ivyservice/resolveengine/artifact/SelectedArtifactResults
instanceKlass org/gradle/api/internal/artifacts/ivyservice/resolveengine/artifact/DefaultVisitedArtifactResults
instanceKlass  @bci org/gradle/api/internal/artifacts/ivyservice/InMemoryResolutionResultBuilder getResolutionResult ()Lorg/gradle/api/internal/artifacts/result/MinimalResolutionResult; 38 <appendix> member <vmtarget> ; # org/gradle/api/internal/artifacts/ivyservice/InMemoryResolutionResultBuilder$$Lambda+0x0000017939798000
instanceKlass org/gradle/api/internal/artifacts/result/MinimalResolutionResult
instanceKlass it/unimi/dsi/fastutil/longs/Long2ObjectOpenHashMap$MapIterator
instanceKlass org/gradle/api/internal/artifacts/ivyservice/resolveengine/graph/results/DefaultVisitedGraphResults
instanceKlass org/gradle/api/internal/artifacts/ivyservice/resolveengine/artifact/FileDependencyArtifactSet
instanceKlass org/gradle/api/internal/artifacts/result/DefaultResolvedComponentResult
instanceKlass org/gradle/api/internal/artifacts/result/ResolvedComponentResultInternal
instanceKlass  @bci org/gradle/api/internal/attributes/AttributeDesugaring desugar (Lorg/gradle/api/internal/attributes/ImmutableAttributes;)Lorg/gradle/api/internal/attributes/ImmutableAttributes; 17 <appendix> member <vmtarget> ; # org/gradle/api/internal/attributes/AttributeDesugaring$$Lambda+0x00000179397956d8
instanceKlass org/gradle/api/internal/artifacts/result/DefaultResolvedVariantResult
instanceKlass  @bci org/gradle/internal/component/model/AbstractComponentGraphResolveState getPublicViewFor (Lorg/gradle/internal/component/model/VariantGraphResolveState;Lorg/gradle/api/artifacts/result/ResolvedVariantResult;)Lorg/gradle/api/artifacts/result/ResolvedVariantResult; 26 <appendix> member <vmtarget> ; # org/gradle/internal/component/model/AbstractComponentGraphResolveState$$Lambda+0x0000017939795230
instanceKlass  @bci org/gradle/api/internal/artifacts/ivyservice/resolveengine/graph/builder/ComponentState getSelectedVariants ()Ljava/util/List; 11 <appendix> member <vmtarget> ; # org/gradle/api/internal/artifacts/ivyservice/resolveengine/graph/builder/ComponentState$$Lambda+0x0000017939795000
instanceKlass org/gradle/api/internal/artifacts/ivyservice/resolveengine/result/ComponentSelectionReasons$DefaultComponentSelectionReason
instanceKlass  @bci org/gradle/api/internal/artifacts/ivyservice/resolveengine/graph/builder/NodeState cachedDependencyStateFor (Lorg/gradle/internal/component/model/DependencyMetadata;)Lorg/gradle/api/internal/artifacts/ivyservice/resolveengine/graph/builder/DependencyState; 6 <appendix> member <vmtarget> ; # org/gradle/api/internal/artifacts/ivyservice/resolveengine/graph/builder/NodeState$$Lambda+0x00000179397979b0
instanceKlass org/gradle/api/internal/artifacts/ivyservice/resolveengine/graph/builder/DependencyState
instanceKlass org/gradle/api/internal/artifacts/ivyservice/resolveengine/strict/StrictVersionConstraints
instanceKlass org/gradle/api/internal/artifacts/ivyservice/resolveengine/graph/builder/DefaultPendingDependenciesVisitor
instanceKlass org/gradle/api/internal/artifacts/ivyservice/resolveengine/graph/builder/DependencyGraphBuilder$1
instanceKlass org/gradle/api/internal/artifacts/ivyservice/resolveengine/graph/selectors/SelectorStateResolver
instanceKlass org/gradle/internal/component/model/ComponentGraphSpecificResolveState$1
instanceKlass org/gradle/internal/component/model/ComponentGraphSpecificResolveState
instanceKlass org/gradle/internal/resolve/result/BuildableComponentResolveResult
instanceKlass org/gradle/internal/resolve/result/ResourceAwareResolveResult
instanceKlass org/gradle/internal/resolve/result/ComponentResolveResult
instanceKlass org/gradle/internal/resolve/result/ResolveResult
instanceKlass  @bci org/gradle/api/internal/artifacts/ivyservice/resolveengine/graph/builder/ModuleResolveState getVersion (Lorg/gradle/api/artifacts/ModuleVersionIdentifier;Lorg/gradle/api/artifacts/component/ComponentIdentifier;)Lorg/gradle/api/internal/artifacts/ivyservice/resolveengine/graph/builder/ComponentState; 38 <appendix> member <vmtarget> ; # org/gradle/api/internal/artifacts/ivyservice/resolveengine/graph/builder/ModuleResolveState$$Lambda+0x0000017939793520
instanceKlass org/gradle/api/internal/artifacts/ivyservice/resolveengine/graph/builder/ComponentState
instanceKlass org/gradle/api/internal/artifacts/ivyservice/resolveengine/graph/DependencyGraphComponent
instanceKlass org/gradle/api/internal/artifacts/ivyservice/resolveengine/graph/ResolvedGraphComponent
instanceKlass org/gradle/api/internal/artifacts/ivyservice/resolveengine/graph/builder/ModuleSelectors$SelectorComparator
instanceKlass org/gradle/api/internal/artifacts/ivyservice/ivyresolve/strategy/VersionParser$DefaultVersion
instanceKlass  @bci org/gradle/api/internal/artifacts/ivyservice/ivyresolve/strategy/VersionParser transform (Ljava/lang/String;)Lorg/gradle/api/internal/artifacts/ivyservice/ivyresolve/strategy/Version; 6 <appendix> member <vmtarget> ; # org/gradle/api/internal/artifacts/ivyservice/ivyresolve/strategy/VersionParser$$Lambda+0x00000179397925a8
instanceKlass org/gradle/api/internal/artifacts/ivyservice/resolveengine/graph/builder/ModuleSelectors
instanceKlass org/gradle/api/internal/artifacts/ivyservice/resolveengine/graph/builder/PendingDependencies
instanceKlass org/gradle/api/internal/artifacts/ivyservice/resolveengine/graph/selectors/ResolvableSelectorState
instanceKlass  @bci org/gradle/internal/watch/vfs/impl/WatchingVirtualFileSystem$2 call (Lorg/gradle/internal/operations/BuildOperationContext;)Lorg/gradle/internal/snapshot/SnapshotHierarchy; 140 <adapter> ; # java/lang/invoke/LambdaForm$MH+0x0000017939794400
instanceKlass  @bci org/gradle/internal/watch/vfs/impl/WatchingVirtualFileSystem$2 call (Lorg/gradle/internal/operations/BuildOperationContext;)Lorg/gradle/internal/snapshot/SnapshotHierarchy; 140 <appendix> form vmentry <vmtarget> ; # java/lang/invoke/LambdaForm$DMH+0x0000017939794000
instanceKlass  @bci org/gradle/api/internal/artifacts/ivyservice/resolveengine/graph/builder/ResolveState getModule (Lorg/gradle/api/artifacts/ModuleIdentifier;Z)Lorg/gradle/api/internal/artifacts/ivyservice/resolveengine/graph/builder/ModuleResolveState; 8 <appendix> member <vmtarget> ; # org/gradle/api/internal/artifacts/ivyservice/resolveengine/graph/builder/ResolveState$$Lambda+0x0000017939791ca8
instanceKlass org/gradle/api/internal/artifacts/ivyservice/resolveengine/graph/builder/ModuleResolveState
instanceKlass org/gradle/api/internal/artifacts/ivyservice/resolveengine/graph/conflicts/CandidateModule
instanceKlass org/gradle/api/internal/artifacts/ivyservice/resolveengine/graph/builder/ReplaceSelectionWithConflictResultAction
instanceKlass org/gradle/api/internal/artifacts/ivyservice/resolveengine/graph/builder/ResolveOptimizations
instanceKlass org/gradle/api/internal/artifacts/ivyservice/resolveengine/graph/builder/DeselectVersionAction
instanceKlass org/gradle/api/internal/artifacts/ivyservice/resolveengine/graph/builder/PendingDependenciesVisitor
instanceKlass org/gradle/api/internal/artifacts/ResolvedVersionConstraint
instanceKlass org/gradle/api/internal/artifacts/ivyservice/resolveengine/ComponentResolutionState
instanceKlass org/gradle/api/internal/artifacts/ivyservice/ivyresolve/StringVersioned
instanceKlass org/gradle/api/internal/artifacts/ivyservice/resolveengine/graph/builder/ResolveState
instanceKlass org/gradle/api/internal/artifacts/ivyservice/resolveengine/graph/selectors/ComponentStateFactory
instanceKlass org/gradle/api/internal/artifacts/ivyservice/resolveengine/graph/conflicts/PotentialConflict
instanceKlass org/gradle/api/internal/artifacts/ivyservice/resolveengine/graph/conflicts/CapabilitiesConflictHandler$Candidate
instanceKlass org/gradle/api/internal/artifacts/ivyservice/resolveengine/graph/conflicts/DefaultCapabilitiesConflictHandler
instanceKlass org/gradle/api/internal/artifacts/ivyservice/resolveengine/graph/conflicts/ConflictContainer
instanceKlass org/gradle/api/internal/artifacts/ivyservice/resolveengine/ConflictResolverDetails
instanceKlass org/gradle/api/internal/artifacts/ivyservice/resolveengine/graph/conflicts/DefaultConflictHandler
instanceKlass org/gradle/api/internal/artifacts/ivyservice/resolveengine/graph/conflicts/UserConfiguredCapabilityResolver
instanceKlass org/gradle/api/internal/artifacts/ivyservice/resolveengine/graph/conflicts/LastCandidateCapabilityResolver
instanceKlass org/gradle/api/internal/artifacts/ivyservice/resolveengine/LatestModuleConflictResolver
instanceKlass  @bci org/gradle/api/internal/artifacts/ivyservice/dependencysubstitution/DependencySubstitutionApplicator <clinit> ()V 9 <appendix> argL0 ; # org/gradle/api/internal/artifacts/ivyservice/dependencysubstitution/DependencySubstitutionApplicator$$Lambda+0x000001793978edd0
instanceKlass org/gradle/api/internal/artifacts/ivyservice/dependencysubstitution/DependencySubstitutionApplicator$SubstitutionResult
instanceKlass org/gradle/api/internal/artifacts/ivyservice/dependencysubstitution/NoOpSubstitution
instanceKlass org/gradle/api/internal/artifacts/ivyservice/resolveengine/graph/CompositeDependencyGraphVisitor
instanceKlass  @bci org/gradle/api/internal/artifacts/GlobalDependencyResolutionRules$CompositeSubstitutionRules getRuleAction ()Lorg/gradle/api/Action; 4 <appendix> argL0 ; # org/gradle/api/internal/artifacts/GlobalDependencyResolutionRules$CompositeSubstitutionRules$$Lambda+0x000001793978e470
instanceKlass org/gradle/api/internal/artifacts/ivyservice/resolveengine/artifact/ResolvedArtifactsGraphVisitor
instanceKlass org/gradle/api/internal/artifacts/ivyservice/resolveengine/ComponentResolversChain$ArtifactResolverChain
instanceKlass org/gradle/api/internal/artifacts/ivyservice/ivyresolve/ErrorHandlingArtifactResolver
instanceKlass org/gradle/api/internal/artifacts/ivyservice/resolveengine/ComponentResolversChain$ComponentMetaDataResolverChain
instanceKlass org/gradle/api/internal/artifacts/ivyservice/resolveengine/ComponentResolversChain$DependencyToComponentIdResolverChain
instanceKlass org/gradle/api/internal/artifacts/ivyservice/resolveengine/VirtualComponentMetadataResolver
instanceKlass org/gradle/api/internal/artifacts/ivyservice/resolveengine/ComponentResolversChain
instanceKlass org/gradle/api/internal/artifacts/ivyservice/ivyresolve/NoRepositoriesResolver
instanceKlass org/gradle/api/internal/artifacts/ivyservice/resolveengine/artifact/VisitedArtifactResults
instanceKlass org/gradle/api/internal/artifacts/ivyservice/resolveengine/artifact/DefaultResolvedArtifactsBuilder
instanceKlass org/gradle/api/internal/artifacts/ivyservice/resolveengine/result/CachingDependencyResultFactory
instanceKlass org/gradle/api/artifacts/result/DependencyResult
instanceKlass org/gradle/api/internal/artifacts/ivyservice/resolveengine/result/ResolutionResultGraphBuilder
instanceKlass org/gradle/api/internal/artifacts/ivyservice/resolveengine/result/ResolvedComponentVisitor
instanceKlass org/gradle/api/internal/artifacts/ivyservice/InMemoryResolutionResultBuilder
instanceKlass org/gradle/api/internal/artifacts/ivyservice/resolveengine/oldresult/ResolutionFailureCollector
instanceKlass org/gradle/internal/component/model/LocalComponentDependencyMetadata
instanceKlass org/gradle/internal/component/external/model/DefaultModuleComponentSelector
instanceKlass org/gradle/api/internal/artifacts/component/ComponentSelectorInternal
instanceKlass org/gradle/api/internal/artifacts/ivyservice/moduleconverter/dependencies/DefaultLocalVariantGraphResolveStateBuilder$DefaultLocalFileDependencyMetadata
instanceKlass org/gradle/internal/component/local/model/LocalFileDependencyMetadata
instanceKlass org/gradle/api/internal/DefaultDomainObjectCollection$IteratorImpl
instanceKlass  @bci org/gradle/api/internal/artifacts/ivyservice/moduleconverter/dependencies/DefaultLocalVariantGraphResolveStateBuilder getDefinedState (Lorg/gradle/api/internal/artifacts/configurations/ConfigurationInternal;Lorg/gradle/api/internal/artifacts/ivyservice/moduleconverter/dependencies/LocalVariantGraphResolveStateBuilder$DependencyCache;)Lorg/gradle/api/internal/artifacts/ivyservice/moduleconverter/dependencies/LocalVariantGraphResolveStateBuilder$DependencyState; 3 <appendix> member <vmtarget> ; # org/gradle/api/internal/artifacts/ivyservice/moduleconverter/dependencies/DefaultLocalVariantGraphResolveStateBuilder$$Lambda+0x000001793978a4e8
instanceKlass org/gradle/api/internal/artifacts/ivyservice/moduleconverter/dependencies/LocalVariantGraphResolveStateBuilder$DependencyState
instanceKlass  @bci org/gradle/api/internal/artifacts/ivyservice/moduleconverter/dependencies/DefaultLocalVariantGraphResolveStateBuilder lambda$getConfigurationDependencyState$3 (Ljava/util/Set;Lorg/gradle/api/internal/artifacts/ivyservice/moduleconverter/dependencies/LocalVariantGraphResolveStateBuilder$DependencyCache;Lorg/gradle/api/internal/attributes/ImmutableAttributes;Ljava/lang/Object;)Lorg/gradle/internal/component/local/model/DefaultLocalVariantGraphResolveState$VariantDependencyMetadata; 48 <appendix> member <vmtarget> ; # org/gradle/api/internal/artifacts/ivyservice/moduleconverter/dependencies/DefaultLocalVariantGraphResolveStateBuilder$$Lambda+0x000001793978a0b0
instanceKlass  @bci org/gradle/api/internal/artifacts/ivyservice/moduleconverter/dependencies/DefaultLocalVariantGraphResolveStateBuilder lambda$getConfigurationDependencyState$3 (Ljava/util/Set;Lorg/gradle/api/internal/artifacts/ivyservice/moduleconverter/dependencies/LocalVariantGraphResolveStateBuilder$DependencyCache;Lorg/gradle/api/internal/attributes/ImmutableAttributes;Ljava/lang/Object;)Lorg/gradle/internal/component/local/model/DefaultLocalVariantGraphResolveState$VariantDependencyMetadata; 27 <appendix> argL0 ; # org/gradle/api/internal/artifacts/ivyservice/moduleconverter/dependencies/DefaultLocalVariantGraphResolveStateBuilder$$Lambda+0x0000017939789e78
instanceKlass  @bci org/gradle/api/internal/artifacts/ivyservice/moduleconverter/dependencies/DefaultLocalVariantGraphResolveStateBuilder lambda$getConfigurationDependencyState$4 (Lorg/gradle/internal/model/ModelContainer;Ljava/util/Set;Lorg/gradle/api/internal/artifacts/ivyservice/moduleconverter/dependencies/LocalVariantGraphResolveStateBuilder$DependencyCache;Lorg/gradle/api/internal/attributes/ImmutableAttributes;Lorg/gradle/api/internal/tasks/NodeExecutionContext;)Lorg/gradle/internal/component/local/model/DefaultLocalVariantGraphResolveState$VariantDependencyMetadata; 6 <appendix> member <vmtarget> ; # org/gradle/api/internal/artifacts/ivyservice/moduleconverter/dependencies/DefaultLocalVariantGraphResolveStateBuilder$$Lambda+0x0000017939789c38
instanceKlass org/gradle/internal/model/CalculatedValueContainer$GlobalContext
instanceKlass  @bci org/gradle/internal/model/CalculatedValueContainer$CalculationState attachValue (Lorg/gradle/internal/model/CalculatedValueContainer;Lorg/gradle/api/internal/tasks/NodeExecutionContext;)V 24 <appendix> member <vmtarget> ; # org/gradle/internal/model/CalculatedValueContainer$CalculationState$$Lambda+0x0000017939784bb8
instanceKlass org/gradle/api/internal/artifacts/ivyservice/DefaultConfigurationResolver$ConfigurationLegacyResolutionParameters
instanceKlass org/gradle/api/internal/artifacts/ivyservice/DefaultCacheExpirationControl
instanceKlass org/gradle/api/internal/artifacts/configurations/DefaultConfiguration$DefaultConfigurationIdentity
instanceKlass org/gradle/api/internal/artifacts/ivyservice/ResolutionParameters
instanceKlass org/gradle/api/internal/artifacts/ivyservice/DefaultConfigurationResolver$ConfigurationFailureResolutions
instanceKlass org/gradle/api/internal/attributes/immutable/artifact/ImmutableArtifactTypeRegistry
instanceKlass org/gradle/internal/component/local/model/DefaultLocalVariantGraphResolveState$DefaultLocalVariantArtifactResolveState
instanceKlass org/gradle/internal/component/model/VariantArtifactResolveState
instanceKlass org/gradle/internal/component/local/model/DefaultLocalVariantGraphResolveState
instanceKlass org/gradle/internal/component/local/model/DefaultLocalVariantGraphResolveMetadata
instanceKlass org/gradle/api/internal/artifacts/configurations/Configurations
instanceKlass org/gradle/api/internal/artifacts/NamedVariantIdentifier
instanceKlass  @bci org/gradle/api/internal/artifacts/ivyservice/moduleconverter/dependencies/DefaultLocalVariantGraphResolveStateBuilder getConfigurationDependencyState (Lorg/gradle/internal/DisplayName;Ljava/util/Set;Lorg/gradle/api/internal/attributes/ImmutableAttributes;Lorg/gradle/api/internal/artifacts/ivyservice/moduleconverter/dependencies/LocalVariantGraphResolveStateBuilder$DependencyCache;Lorg/gradle/internal/model/ModelContainer;Lorg/gradle/internal/model/CalculatedValueContainerFactory;)Lorg/gradle/internal/model/CalculatedValue; 15 <appendix> member <vmtarget> ; # org/gradle/api/internal/artifacts/ivyservice/moduleconverter/dependencies/DefaultLocalVariantGraphResolveStateBuilder$$Lambda+0x0000017939780c28
instanceKlass org/gradle/internal/component/local/model/DefaultLocalVariantGraphResolveState$VariantDependencyMetadata
instanceKlass  @bci org/gradle/api/internal/artifacts/configurations/DefaultConfiguration lambda$markAsObserved$9 (Ljava/lang/String;Lorg/gradle/api/internal/artifacts/configurations/DefaultConfiguration;)V 11 <appendix> member <vmtarget> ; # org/gradle/api/internal/artifacts/configurations/DefaultConfiguration$$Lambda+0x0000017939780800
instanceKlass  @bci org/gradle/api/internal/artifacts/configurations/DefaultConfiguration markAsObserved (Ljava/lang/String;)V 11 <appendix> member <vmtarget> ; # org/gradle/api/internal/artifacts/configurations/DefaultConfiguration$$Lambda+0x0000017939781d10
instanceKlass  @bci org/gradle/api/internal/artifacts/configurations/DefaultConfiguration runDependencyActions ()V 1 <appendix> argL0 ; # org/gradle/api/internal/artifacts/configurations/DefaultConfiguration$$Lambda+0x0000017939781af8
instanceKlass org/gradle/api/internal/artifacts/ivyservice/moduleconverter/dependencies/LocalVariantGraphResolveStateBuilder$DependencyCache
instanceKlass  @bci org/gradle/internal/component/local/model/DefaultLocalComponentGraphResolveState <init> (JLorg/gradle/internal/component/local/model/LocalComponentGraphResolveMetadata;Lorg/gradle/api/internal/attributes/AttributeDesugaring;ZLorg/gradle/internal/component/local/model/LocalVariantGraphResolveStateFactory;Lorg/gradle/internal/model/CalculatedValueContainerFactory;)V 52 <appendix> member <vmtarget> ; # org/gradle/internal/component/local/model/DefaultLocalComponentGraphResolveState$$Lambda+0x0000017939781668
instanceKlass  @bci org/gradle/internal/component/local/model/DefaultLocalComponentGraphResolveState <init> (JLorg/gradle/internal/component/local/model/LocalComponentGraphResolveMetadata;Lorg/gradle/api/internal/attributes/AttributeDesugaring;ZLorg/gradle/internal/component/local/model/LocalVariantGraphResolveStateFactory;Lorg/gradle/internal/model/CalculatedValueContainerFactory;)V 28 <appendix> member <vmtarget> ; # org/gradle/internal/component/local/model/DefaultLocalComponentGraphResolveState$$Lambda+0x00000179397813f0
instanceKlass org/gradle/internal/component/model/ComponentArtifactResolveMetadata
instanceKlass org/gradle/internal/component/local/model/LocalComponentGraphResolveState$LocalComponentGraphSelectionCandidates
instanceKlass org/gradle/internal/component/model/GraphSelectionCandidates
instanceKlass org/gradle/internal/component/model/AbstractComponentGraphResolveState
instanceKlass org/gradle/internal/component/model/ComponentArtifactResolveState
instanceKlass org/gradle/internal/component/local/model/LocalComponentGraphResolveStateFactory$RealizedListVariantFactory
instanceKlass org/gradle/internal/component/local/model/LocalComponentGraphResolveMetadata
instanceKlass org/gradle/api/internal/artifacts/DefaultRootComponentIdentifier
instanceKlass org/gradle/api/artifacts/component/RootComponentIdentifier
instanceKlass org/gradle/api/internal/artifacts/DefaultModuleVersionIdentifier
instanceKlass  @bci org/gradle/api/internal/artifacts/DefaultImmutableModuleIdentifierFactory moduleWithVersion (Lorg/gradle/api/artifacts/ModuleIdentifier;Ljava/lang/String;)Lorg/gradle/api/artifacts/ModuleVersionIdentifier; 23 <appendix> argL0 ; # org/gradle/api/internal/artifacts/DefaultImmutableModuleIdentifierFactory$$Lambda+0x0000017939782bb8
instanceKlass  @bci org/gradle/api/internal/artifacts/DefaultImmutableModuleIdentifierFactory module (Ljava/lang/String;Ljava/lang/String;)Lorg/gradle/api/artifacts/ModuleIdentifier; 23 <appendix> argL0 ; # org/gradle/api/internal/artifacts/DefaultImmutableModuleIdentifierFactory$$Lambda+0x0000017939782980
instanceKlass  @bci org/gradle/api/internal/artifacts/configurations/DefaultConfiguration lambda$resolveGraphForBuildDependenciesIfRequired$6 (Ljava/util/Optional;)Ljava/util/Optional; 27 <appendix> member <vmtarget> ; # org/gradle/api/internal/artifacts/configurations/DefaultConfiguration$$Lambda+0x0000017939782708
instanceKlass  @bci org/gradle/api/internal/artifacts/configurations/DefaultConfiguration resolveGraphForBuildDependenciesIfRequired ()Lorg/gradle/api/internal/artifacts/ResolverResults; 9 <appendix> member <vmtarget> ; # org/gradle/api/internal/artifacts/configurations/DefaultConfiguration$$Lambda+0x00000179397824c8
instanceKlass org/gradle/api/internal/artifacts/ivyservice/resolveengine/artifact/ResolvedFileVisitor
instanceKlass org/gradle/internal/model/CalculatedValueContainerFactory$SupplierBackedCalculator
instanceKlass  @bci org/gradle/api/internal/artifacts/configurations/DefaultArtifactCollection <init> (Lorg/gradle/api/internal/artifacts/ivyservice/resolveengine/artifact/SelectedArtifactSet;ZLorg/gradle/api/internal/artifacts/configurations/ResolutionHost;Lorg/gradle/api/internal/tasks/TaskDependencyFactory;Lorg/gradle/internal/model/CalculatedValueFactory;Lorg/gradle/api/internal/attributes/AttributeDesugaring;)V 41 <adapter> ; # java/lang/invoke/LambdaForm$MH+0x0000017939780400
instanceKlass  @bci org/gradle/api/internal/artifacts/configurations/DefaultArtifactCollection <init> (Lorg/gradle/api/internal/artifacts/ivyservice/resolveengine/artifact/SelectedArtifactSet;ZLorg/gradle/api/internal/artifacts/configurations/ResolutionHost;Lorg/gradle/api/internal/tasks/TaskDependencyFactory;Lorg/gradle/internal/model/CalculatedValueFactory;Lorg/gradle/api/internal/attributes/AttributeDesugaring;)V 41 <appendix> form vmentry <vmtarget> ; # java/lang/invoke/LambdaForm$DMH+0x0000017939780000
instanceKlass  @bci org/gradle/api/internal/artifacts/configurations/DefaultArtifactCollection <init> (Lorg/gradle/api/internal/artifacts/ivyservice/resolveengine/artifact/SelectedArtifactSet;ZLorg/gradle/api/internal/artifacts/configurations/ResolutionHost;Lorg/gradle/api/internal/tasks/TaskDependencyFactory;Lorg/gradle/internal/model/CalculatedValueFactory;Lorg/gradle/api/internal/attributes/AttributeDesugaring;)V 41 <appendix> member <vmtarget> ; # org/gradle/api/internal/artifacts/configurations/DefaultArtifactCollection$$Lambda+0x000001793977aa08
instanceKlass org/gradle/api/internal/artifacts/configurations/DefaultArtifactCollection$ArtifactSetResult
instanceKlass org/gradle/api/internal/artifacts/configurations/DefaultConfiguration$DefaultResolutionHost
instanceKlass org/gradle/api/internal/artifacts/configurations/DefaultArtifactCollection
instanceKlass org/gradle/api/internal/artifacts/configurations/ResolutionResultProvider$1
instanceKlass  @bci org/gradle/api/internal/artifacts/resolver/DefaultResolutionOutputs$DefaultArtifactView getArtifacts ()Lorg/gradle/api/internal/artifacts/configurations/ArtifactCollectionInternal; 14 <appendix> member <vmtarget> ; # org/gradle/api/internal/artifacts/resolver/DefaultResolutionOutputs$DefaultArtifactView$$Lambda+0x000001793977b4b8
instanceKlass org/gradle/api/internal/artifacts/configurations/DefaultConfiguration$ResolverResultsResolutionResultProvider
instanceKlass org/gradle/api/internal/artifacts/ivyservice/resolveengine/artifact/ArtifactVisitor
instanceKlass org/gradle/api/internal/artifacts/configurations/ResolutionResultProviderBackedSelectedArtifactSet
instanceKlass org/gradle/api/internal/artifacts/resolver/DefaultResolutionOutputs$DefaultArtifactView
instanceKlass  @bci org/gradle/api/internal/artifacts/resolver/DefaultResolutionOutputs$DefaultArtifactViewConfiguration_Decorated $gradleInit ()V 1 <appendix> member <vmtarget> ; # org/gradle/api/internal/artifacts/resolver/DefaultResolutionOutputs$DefaultArtifactViewConfiguration_Decorated$$Lambda+0x000001793977f940
instanceKlass org/gradle/api/specs/Specs$2
instanceKlass org/gradle/api/specs/Specs$1
instanceKlass org/gradle/api/specs/Specs
instanceKlass org/gradle/api/internal/artifacts/resolver/DefaultResolutionOutputs$DefaultArtifactViewConfiguration
instanceKlass org/gradle/api/artifacts/ArtifactView$ViewConfiguration
instanceKlass org/gradle/api/internal/artifacts/resolver/DefaultResolutionOutputs
instanceKlass  @bci org/gradle/api/internal/tasks/TaskDependencyContainer <clinit> ()V 0 <appendix> argL0 ; # org/gradle/api/internal/tasks/TaskDependencyContainer$$Lambda+0x00000179397734f0
instanceKlass org/gradle/api/internal/tasks/DefaultTaskDependency$TaskDependencySet
instanceKlass org/gradle/internal/graph/CachingDirectedGraphWalker$NodeDetails
instanceKlass  @bci java/util/ArrayDeque copyElements (Ljava/util/Collection;)V 2 <appendix> member <vmtarget> ; # java/util/ArrayDeque$$Lambda+0x00000179396c1bd8
instanceKlass org/gradle/api/internal/tasks/WorkDependencyResolver$1
instanceKlass  @bci org/gradle/api/internal/file/AbstractFileCollection getBuildDependencies ()Lorg/gradle/api/tasks/TaskDependency; 22 <appendix> member <vmtarget> ; # org/gradle/api/internal/file/AbstractFileCollection$$Lambda+0x00000179397728b0
instanceKlass  @bci org/gradle/api/internal/file/AbstractFileCollection getBuildDependencies ()Lorg/gradle/api/tasks/TaskDependency; 9 <appendix> member <vmtarget> ; # org/gradle/api/internal/file/AbstractFileCollection$$Lambda+0x0000017939772680
instanceKlass org/gradle/api/internal/tasks/TaskDependencyUtil
instanceKlass  @bci org/gradle/api/internal/artifacts/ivyservice/resolutionstrategy/DefaultResolutionStrategy_Decorated $gradleInit ()V 1 <appendix> member <vmtarget> ; # org/gradle/api/internal/artifacts/ivyservice/resolutionstrategy/DefaultResolutionStrategy_Decorated$$Lambda+0x000001793977eda0
# instanceKlass java/lang/invoke/LambdaForm$MH+0x000001793977a400
# instanceKlass java/lang/invoke/LambdaForm$MH+0x000001793977a000
# instanceKlass java/lang/invoke/LambdaForm$MH+0x0000017939779c00
# instanceKlass java/lang/invoke/LambdaForm$MH+0x0000017939779800
# instanceKlass java/lang/invoke/LambdaForm$MH+0x0000017939779400
# instanceKlass java/lang/invoke/LambdaForm$MH+0x0000017939779000
# instanceKlass java/lang/invoke/LambdaForm$MH+0x0000017939778c00
# instanceKlass java/lang/invoke/LambdaForm$MH+0x0000017939778800
# instanceKlass java/lang/invoke/LambdaForm$MH+0x0000017939778400
instanceKlass org/gradle/internal/typeconversion/FlatteningNotationParser
instanceKlass org/gradle/api/internal/artifacts/dsl/ModuleVersionSelectorParsers$StringConverter
instanceKlass org/gradle/api/internal/artifacts/dsl/ModuleVersionSelectorParsers
instanceKlass org/gradle/api/internal/artifacts/DependencySubstitutionInternal
instanceKlass org/gradle/api/internal/artifacts/ivyservice/resolutionstrategy/DefaultComponentSelectionRules
instanceKlass org/gradle/api/internal/artifacts/ComponentSelectionRulesInternal
instanceKlass org/gradle/api/artifacts/ComponentSelectionRules
instanceKlass org/gradle/api/internal/artifacts/ivyservice/resolutionstrategy/DefaultResolutionStrategy
instanceKlass  @bci org/gradle/api/internal/artifacts/ivyservice/resolutionstrategy/DefaultCachePolicy cacheMissingArtifactsFor (ILjava/util/concurrent/TimeUnit;)V 19 <appendix> member <vmtarget> ; # org/gradle/api/internal/artifacts/ivyservice/resolutionstrategy/DefaultCachePolicy$$Lambda+0x000001793977c830
instanceKlass  @bci org/gradle/api/internal/artifacts/ivyservice/resolutionstrategy/DefaultCachePolicy cacheChangingModulesFor (ILjava/util/concurrent/TimeUnit;)V 46 <appendix> member <vmtarget> ; # org/gradle/api/internal/artifacts/ivyservice/resolutionstrategy/DefaultCachePolicy$$Lambda+0x000001793977c610
instanceKlass org/gradle/api/internal/artifacts/cache/ArtifactResolutionControl
instanceKlass  @bci org/gradle/api/internal/artifacts/ivyservice/resolutionstrategy/DefaultCachePolicy cacheChangingModulesFor (ILjava/util/concurrent/TimeUnit;)V 29 <appendix> member <vmtarget> ; # org/gradle/api/internal/artifacts/ivyservice/resolutionstrategy/DefaultCachePolicy$$Lambda+0x000001793977c1f8
instanceKlass org/gradle/api/internal/artifacts/cache/ModuleResolutionControl
instanceKlass  @cpi org/apache/commons/io/function/IOStreams 133 form vmentry <vmtarget> ; # java/lang/invoke/LambdaForm$DMH+0x0000017939778000
instanceKlass  @bci org/gradle/api/internal/artifacts/ivyservice/resolutionstrategy/DefaultCachePolicy cacheDynamicVersionsFor (ILjava/util/concurrent/TimeUnit;)V 29 <appendix> member <vmtarget> ; # org/gradle/api/internal/artifacts/ivyservice/resolutionstrategy/DefaultCachePolicy$$Lambda+0x0000017939777ce8
instanceKlass  @cpi org/gradle/api/internal/artifacts/ivyservice/resolutionstrategy/DefaultCachePolicy 194 form vmentry <vmtarget> ; # java/lang/invoke/LambdaForm$DMH+0x0000017939775c00
instanceKlass org/gradle/api/internal/artifacts/cache/DependencyResolutionControl
instanceKlass org/gradle/api/internal/artifacts/cache/ResolutionControl
instanceKlass org/gradle/api/internal/artifacts/ivyservice/resolutionstrategy/DefaultCachePolicy
instanceKlass  @bci org/gradle/api/internal/artifacts/ivyservice/dependencysubstitution/DefaultDependencySubstitutions_Decorated $gradleInit ()V 1 <appendix> member <vmtarget> ; # org/gradle/api/internal/artifacts/ivyservice/dependencysubstitution/DefaultDependencySubstitutions_Decorated$$Lambda+0x0000017939777450
instanceKlass  @bci org/gradle/api/internal/artifacts/configurations/MutationValidator <clinit> ()V 0 <appendix> argL0 ; # org/gradle/api/internal/artifacts/configurations/MutationValidator$$Lambda+0x0000017939777238
# instanceKlass java/lang/invoke/LambdaForm$MH+0x0000017939775800
# instanceKlass java/lang/invoke/LambdaForm$MH+0x0000017939775400
# instanceKlass java/lang/invoke/LambdaForm$MH+0x0000017939775000
# instanceKlass java/lang/invoke/LambdaForm$MH+0x0000017939774c00
# instanceKlass java/lang/invoke/LambdaForm$MH+0x0000017939774800
# instanceKlass java/lang/invoke/LambdaForm$MH+0x0000017939774400
instanceKlass org/gradle/api/artifacts/DependencySubstitution
instanceKlass org/gradle/api/internal/artifacts/ivyservice/resolveengine/result/DefaultComponentSelectionDescriptor
instanceKlass org/gradle/api/internal/artifacts/ivyservice/resolveengine/result/ComponentSelectionReasonInternal
instanceKlass org/gradle/api/internal/artifacts/ivyservice/resolveengine/result/ComponentSelectionDescriptorInternal
instanceKlass org/gradle/api/internal/artifacts/ivyservice/resolveengine/result/ComponentSelectionReasons
instanceKlass org/gradle/api/internal/artifacts/ivyservice/dependencysubstitution/DefaultDependencySubstitutions$ProjectPathConverter
instanceKlass org/gradle/api/artifacts/DependencySubstitutions$Substitution
instanceKlass org/gradle/api/internal/artifacts/ivyservice/dependencysubstitution/DefaultDependencySubstitutions
instanceKlass  @bci org/gradle/api/internal/artifacts/ivyservice/resolutionstrategy/DefaultCapabilitiesResolution_Decorated $gradleInit ()V 1 <appendix> member <vmtarget> ; # org/gradle/api/internal/artifacts/ivyservice/resolutionstrategy/DefaultCapabilitiesResolution_Decorated$$Lambda+0x000001793975fd00
# instanceKlass java/lang/invoke/LambdaForm$MH+0x0000017939774000
instanceKlass org/gradle/api/internal/artifacts/ivyservice/resolveengine/graph/conflicts/UpgradeCapabilityResolver
instanceKlass org/gradle/api/internal/artifacts/ivyservice/resolveengine/graph/conflicts/CapabilitiesConflictHandler$Resolver
instanceKlass org/gradle/internal/component/external/model/DefaultComponentVariantIdentifier
instanceKlass org/gradle/api/artifacts/ComponentVariantIdentifier
instanceKlass org/gradle/internal/component/external/model/DefaultImmutableCapability
instanceKlass org/gradle/api/internal/artifacts/ivyservice/resolveengine/graph/conflicts/CapabilitiesConflictHandler$CandidateDetails
instanceKlass org/gradle/api/internal/artifacts/ivyservice/resolutionstrategy/DefaultCapabilitiesResolution$DefaultCapabilityResolutionDetails
instanceKlass org/gradle/api/artifacts/CapabilityResolutionDetails
instanceKlass org/gradle/api/internal/artifacts/ivyservice/resolveengine/graph/conflicts/CapabilitiesConflictHandler$ResolutionDetails
instanceKlass org/gradle/api/internal/artifacts/ivyservice/resolveengine/graph/conflicts/ConflictResolutionResult
instanceKlass org/gradle/api/internal/artifacts/ivyservice/resolutionstrategy/DefaultCapabilitiesResolution
instanceKlass org/gradle/api/internal/artifacts/ivyservice/resolutionstrategy/CapabilitiesResolutionInternal
instanceKlass org/gradle/api/artifacts/CapabilitiesResolution
instanceKlass  @bci org/gradle/api/internal/artifacts/configurations/DefaultConfiguration isExclusivelyDeprecatedUsage ([Lorg/gradle/api/internal/artifacts/configurations/DefaultConfiguration$ProperMethodUsage;)Z 18 <appendix> member <vmtarget> ; # org/gradle/api/internal/artifacts/configurations/DefaultConfiguration$$Lambda+0x000001793975e128
instanceKlass  @bci org/gradle/api/internal/artifacts/configurations/DefaultConfiguration isExclusivelyDeprecatedUsage ([Lorg/gradle/api/internal/artifacts/configurations/DefaultConfiguration$ProperMethodUsage;)Z 7 <appendix> member <vmtarget> ; # org/gradle/api/internal/artifacts/configurations/DefaultConfiguration$$Lambda+0x000001793975ded8
instanceKlass  @bci org/gradle/api/internal/artifacts/configurations/DefaultConfiguration isProperUsage ([Lorg/gradle/api/internal/artifacts/configurations/DefaultConfiguration$ProperMethodUsage;)Z 7 <appendix> member <vmtarget> ; # org/gradle/api/internal/artifacts/configurations/DefaultConfiguration$$Lambda+0x000001793975dc88
instanceKlass  @bci org/gradle/api/internal/initialization/DefaultScriptHandler getInstrumentedScriptClassPath ()Lorg/gradle/internal/classpath/ClassPath; 15 <appendix> member <vmtarget> ; # org/gradle/api/internal/initialization/DefaultScriptHandler$$Lambda+0x0000017939770de8
instanceKlass  @bci org/gradle/api/internal/artifacts/dependencies/DefaultFileCollectionDependency_Decorated $gradleInit ()V 1 <appendix> member <vmtarget> ; # org/gradle/api/internal/artifacts/dependencies/DefaultFileCollectionDependency_Decorated$$Lambda+0x00000179397706e0
instanceKlass org/gradle/api/internal/artifacts/dependencies/DefaultFileCollectionDependency
instanceKlass org/gradle/api/artifacts/FileCollectionDependency
instanceKlass org/gradle/api/internal/artifacts/dependencies/SelfResolvingDependencyInternal
# instanceKlass java/lang/invoke/LambdaForm$MH+0x000001793975ac00
instanceKlass  @bci org/gradle/api/internal/file/collections/DefaultConfigurableFileCollection from ([Ljava/lang/Object;)Lorg/gradle/api/file/ConfigurableFileCollection; 2 <appendix> member <vmtarget> ; # org/gradle/api/internal/file/collections/DefaultConfigurableFileCollection$$Lambda+0x000001793976f7f0
instanceKlass org/gradle/api/internal/file/collections/DefaultConfigurableFileCollection$Configurer
instanceKlass groovyjarjarasm/asm/Type
instanceKlass  @bci org/codehaus/groovy/ast/ClassHelper <clinit> ()V 1327 <appendix> argL0 ; # org/codehaus/groovy/ast/ClassHelper$$Lambda+0x000001793976f190
instanceKlass groovy/transform/Sealed
instanceKlass  @bci org/codehaus/groovy/ast/ClassNode <init> (Ljava/lang/String;ILorg/codehaus/groovy/ast/ClassNode;[Lorg/codehaus/groovy/ast/ClassNode;[Lorg/codehaus/groovy/ast/MixinNode;)V 107 <appendix> argL0 ; # org/codehaus/groovy/ast/ClassNode$$Lambda+0x000001793976ed50
instanceKlass org/apache/groovy/util/concurrent/ConcurrentReferenceHashMap$KeyReference
instanceKlass org/codehaus/groovy/ast/ClassNode$MapOfLists
instanceKlass org/apache/groovy/util/concurrent/ConcurrentReferenceHashMap$HashEntry
instanceKlass org/codehaus/groovy/ast/ClassHelper$ClassHelperCache
instanceKlass org/codehaus/groovy/runtime/GeneratedLambda
instanceKlass org/codehaus/groovy/ast/ClassHelper
instanceKlass org/codehaus/groovy/classgen/asm/util/TypeUtil
instanceKlass  @bci org/gradle/internal/classpath/DefaultInstrumentedClosuresTracker leaveClosure (Lorg/gradle/internal/classpath/InstrumentableClosure;)V 5 <appendix> argL0 ; # org/gradle/internal/classpath/DefaultInstrumentedClosuresTracker$$Lambda+0x0000017939764078
instanceKlass  @bci java/lang/reflect/Executable typeVarBounds (Ljava/lang/reflect/TypeVariable;)Ljava/lang/String; 58 <appendix> argL0 ; # java/lang/reflect/Executable$$Lambda+0x00000179396c19a0
instanceKlass it/unimi/dsi/fastutil/ints/IntCollections$UnmodifiableCollection
instanceKlass it/unimi/dsi/fastutil/ints/IntArrays$ArrayHashStrategy
instanceKlass it/unimi/dsi/fastutil/ints/IntArrays$Segment
instanceKlass it/unimi/dsi/fastutil/ints/IntArrays
instanceKlass it/unimi/dsi/fastutil/ints/IntSpliterator
instanceKlass it/unimi/dsi/fastutil/ints/IntBidirectionalIterator
instanceKlass it/unimi/dsi/fastutil/ints/IntIterator
instanceKlass java/util/PrimitiveIterator$OfInt
instanceKlass java/util/PrimitiveIterator
instanceKlass it/unimi/dsi/fastutil/ints/IntSets
instanceKlass org/gradle/api/internal/provider/Collectors$SingleElement
instanceKlass org/gradle/api/internal/provider/Collectors$TypedCollector
instanceKlass org/gradle/api/internal/provider/Collectors$ProvidedCollector
instanceKlass  @bci org/gradle/api/internal/artifacts/DefaultDependencyConstraintSet add (Lorg/gradle/api/artifacts/DependencyConstraint;)Z 25 <appendix> member <vmtarget> ; # org/gradle/api/internal/artifacts/DefaultDependencyConstraintSet$$Lambda+0x000001793975d378
instanceKlass  @bci org/gradle/api/internal/initialization/DefaultScriptClassPathResolver lambda$prepareClassPath$1 (Lorg/gradle/api/artifacts/DependencyConstraint;)V 1 <appendix> argL0 ; # org/gradle/api/internal/initialization/DefaultScriptClassPathResolver$$Lambda+0x0000017939757d18
instanceKlass  @bci org/gradle/api/internal/artifacts/dependencies/DefaultDependencyConstraint_Decorated $gradleInit ()V 1 <appendix> member <vmtarget> ; # org/gradle/api/internal/artifacts/dependencies/DefaultDependencyConstraint_Decorated$$Lambda+0x000001793975d158
instanceKlass org/gradle/api/internal/artifacts/ImmutableVersionConstraint
instanceKlass org/gradle/api/internal/artifacts/dependencies/AbstractVersionConstraint
instanceKlass org/gradle/api/internal/artifacts/VersionConstraintInternal
instanceKlass org/gradle/api/internal/artifacts/DefaultModuleIdentifier
# instanceKlass java/lang/invoke/LambdaForm$MH+0x000001793975a800
instanceKlass org/gradle/api/artifacts/MutableVersionConstraint
instanceKlass org/gradle/api/internal/catalog/parser/StrictVersionParser$RichVersion
instanceKlass org/gradle/api/internal/artifacts/dsl/ParsedModuleStringNotation
instanceKlass  @bci org/gradle/api/internal/initialization/DefaultScriptClassPathResolver prepareClassPath (Lorg/gradle/api/artifacts/Configuration;Lorg/gradle/api/internal/initialization/ScriptClassPathResolutionContext;)V 174 <appendix> argL0 ; # org/gradle/api/internal/initialization/DefaultScriptClassPathResolver$$Lambda+0x00000179397574a8
instanceKlass org/gradle/api/attributes/plugin/GradlePluginApiVersion$Impl
instanceKlass org/gradle/api/attributes/Bundling$Impl
instanceKlass  @bci org/gradle/api/internal/initialization/DefaultScriptHandler defineConfiguration ()V 87 <appendix> member <vmtarget> ; # org/gradle/api/internal/initialization/DefaultScriptHandler$$Lambda+0x0000017939756938
instanceKlass  @bci org/gradle/api/internal/artifacts/configurations/DefaultLegacyConfiguration_Decorated $gradleInit ()V 1 <appendix> member <vmtarget> ; # org/gradle/api/internal/artifacts/configurations/DefaultLegacyConfiguration_Decorated$$Lambda+0x0000017939753a00
instanceKlass org/gradle/api/internal/initialization/StandaloneDomainObjectContext$CalculatedModelValueImpl
instanceKlass  @bci org/gradle/api/internal/artifacts/configurations/DefaultConfigurationPublications_Decorated $gradleInit ()V 1 <appendix> member <vmtarget> ; # org/gradle/api/internal/artifacts/configurations/DefaultConfigurationPublications_Decorated$$Lambda+0x00000179397537e0
# instanceKlass java/lang/invoke/LambdaForm$MH+0x000001793975a400
# instanceKlass java/lang/invoke/LambdaForm$MH+0x000001793975a000
# instanceKlass java/lang/invoke/LambdaForm$MH+0x0000017939759c00
# instanceKlass java/lang/invoke/LambdaForm$MH+0x0000017939759800
# instanceKlass java/lang/invoke/LambdaForm$MH+0x0000017939759400
# instanceKlass java/lang/invoke/LambdaForm$MH+0x0000017939759000
# instanceKlass java/lang/invoke/LambdaForm$MH+0x0000017939758c00
# instanceKlass java/lang/invoke/LambdaForm$MH+0x0000017939758800
# instanceKlass java/lang/invoke/LambdaForm$MH+0x0000017939758400
# instanceKlass java/lang/invoke/LambdaForm$MH+0x0000017939758000
instanceKlass org/gradle/api/internal/artifacts/configurations/DefaultVariant
instanceKlass org/gradle/api/internal/artifacts/ConfigurationVariantInternal
instanceKlass org/gradle/api/artifacts/ConfigurationVariant
instanceKlass org/gradle/api/internal/artifacts/configurations/DefaultConfiguration$AllArtifactsProvider
instanceKlass org/gradle/api/internal/artifacts/configurations/PublishArtifactSetProvider
instanceKlass org/gradle/api/internal/artifacts/DefaultPublishArtifactSet$ArtifactsFileCollection
instanceKlass org/gradle/api/internal/tasks/DefaultTaskDependency$VisitBehavior
instanceKlass  @bci org/gradle/api/internal/artifacts/DefaultPublishArtifactSet <init> (Lorg/gradle/api/Describable;Lorg/gradle/api/DomainObjectSet;Lorg/gradle/api/internal/file/FileCollectionFactory;Lorg/gradle/api/internal/tasks/TaskDependencyFactory;)V 14 <appendix> member <vmtarget> ; # org/gradle/api/internal/artifacts/DefaultPublishArtifactSet$$Lambda+0x0000017939752778
instanceKlass org/gradle/api/internal/artifacts/DefaultDependencySet$MutationValidationAction
instanceKlass  @bci org/gradle/api/internal/artifacts/configurations/DefaultConfiguration validateMutationType (Lorg/gradle/api/internal/artifacts/configurations/MutationValidator;Lorg/gradle/api/internal/artifacts/configurations/MutationValidator$MutationType;)Lorg/gradle/api/Action; 2 <appendix> member <vmtarget> ; # org/gradle/api/internal/artifacts/configurations/DefaultConfiguration$$Lambda+0x0000017939752328
instanceKlass  @bci org/gradle/api/internal/DefaultDomainObjectSet_Decorated $gradleInit ()V 1 <appendix> member <vmtarget> ; # org/gradle/api/internal/DefaultDomainObjectSet_Decorated$$Lambda+0x000001793974f1f8
instanceKlass  @bci org/gradle/api/internal/artifacts/configurations/DefaultConfiguration$ConfigurationResolvableDependencies_Decorated $gradleInit ()V 1 <appendix> member <vmtarget> ; # org/gradle/api/internal/artifacts/configurations/DefaultConfiguration$ConfigurationResolvableDependencies_Decorated$$Lambda+0x0000017939751f18
instanceKlass org/gradle/api/internal/artifacts/resolver/ResolutionOutputsInternal
instanceKlass org/gradle/api/internal/artifacts/resolver/ResolutionOutputs
instanceKlass org/gradle/api/internal/artifacts/configurations/ResolutionResultProvider
instanceKlass org/gradle/api/internal/artifacts/configurations/DefaultConfiguration$ConfigurationResolutionAccess
instanceKlass org/gradle/api/internal/artifacts/configurations/DefaultConfiguration$ConfigurationDescription
instanceKlass com/google/common/base/Platform$JdkPatternCompiler
instanceKlass com/google/common/base/PatternCompiler
instanceKlass com/google/common/base/Platform
instanceKlass com/google/common/base/Strings
instanceKlass org/gradle/api/tasks/util/internal/PatternSets
# instanceKlass java/lang/invoke/LambdaForm$MH+0x0000017939755c00
# instanceKlass java/lang/invoke/LambdaForm$MH+0x0000017939755800
# instanceKlass java/lang/invoke/LambdaForm$MH+0x0000017939755400
# instanceKlass java/lang/invoke/LambdaForm$MH+0x0000017939755000
# instanceKlass java/lang/invoke/LambdaForm$MH+0x0000017939754c00
# instanceKlass java/lang/invoke/LambdaForm$MH+0x0000017939754800
# instanceKlass java/lang/invoke/LambdaForm$MH+0x0000017939754400
# instanceKlass java/lang/invoke/LambdaForm$MH+0x0000017939754000
# instanceKlass java/lang/invoke/LambdaForm$MH+0x0000017939749c00
# instanceKlass java/lang/invoke/LambdaForm$MH+0x0000017939749800
# instanceKlass java/lang/invoke/LambdaForm$MH+0x0000017939749400
# instanceKlass java/lang/invoke/LambdaForm$BMH+0x0000017939749000
# instanceKlass java/lang/invoke/LambdaForm$DMH+0x0000017939748c00
# instanceKlass java/lang/invoke/LambdaForm$DMH+0x0000017939748800
instanceKlass sun/reflect/generics/tree/BooleanSignature
instanceKlass org/gradle/api/internal/artifacts/ivyservice/ResolutionParameters$ModuleVersionLock
instanceKlass org/gradle/api/artifacts/ExcludeRule
instanceKlass org/gradle/api/internal/file/collections/FileSystemMirroringFileTree
instanceKlass org/gradle/api/internal/artifacts/configurations/DefaultConfigurationPublications
instanceKlass org/gradle/api/internal/artifacts/configurations/DefaultConfiguration$ConfigurationResolvableDependencies
instanceKlass org/gradle/api/internal/artifacts/configurations/ResolutionStrategyInternal
instanceKlass org/gradle/api/internal/artifacts/ResolverResults
instanceKlass org/gradle/api/artifacts/ConfigurationPublications
instanceKlass org/gradle/operations/dependencies/configurations/ConfigurationIdentity
instanceKlass org/gradle/api/artifacts/PublishArtifactSet
instanceKlass org/gradle/api/internal/artifacts/resolver/ResolutionAccess
instanceKlass org/gradle/api/artifacts/DependencyResolutionListener
instanceKlass  @bci org/gradle/api/internal/artifacts/configurations/DefaultConfigurationContainer createLockedLegacyConfiguration (Ljava/lang/String;Lorg/gradle/api/internal/artifacts/configurations/ConfigurationRole;Lorg/gradle/api/Action;)Lorg/gradle/api/internal/artifacts/configurations/ConfigurationInternal; 4 <appendix> member <vmtarget> ; # org/gradle/api/internal/artifacts/configurations/DefaultConfigurationContainer$$Lambda+0x0000017939719fd8
instanceKlass org/gradle/api/internal/artifacts/configurations/DefaultConfigurationRole
instanceKlass org/gradle/api/internal/artifacts/configurations/ConfigurationRoles
instanceKlass  @bci org/gradle/api/internal/initialization/transform/ProjectDependencyInstrumentingArtifactTransform$Parameters_Decorated $gradleInit ()V 1 <appendix> member <vmtarget> ; # org/gradle/api/internal/initialization/transform/ProjectDependencyInstrumentingArtifactTransform$Parameters_Decorated$$Lambda+0x00000179397473f8
instanceKlass org/gradle/api/internal/initialization/transform/ProjectDependencyInstrumentingArtifactTransform$Parameters_Decorated
instanceKlass  @bci org/gradle/api/internal/initialization/transform/registration/InstrumentationTransformRegisterer registerInstrumentationOnlyPipeline (JLorg/gradle/api/artifacts/dsl/DependencyHandler;)V 15 <appendix> member <vmtarget> ; # org/gradle/api/internal/initialization/transform/registration/InstrumentationTransformRegisterer$$Lambda+0x0000017939746d98
instanceKlass org/gradle/api/internal/initialization/transform/ProjectDependencyInstrumentingArtifactTransform$Parameters
instanceKlass org/gradle/api/internal/initialization/transform/BaseInstrumentingArtifactTransform$InstrumentingClassTransformProvider
instanceKlass  @bci org/gradle/api/internal/initialization/transform/registration/InstrumentationTransformRegisterer lambda$registerInstrumentingTransform$8 (Lorg/gradle/api/internal/initialization/DefaultScriptClassPathResolver$InstrumentationPhase;Lorg/gradle/api/internal/initialization/DefaultScriptClassPathResolver$InstrumentationPhase;Lorg/gradle/api/provider/Provider;JLjava/util/function/Consumer;Lorg/gradle/api/artifacts/transform/TransformSpec;)V 48 <adapter> ; # java/lang/invoke/LambdaForm$MH+0x0000017939748400
# instanceKlass java/lang/invoke/LambdaForm$DMH+0x0000017939748000
instanceKlass  @bci org/gradle/api/internal/initialization/transform/registration/InstrumentationTransformRegisterer lambda$registerInstrumentingTransform$8 (Lorg/gradle/api/internal/initialization/DefaultScriptClassPathResolver$InstrumentationPhase;Lorg/gradle/api/internal/initialization/DefaultScriptClassPathResolver$InstrumentationPhase;Lorg/gradle/api/provider/Provider;JLjava/util/function/Consumer;Lorg/gradle/api/artifacts/transform/TransformSpec;)V 48 <appendix> form vmentry <vmtarget> ; # java/lang/invoke/LambdaForm$DMH+0x0000017939745c00
instanceKlass  @bci org/gradle/api/internal/initialization/transform/registration/InstrumentationTransformRegisterer lambda$registerInstrumentingTransform$8 (Lorg/gradle/api/internal/initialization/DefaultScriptClassPathResolver$InstrumentationPhase;Lorg/gradle/api/internal/initialization/DefaultScriptClassPathResolver$InstrumentationPhase;Lorg/gradle/api/provider/Provider;JLjava/util/function/Consumer;Lorg/gradle/api/artifacts/transform/TransformSpec;)V 48 <appendix> member <vmtarget> ; # org/gradle/api/internal/initialization/transform/registration/InstrumentationTransformRegisterer$$Lambda+0x0000017939746220
instanceKlass  @cpi org/gradle/api/internal/initialization/transform/registration/InstrumentationTransformRegisterer 329 form vmentry <vmtarget> ; # java/lang/invoke/LambdaForm$DMH+0x0000017939745800
instanceKlass  @bci org/gradle/api/internal/initialization/transform/BaseInstrumentingArtifactTransform$Parameters_Decorated $gradleInit ()V 1 <appendix> member <vmtarget> ; # org/gradle/api/internal/initialization/transform/BaseInstrumentingArtifactTransform$Parameters_Decorated$$Lambda+0x0000017939746000
instanceKlass org/gradle/api/internal/initialization/transform/BaseInstrumentingArtifactTransform$Parameters_Decorated
instanceKlass  @bci org/gradle/api/internal/initialization/transform/registration/InstrumentationTransformRegisterer registerInstrumentingTransform (JLorg/gradle/api/artifacts/dsl/DependencyHandler;Ljava/lang/Class;Lorg/gradle/api/provider/Provider;Lorg/gradle/api/internal/initialization/DefaultScriptClassPathResolver$InstrumentationPhase;Lorg/gradle/api/internal/initialization/DefaultScriptClassPathResolver$InstrumentationPhase;Ljava/util/function/Consumer;)V 13 <adapter> ; # java/lang/invoke/LambdaForm$MH+0x0000017939745400
# instanceKlass java/lang/invoke/LambdaForm$DMH+0x0000017939745000
instanceKlass  @bci org/gradle/api/internal/initialization/transform/registration/InstrumentationTransformRegisterer registerInstrumentingTransform (JLorg/gradle/api/artifacts/dsl/DependencyHandler;Ljava/lang/Class;Lorg/gradle/api/provider/Provider;Lorg/gradle/api/internal/initialization/DefaultScriptClassPathResolver$InstrumentationPhase;Lorg/gradle/api/internal/initialization/DefaultScriptClassPathResolver$InstrumentationPhase;Ljava/util/function/Consumer;)V 13 <appendix> form vmentry <vmtarget> ; # java/lang/invoke/LambdaForm$DMH+0x0000017939744c00
instanceKlass  @bci org/gradle/api/internal/initialization/transform/registration/InstrumentationTransformRegisterer registerInstrumentingTransform (JLorg/gradle/api/artifacts/dsl/DependencyHandler;Ljava/lang/Class;Lorg/gradle/api/provider/Provider;Lorg/gradle/api/internal/initialization/DefaultScriptClassPathResolver$InstrumentationPhase;Lorg/gradle/api/internal/initialization/DefaultScriptClassPathResolver$InstrumentationPhase;Ljava/util/function/Consumer;)V 13 <appendix> member <vmtarget> ; # org/gradle/api/internal/initialization/transform/registration/InstrumentationTransformRegisterer$$Lambda+0x0000017939743780
instanceKlass  @cpi org/gradle/api/internal/initialization/transform/registration/InstrumentationTransformRegisterer 326 form vmentry <vmtarget> ; # java/lang/invoke/LambdaForm$DMH+0x0000017939744800
instanceKlass  @bci org/gradle/api/internal/initialization/transform/registration/InstrumentationTransformRegisterer registerInstrumentationAndUpgradesPipeline (JLorg/gradle/api/artifacts/dsl/DependencyHandler;Lorg/gradle/api/provider/Provider;)V 45 <appendix> argL0 ; # org/gradle/api/internal/initialization/transform/registration/InstrumentationTransformRegisterer$$Lambda+0x0000017939743558
instanceKlass org/gradle/api/internal/initialization/transform/BaseInstrumentingArtifactTransform$Parameters
instanceKlass org/gradle/api/internal/initialization/transform/BaseInstrumentingArtifactTransform
instanceKlass org/gradle/api/internal/file/collections/DefaultConfigurableFileCollection$UnresolvedItemsCollector
instanceKlass  @bci org/gradle/api/internal/file/collections/DefaultConfigurableFileCollection assertMutable ()V 5 <appendix> member <vmtarget> ; # org/gradle/api/internal/file/collections/DefaultConfigurableFileCollection$$Lambda+0x00000179397426a0
instanceKlass  @bci java/lang/ProcessHandleImpl lambda$static$1 ()Ljava/util/concurrent/Executor; 45 <appendix> form vmentry <vmtarget> ; # java/lang/invoke/LambdaForm$DMH+0x0000017939744400
instanceKlass  @bci org/gradle/api/internal/initialization/transform/registration/InstrumentationTransformRegisterer lambda$registerInstrumentationAndUpgradesPipeline$3 (Lorg/gradle/api/provider/Provider;JLorg/gradle/api/internal/initialization/transform/MergeInstrumentationAnalysisTransform$Parameters;)V 41 <appendix> member <vmtarget> ; # org/gradle/api/internal/initialization/transform/registration/InstrumentationTransformRegisterer$$Lambda+0x0000017939742488
instanceKlass  @cpi org/gradle/api/internal/initialization/transform/registration/InstrumentationTransformRegisterer 339 form vmentry <vmtarget> ; # java/lang/invoke/LambdaForm$DMH+0x0000017939744000
instanceKlass org/gradle/api/internal/tasks/AbstractTaskDependency$1
instanceKlass org/gradle/api/internal/tasks/AbstractTaskDependency
instanceKlass org/gradle/api/internal/tasks/TaskDependencyContainerInternal
instanceKlass org/gradle/api/internal/tasks/TaskDependencyInternal
instanceKlass  @bci org/gradle/api/internal/file/collections/DefaultConfigurableFileCollection <init> (Ljava/lang/String;Lorg/gradle/internal/file/PathToFileResolver;Lorg/gradle/api/internal/tasks/TaskDependencyFactory;Lorg/gradle/api/tasks/util/internal/PatternSetFactory;Lorg/gradle/api/internal/provider/PropertyHost;)V 54 <appendix> argL0 ; # org/gradle/api/internal/file/collections/DefaultConfigurableFileCollection$$Lambda+0x0000017939741310
instanceKlass org/gradle/api/internal/file/collections/DefaultConfigurableFileCollection$EmptyCollector
instanceKlass org/gradle/api/internal/file/collections/DefaultConfigurableFileCollection$ValueCollector
instanceKlass  @bci org/gradle/api/internal/initialization/transform/registration/InstrumentationTransformRegisterer lambda$registerInstrumentationAndUpgradesPipeline$4 (Lorg/gradle/api/provider/Provider;JLorg/gradle/api/artifacts/transform/TransformSpec;)V 45 <appendix> member <vmtarget> ; # org/gradle/api/internal/initialization/transform/registration/InstrumentationTransformRegisterer$$Lambda+0x0000017939740000
instanceKlass  @bci org/gradle/api/internal/initialization/transform/MergeInstrumentationAnalysisTransform$Parameters_Decorated $gradleInit ()V 1 <appendix> member <vmtarget> ; # org/gradle/api/internal/initialization/transform/MergeInstrumentationAnalysisTransform$Parameters_Decorated$$Lambda+0x000001793973c400
instanceKlass org/gradle/api/internal/initialization/transform/MergeInstrumentationAnalysisTransform$Parameters_Decorated
instanceKlass org/gradle/api/internal/initialization/transform/MergeInstrumentationAnalysisTransform$Parameters
instanceKlass  @bci org/gradle/api/internal/initialization/transform/registration/InstrumentationTransformRegisterer registerInstrumentationAndUpgradesPipeline (JLorg/gradle/api/artifacts/dsl/DependencyHandler;Lorg/gradle/api/provider/Provider;)V 22 <appendix> member <vmtarget> ; # org/gradle/api/internal/initialization/transform/registration/InstrumentationTransformRegisterer$$Lambda+0x000001793973db88
instanceKlass org/gradle/api/internal/initialization/transform/MergeInstrumentationAnalysisTransform
instanceKlass org/gradle/api/internal/artifacts/transform/DefaultTransformRegistrationFactory$DefaultTransformRegistration
instanceKlass org/gradle/internal/model/CalculatedValueContainer$CalculationState
instanceKlass org/gradle/work/InputChanges
instanceKlass org/gradle/internal/instantiation/generator/DependencyInjectingInstantiator$1
instanceKlass  @bci org/gradle/internal/instantiation/generator/AsmBackedClassGenerator$ClassBuilderImpl writeGenericReturnTypeFields ()V 22 <appendix> member <vmtarget> ; # org/gradle/internal/instantiation/generator/AsmBackedClassGenerator$ClassBuilderImpl$$Lambda+0x000001793973f798
instanceKlass org/gradle/internal/instantiation/generator/AsmBackedClassGenerator$ClassBuilderImpl$ReturnTypeEntry
instanceKlass org/gradle/api/internal/tasks/properties/FileParameterUtils
instanceKlass org/gradle/internal/execution/model/InputNormalizer$1
instanceKlass  @bci org/gradle/internal/execution/model/annotations/AbstractInputFilePropertyAnnotationHandler visitPropertyValue (Ljava/lang/String;Lorg/gradle/internal/properties/PropertyValue;Lorg/gradle/internal/properties/annotations/PropertyMetadata;Lorg/gradle/internal/properties/PropertyVisitor;)V 9 <appendix> argL0 ; # org/gradle/internal/execution/model/annotations/AbstractInputFilePropertyAnnotationHandler$$Lambda+0x000001793973eaf8
instanceKlass org/gradle/internal/properties/PropertyValue$1
instanceKlass org/gradle/internal/properties/PropertyValue
instanceKlass org/gradle/api/internal/artifacts/transform/DefaultTransformRegistrationFactory$NormalizerCollectingVisitor
instanceKlass  @bci org/gradle/internal/reflect/DefaultTypeValidationContext <init> (Ljava/lang/Class;ZLorg/gradle/api/problems/internal/InternalProblems;)V 2 <appendix> argL0 ; # org/gradle/internal/reflect/DefaultTypeValidationContext$$Lambda+0x000001793973e688
instanceKlass org/gradle/api/problems/ProblemId
instanceKlass org/gradle/internal/reflect/ProblemRecordingTypeValidationContext
instanceKlass org/gradle/internal/properties/annotations/DefaultTypeMetadataStore$DefaultTypeMetadata
instanceKlass  @bci org/gradle/internal/execution/model/annotations/AbstractInputPropertyAnnotationHandler validateUnsupportedPropertyValueType (Ljava/lang/Class;Ljava/util/List;Lorg/gradle/internal/properties/annotations/PropertyMetadata;Lorg/gradle/internal/reflect/validation/TypeValidationContext;Ljava/lang/Class;[Ljava/lang/String;)V 13 <appendix> member <vmtarget> ; # org/gradle/internal/execution/model/annotations/AbstractInputPropertyAnnotationHandler$$Lambda+0x000001793973b6d8
instanceKlass com/google/common/collect/TransformedIterator
instanceKlass com/google/common/collect/FluentIterable
instanceKlass org/gradle/api/reflect/TypeOf$4
instanceKlass org/gradle/model/internal/type/ParameterizedTypeWrapper
instanceKlass org/gradle/internal/properties/annotations/DefaultTypeMetadataStore$DefaultPropertyMetadata
instanceKlass  @bci org/gradle/internal/reflect/validation/ReplayingTypeValidationContext replay (Ljava/lang/String;Lorg/gradle/internal/reflect/validation/TypeValidationContext;)V 6 <appendix> member <vmtarget> ; # org/gradle/internal/reflect/validation/ReplayingTypeValidationContext$$Lambda+0x0000017939739d08
instanceKlass  @bci org/gradle/internal/reflect/annotations/impl/DefaultTypeAnnotationMetadataStore mergePropertiesAndFieldMetadata (Ljava/lang/Class;Lcom/google/common/collect/ImmutableList;Lcom/google/common/collect/ImmutableMap;Lorg/gradle/internal/reflect/validation/TypeValidationContext;)Lcom/google/common/collect/ImmutableSortedSet; 177 <appendix> member <vmtarget> ; # org/gradle/internal/reflect/annotations/impl/DefaultTypeAnnotationMetadataStore$$Lambda+0x0000017939739ad8
instanceKlass  @bci org/gradle/internal/reflect/annotations/impl/DefaultTypeAnnotationMetadataStore mergePropertiesAndFieldMetadata (Ljava/lang/Class;Lcom/google/common/collect/ImmutableList;Lcom/google/common/collect/ImmutableMap;Lorg/gradle/internal/reflect/validation/TypeValidationContext;)Lcom/google/common/collect/ImmutableSortedSet; 164 <appendix> member <vmtarget> ; # org/gradle/internal/reflect/annotations/impl/DefaultTypeAnnotationMetadataStore$$Lambda+0x0000017939739888
instanceKlass org/objectweb/asm/ClassReader
instanceKlass org/gradle/api/internal/initialization/transform/InstrumentationArtifactMetadata
instanceKlass org/gradle/api/internal/initialization/transform/services/InjectedInstrumentationServices
instanceKlass  @bci org/gradle/internal/reflect/annotations/impl/DefaultTypeAnnotationMetadataStore$HasAnnotationMetadataBuilder inheritAnnotations (ZLorg/gradle/internal/reflect/annotations/HasAnnotationMetadata;)V 26 <appendix> member <vmtarget> ; # org/gradle/internal/reflect/annotations/impl/DefaultTypeAnnotationMetadataStore$HasAnnotationMetadataBuilder$$Lambda+0x0000017939738688
instanceKlass  @cpi org/gradle/api/internal/tasks/compile/incremental/deps/ClassSetAnalysisData 396 form vmentry <vmtarget> ; # java/lang/invoke/LambdaForm$DMH+0x000001793973c000
instanceKlass com/google/common/collect/SortedIterables
instanceKlass  @bci org/gradle/internal/reflect/annotations/impl/DefaultTypeAnnotationMetadata <init> (Ljava/lang/Iterable;Ljava/lang/Iterable;Ljava/lang/Iterable;Lorg/gradle/internal/reflect/validation/ReplayingTypeValidationContext;)V 6 <appendix> argL0 ; # org/gradle/internal/reflect/annotations/impl/DefaultTypeAnnotationMetadata$$Lambda+0x0000017939737670
instanceKlass org/gradle/internal/reflect/annotations/impl/DefaultTypeAnnotationMetadata
instanceKlass  @bci org/gradle/internal/reflect/annotations/impl/DefaultTypeAnnotationMetadataStore extractFunctionsFrom (Ljava/lang/Class;Ljava/util/Map;Lorg/gradle/internal/reflect/validation/TypeValidationContext;)Lcom/google/common/collect/ImmutableSortedSet; 72 <appendix> member <vmtarget> ; # org/gradle/internal/reflect/annotations/impl/DefaultTypeAnnotationMetadataStore$$Lambda+0x00000179397371c8
instanceKlass  @bci org/gradle/internal/reflect/annotations/impl/DefaultTypeAnnotationMetadataStore extractFunctionsFrom (Ljava/lang/Class;Ljava/util/Map;Lorg/gradle/internal/reflect/validation/TypeValidationContext;)Lcom/google/common/collect/ImmutableSortedSet; 8 <appendix> argL0 ; # org/gradle/internal/reflect/annotations/impl/DefaultTypeAnnotationMetadataStore$$Lambda+0x0000017939736d10
instanceKlass com/google/common/collect/AbstractMapBasedMultimap$KeySet$1
instanceKlass org/gradle/internal/reflect/annotations/impl/AbstractHasAnnotationMetadata
instanceKlass  @bci org/gradle/internal/reflect/annotations/impl/DefaultTypeAnnotationMetadataStore convertMethodToPropertyBuilders (Ljava/util/Map;)Lcom/google/common/collect/ImmutableList; 8 <appendix> argL0 ; # org/gradle/internal/reflect/annotations/impl/DefaultTypeAnnotationMetadataStore$$Lambda+0x0000017939733da8
instanceKlass  @bci org/gradle/internal/reflect/annotations/impl/DefaultTypeAnnotationMetadataStore$HasAnnotationMetadataBuilder <init> (Ljava/lang/reflect/Method;Lorg/gradle/internal/reflect/validation/TypeValidationContext;)V 47 <appendix> argL0 ; # org/gradle/internal/reflect/annotations/impl/DefaultTypeAnnotationMetadataStore$HasAnnotationMetadataBuilder$$Lambda+0x0000017939733740
instanceKlass  @bci org/gradle/internal/reflect/annotations/impl/DefaultTypeAnnotationMetadataStore$HasAnnotationMetadataBuilder <init> (Ljava/lang/reflect/Method;Lorg/gradle/internal/reflect/validation/TypeValidationContext;)V 26 <appendix> argL0 ; # org/gradle/internal/reflect/annotations/impl/DefaultTypeAnnotationMetadataStore$HasAnnotationMetadataBuilder$$Lambda+0x0000017939733508
instanceKlass com/google/common/collect/MultimapBuilder$ArrayListSupplier
instanceKlass  @bci org/gradle/internal/reflect/annotations/impl/DefaultTypeAnnotationMetadataStore$HasAnnotationMetadataBuilder <init> (Ljava/lang/reflect/Method;Lorg/gradle/internal/reflect/validation/TypeValidationContext;)V 5 <appendix> argL0 ; # org/gradle/internal/reflect/annotations/impl/DefaultTypeAnnotationMetadataStore$HasAnnotationMetadataBuilder$$Lambda+0x0000017939732b68
instanceKlass  @bci org/gradle/internal/reflect/annotations/impl/DefaultTypeAnnotationMetadataStore getOrCreatePropertyBuilder (Ljava/lang/String;Ljava/lang/reflect/Method;Lorg/gradle/internal/reflect/validation/TypeValidationContext;Ljava/util/Map;)Lorg/gradle/internal/reflect/annotations/impl/DefaultTypeAnnotationMetadataStore$PropertyAnnotationMetadataBuilder; 10 <appendix> member <vmtarget> ; # org/gradle/internal/reflect/annotations/impl/DefaultTypeAnnotationMetadataStore$$Lambda+0x0000017939732928
instanceKlass org/gradle/internal/reflect/annotations/impl/DefaultTypeAnnotationMetadataStore$HasAnnotationMetadataBuilder
instanceKlass  @bci org/gradle/internal/reflect/annotations/impl/DefaultTypeAnnotationMetadataStore extractPropertiesFrom (Ljava/lang/Class;Ljava/util/Map;Lorg/gradle/internal/reflect/validation/TypeValidationContext;)Lcom/google/common/collect/ImmutableSortedSet; 8 <appendix> argL0 ; # org/gradle/internal/reflect/annotations/impl/DefaultTypeAnnotationMetadataStore$$Lambda+0x0000017939732218
instanceKlass org/gradle/api/artifacts/transform/TransformOutputs
instanceKlass  @bci org/gradle/internal/reflect/annotations/impl/DefaultTypeAnnotationMetadataStore inheritFunctionMethods (Ljava/lang/Class;Lorg/gradle/internal/reflect/validation/TypeValidationContext;Ljava/util/Map;)V 5 <appendix> member <vmtarget> ; # org/gradle/internal/reflect/annotations/impl/DefaultTypeAnnotationMetadataStore$$Lambda+0x0000017939731e00
instanceKlass  @bci org/gradle/internal/reflect/annotations/impl/DefaultTypeAnnotationMetadataStore visitSuperTypes (Ljava/lang/Class;Lorg/gradle/internal/reflect/annotations/impl/DefaultTypeAnnotationMetadataStore$TypeAnnotationMetadataVisitor;)V 9 <appendix> member <vmtarget> ; # org/gradle/internal/reflect/annotations/impl/DefaultTypeAnnotationMetadataStore$$Lambda+0x0000017939731bd0
instanceKlass  @bci org/gradle/internal/reflect/annotations/impl/DefaultTypeAnnotationMetadataStore inheritPropertyMethods (Ljava/lang/Class;Lorg/gradle/internal/reflect/validation/TypeValidationContext;Ljava/util/Map;)V 5 <appendix> member <vmtarget> ; # org/gradle/internal/reflect/annotations/impl/DefaultTypeAnnotationMetadataStore$$Lambda+0x00000179397319b0
instanceKlass org/gradle/internal/reflect/annotations/impl/DefaultTypeAnnotationMetadataStore$TypeAnnotationMetadataVisitor
instanceKlass  @bci org/gradle/internal/reflect/annotations/impl/DefaultTypeAnnotationMetadataStore createTypeAnnotationMetadata (Ljava/lang/Class;)Lorg/gradle/internal/reflect/annotations/TypeAnnotationMetadata; 52 <appendix> member <vmtarget> ; # org/gradle/internal/reflect/annotations/impl/DefaultTypeAnnotationMetadataStore$$Lambda+0x0000017939731318
instanceKlass  @bci org/gradle/internal/reflect/annotations/impl/DefaultTypeAnnotationMetadataStore getTypeAnnotationMetadata (Ljava/lang/Class;)Lorg/gradle/internal/reflect/annotations/TypeAnnotationMetadata; 6 <appendix> member <vmtarget> ; # org/gradle/internal/reflect/annotations/impl/DefaultTypeAnnotationMetadataStore$$Lambda+0x00000179397310d8
instanceKlass org/gradle/internal/reflect/validation/ReplayingTypeValidationContext
instanceKlass  @bci org/gradle/internal/properties/annotations/DefaultTypeMetadataStore getTypeMetadata (Ljava/lang/Class;)Lorg/gradle/internal/properties/annotations/TypeMetadata; 6 <appendix> member <vmtarget> ; # org/gradle/internal/properties/annotations/DefaultTypeMetadataStore$$Lambda+0x0000017939730c58
instanceKlass  @bci org/gradle/api/internal/attributes/DefaultAttributesFactory doConcatEntry (Lorg/gradle/api/internal/attributes/ImmutableAttributes;Lorg/gradle/api/internal/attributes/ImmutableAttributesEntry;)Lorg/gradle/api/internal/attributes/ImmutableAttributes; 51 <appendix> member <vmtarget> ; # org/gradle/api/internal/attributes/DefaultAttributesFactory$$Lambda+0x00000179397306a8
instanceKlass org/gradle/api/internal/attributes/DefaultImmutableAttributesEntry
instanceKlass  @bci org/gradle/api/internal/provider/DefaultMapProperty$CollectingSupplier calculateOwnValue (Lorg/gradle/api/internal/provider/ValueSupplier$ValueConsumer;)Lorg/gradle/api/internal/provider/ValueSupplier$Value; 15 <appendix> argL0 ; # org/gradle/api/internal/provider/DefaultMapProperty$CollectingSupplier$$Lambda+0x0000017939730230
instanceKlass  @bci org/gradle/api/internal/provider/DefaultMapProperty$CollectingSupplier calculateOwnValue (Lorg/gradle/api/internal/provider/ValueSupplier$ValueConsumer;)Lorg/gradle/api/internal/provider/ValueSupplier$Value; 3 <appendix> member <vmtarget> ; # org/gradle/api/internal/provider/DefaultMapProperty$CollectingSupplier$$Lambda+0x0000017939730000
instanceKlass  @bci org/gradle/api/internal/attributes/DefaultMutableAttributeContainer asImmutable ()Lorg/gradle/api/internal/attributes/ImmutableAttributes; 1 <appendix> argL0 ; # org/gradle/api/internal/attributes/DefaultMutableAttributeContainer$$Lambda+0x0000017939728c40
instanceKlass org/gradle/api/internal/provider/ValueSupplier$FixedSideEffect
instanceKlass org/gradle/api/internal/provider/ValueSupplier$SideEffectBuilder
instanceKlass org/gradle/api/internal/provider/ValueSupplier$SideEffect
instanceKlass  @bci org/gradle/api/internal/provider/DefaultMapProperty$CollectingSupplier calculateKeys (Lorg/gradle/api/internal/provider/ValueSupplier$ValueConsumer;)Lorg/gradle/api/internal/provider/ValueSupplier$Value; 11 <appendix> argL0 ; # org/gradle/api/internal/provider/DefaultMapProperty$CollectingSupplier$$Lambda+0x0000017939729b20
instanceKlass  @bci org/gradle/api/internal/provider/DefaultMapProperty$CollectingSupplier calculateKeys (Lorg/gradle/api/internal/provider/ValueSupplier$ValueConsumer;)Lorg/gradle/api/internal/provider/ValueSupplier$Value; 3 <appendix> member <vmtarget> ; # org/gradle/api/internal/provider/DefaultMapProperty$CollectingSupplier$$Lambda+0x00000179397298f0
instanceKlass  @bci org/gradle/api/internal/attributes/DefaultMutableAttributeContainer keySet ()Ljava/util/Set; 1 <appendix> argL0 ; # org/gradle/api/internal/attributes/DefaultMutableAttributeContainer$$Lambda+0x0000017939729220
instanceKlass  @bci org/gradle/api/internal/initialization/transform/registration/InstrumentationTransformRegisterer lambda$registerInstrumentationAndUpgradesPipeline$1 (Lorg/gradle/api/provider/Provider;JLorg/gradle/api/artifacts/transform/TransformSpec;)V 45 <appendix> member <vmtarget> ; # org/gradle/api/internal/initialization/transform/registration/InstrumentationTransformRegisterer$$Lambda+0x0000017939729000
instanceKlass  @bci org/gradle/api/internal/artifacts/transform/DefaultVariantTransformRegistry$TypedRegistration_Decorated $gradleInit ()V 1 <appendix> member <vmtarget> ; # org/gradle/api/internal/artifacts/transform/DefaultVariantTransformRegistry$TypedRegistration_Decorated$$Lambda+0x00000179397198e8
instanceKlass org/gradle/api/internal/artifacts/transform/DefaultVariantTransformRegistry$TypedRegistration
instanceKlass  @bci org/gradle/api/internal/initialization/transform/InstrumentationAnalysisTransform$Parameters_Decorated $gradleInit ()V 1 <appendix> member <vmtarget> ; # org/gradle/api/internal/initialization/transform/InstrumentationAnalysisTransform$Parameters_Decorated$$Lambda+0x000001793972bd58
instanceKlass org/gradle/api/internal/initialization/transform/InstrumentationAnalysisTransform$Parameters_Decorated
instanceKlass  @bci org/gradle/internal/instantiation/generator/AsmBackedClassGenerator$ClassBuilderImpl addDefaultConstructor ()V 8 <appendix> member <vmtarget> ; # org/gradle/internal/instantiation/generator/AsmBackedClassGenerator$ClassBuilderImpl$$Lambda+0x000001793972b280
instanceKlass org/gradle/api/internal/initialization/transform/InstrumentationAnalysisTransform$Parameters
instanceKlass  @bci org/gradle/api/internal/initialization/transform/registration/InstrumentationTransformRegisterer registerInstrumentationAndUpgradesPipeline (JLorg/gradle/api/artifacts/dsl/DependencyHandler;Lorg/gradle/api/provider/Provider;)V 6 <appendix> member <vmtarget> ; # org/gradle/api/internal/initialization/transform/registration/InstrumentationTransformRegisterer$$Lambda+0x000001793972ae68
instanceKlass  @cpi org/gradle/api/internal/initialization/transform/registration/InstrumentationTransformRegisterer 310 form vmentry <vmtarget> ; # java/lang/invoke/LambdaForm$DMH+0x0000017939728400
instanceKlass org/gradle/api/artifacts/transform/TransformSpec
instanceKlass org/gradle/api/internal/initialization/transform/InstrumentationAnalysisTransform
instanceKlass org/gradle/api/internal/DefaultNamedDomainObjectCollection$ObjectBackedElementInfo
instanceKlass org/gradle/api/internal/DefaultNamedDomainObjectCollection$ElementInfo
instanceKlass  @bci org/gradle/api/services/internal/DefaultBuildServicesRegistry$DefaultServiceRegistration_Decorated $gradleInit ()V 1 <appendix> member <vmtarget> ; # org/gradle/api/services/internal/DefaultBuildServicesRegistry$DefaultServiceRegistration_Decorated$$Lambda+0x000001793972a3d8
instanceKlass org/gradle/api/services/internal/BuildServiceDetails
instanceKlass  @bci org/gradle/api/internal/provider/AbstractProperty beforeRead (Lorg/gradle/internal/evaluation/EvaluationScopeContext;Lorg/gradle/internal/state/ModelObject;Lorg/gradle/api/internal/provider/ValueSupplier$ValueConsumer;)V 12 <appendix> member <vmtarget> ; # org/gradle/api/internal/provider/AbstractProperty$$Lambda+0x000001793972f8d0
instanceKlass  @bci org/gradle/internal/evaluation/EvaluationContext <init> ()V 6 <appendix> member <vmtarget> ; # org/gradle/internal/evaluation/EvaluationContext$$Lambda+0x000001793972f450
instanceKlass org/gradle/internal/evaluation/EvaluationContext$PerThreadContext
instanceKlass org/gradle/internal/evaluation/EvaluationScopeContext
instanceKlass org/gradle/internal/evaluation/EvaluationContext
instanceKlass  @bci org/gradle/internal/instantiation/managed/DefaultManagedObjectRegistry$ReflectionCache unreflect (Ljava/lang/reflect/Method;)Ljava/lang/invoke/MethodHandle; 127 <appendix> argL0 ; # org/gradle/internal/instantiation/managed/DefaultManagedObjectRegistry$ReflectionCache$$Lambda+0x000001793972e7a0
instanceKlass  @bci org/gradle/internal/instantiation/managed/DefaultManagedObjectRegistry$ReflectionCache getMethod (Ljava/lang/Class;Ljava/lang/String;[Ljava/lang/Class;)Ljava/lang/reflect/Method; 43 <appendix> member <vmtarget> ; # org/gradle/internal/instantiation/managed/DefaultManagedObjectRegistry$ReflectionCache$$Lambda+0x000001793972e560
instanceKlass org/gradle/internal/instantiation/managed/DefaultManagedObjectRegistry$ReflectionCache$GetMethodKey
instanceKlass org/gradle/internal/instantiation/managed/ManagedObjectCreator
instanceKlass org/gradle/api/internal/DelegatingDomainObjectSet
instanceKlass org/gradle/internal/instantiation/managed/DefaultManagedObjectRegistry$ReflectionCache
instanceKlass org/gradle/internal/instantiation/managed/DefaultManagedObjectRegistry
instanceKlass  @bci org/gradle/api/services/internal/DefaultBuildServicesRegistry$DefaultServiceSpec_Decorated $gradleInit ()V 1 <appendix> member <vmtarget> ; # org/gradle/api/services/internal/DefaultBuildServicesRegistry$DefaultServiceSpec_Decorated$$Lambda+0x000001793972c860
instanceKlass  @bci org/gradle/internal/instantiation/generator/AsmBackedClassGenerator$ClassBuilderImpl applyReadOnlyManagedStateToGetter (Lorg/gradle/internal/instantiation/generator/AbstractClassGenerator$PropertyMetadata;Ljava/lang/reflect/Method;Z)V 53 <appendix> member <vmtarget> ; # org/gradle/internal/instantiation/generator/AsmBackedClassGenerator$ClassBuilderImpl$$Lambda+0x0000017939723c90
instanceKlass  @cpi org/gradle/internal/instantiation/generator/AsmBackedClassGenerator$ClassBuilderImpl 1691 form vmentry <vmtarget> ; # java/lang/invoke/LambdaForm$DMH+0x0000017939728000
instanceKlass org/gradle/internal/instantiation/generator/AsmBackedClassGenerator$AttachedProperty
instanceKlass org/gradle/api/SupportsKotlinAssignmentOverloading
instanceKlass org/gradle/api/services/internal/DefaultBuildServicesRegistry$DefaultServiceSpec
instanceKlass org/gradle/internal/reflect/Types$1
instanceKlass org/gradle/internal/reflect/Types
instanceKlass  @bci org/gradle/api/internal/artifacts/ivyservice/resolveengine/graph/builder/ResolveState getNode (Lorg/gradle/api/internal/artifacts/ivyservice/resolveengine/graph/builder/ComponentState;Lorg/gradle/internal/component/model/VariantGraphResolveState;Z)Lorg/gradle/api/internal/artifacts/ivyservice/resolveengine/graph/builder/NodeState; 19 <adapter> ; # java/lang/invoke/LambdaForm$MH+0x0000017939722c00
# instanceKlass java/lang/invoke/LambdaForm$DMH+0x0000017939722800
instanceKlass  @bci org/gradle/api/internal/artifacts/ivyservice/resolveengine/graph/builder/ResolveState getNode (Lorg/gradle/api/internal/artifacts/ivyservice/resolveengine/graph/builder/ComponentState;Lorg/gradle/internal/component/model/VariantGraphResolveState;Z)Lorg/gradle/api/internal/artifacts/ivyservice/resolveengine/graph/builder/NodeState; 19 <appendix> form vmentry <vmtarget> ; # java/lang/invoke/LambdaForm$DMH+0x0000017939722400
instanceKlass  @bci org/gradle/internal/inspection/DefaultTypeParameterInspection inferParameterType (Ljava/lang/Class;I)Ljava/lang/Class; 23 <appendix> member <vmtarget> ; # org/gradle/internal/inspection/DefaultTypeParameterInspection$$Lambda+0x0000017939727cb8
instanceKlass  @cpi org/gradle/api/internal/artifacts/ivyservice/resolveengine/graph/builder/ResolveState 556 form vmentry <vmtarget> ; # java/lang/invoke/LambdaForm$DMH+0x0000017939722000
instanceKlass org/gradle/internal/reflect/Types$TypeVisitor
instanceKlass  @bci org/gradle/api/services/internal/DefaultBuildServicesRegistry doRegisterIfAbsent (Ljava/lang/String;Ljava/lang/Class;Ljava/util/function/Supplier;)Lorg/gradle/api/services/internal/BuildServiceProvider; 5 <appendix> member <vmtarget> ; # org/gradle/api/services/internal/DefaultBuildServicesRegistry$$Lambda+0x0000017939727640
instanceKlass  @bci org/gradle/api/services/internal/DefaultBuildServicesRegistry registerIfAbsent (Ljava/lang/String;Ljava/lang/Class;Lorg/gradle/api/Action;)Lorg/gradle/api/provider/Provider; 6 <appendix> member <vmtarget> ; # org/gradle/api/services/internal/DefaultBuildServicesRegistry$$Lambda+0x0000017939727420
instanceKlass  @bci org/gradle/api/services/BuildServiceRegistry registerIfAbsent (Ljava/lang/String;Ljava/lang/Class;)Lorg/gradle/api/provider/Provider; 3 <appendix> argL0 ; # org/gradle/api/services/BuildServiceRegistry$$Lambda+0x0000017939727208
instanceKlass org/gradle/api/internal/initialization/transform/services/CacheInstrumentationDataBuildService
instanceKlass  @bci org/gradle/api/services/internal/DefaultBuildServicesRegistry_Decorated $gradleInit ()V 1 <appendix> member <vmtarget> ; # org/gradle/api/services/internal/DefaultBuildServicesRegistry_Decorated$$Lambda+0x0000017939726d88
instanceKlass  @bci org/gradle/api/internal/DefaultNamedDomainObjectSet_Decorated $gradleInit ()V 1 <appendix> member <vmtarget> ; # org/gradle/api/internal/DefaultNamedDomainObjectSet_Decorated$$Lambda+0x0000017939726900
instanceKlass com/google/common/reflect/Reflection
instanceKlass com/google/common/reflect/Types$TypeVariableInvocationHandler
instanceKlass com/google/common/reflect/Types$TypeVariableImpl
instanceKlass com/google/common/reflect/Types$NativeTypeVariableEquals
instanceKlass org/gradle/api/internal/DynamicPropertyNamer
instanceKlass org/gradle/api/services/BuildServiceParameters$None
# instanceKlass java/lang/invoke/LambdaForm$MH+0x0000017939721c00
# instanceKlass java/lang/invoke/LambdaForm$MH+0x0000017939721800
# instanceKlass java/lang/invoke/LambdaForm$MH+0x0000017939721400
# instanceKlass java/lang/invoke/LambdaForm$MH+0x0000017939721000
# instanceKlass java/lang/invoke/LambdaForm$MH+0x0000017939720c00
# instanceKlass java/lang/invoke/LambdaForm$MH+0x0000017939720800
# instanceKlass java/lang/invoke/LambdaForm$MH+0x0000017939720400
instanceKlass org/gradle/api/services/internal/DefaultBuildServicesRegistry$DefaultServiceRegistration
instanceKlass org/gradle/internal/resources/SharedResource
instanceKlass org/gradle/api/services/BuildServiceSpec
instanceKlass org/gradle/api/services/BuildServiceRegistration
instanceKlass  @bci org/gradle/api/services/internal/BuildServiceProvider$Listener <clinit> ()V 0 <appendix> argL0 ; # org/gradle/api/services/internal/BuildServiceProvider$Listener$$Lambda+0x000001793971ee68
instanceKlass org/gradle/api/services/internal/BuildServiceProvider$Listener
instanceKlass  @bci org/gradle/internal/flow/services/BuildFlowScope_Decorated $gradleInit ()V 1 <appendix> member <vmtarget> ; # org/gradle/internal/flow/services/BuildFlowScope_Decorated$$Lambda+0x00000179397190d8
instanceKlass  @bci org/gradle/internal/flow/services/BuildFlowScope <init> (Lorg/gradle/internal/flow/services/FlowScheduler;Lorg/gradle/api/flow/FlowProviders;Lorg/gradle/internal/flow/services/FlowParametersInstantiator;Lorg/gradle/internal/instantiation/InstantiatorFactory;)V 73 <appendix> member <vmtarget> ; # org/gradle/internal/flow/services/BuildFlowScope$$Lambda+0x0000017939718eb8
instanceKlass  @bci org/gradle/internal/flow/services/BuildFlowScope <init> (Lorg/gradle/internal/flow/services/FlowScheduler;Lorg/gradle/api/flow/FlowProviders;Lorg/gradle/internal/flow/services/FlowParametersInstantiator;Lorg/gradle/internal/instantiation/InstantiatorFactory;)V 59 <appendix> argL0 ; # org/gradle/internal/flow/services/BuildFlowScope$$Lambda+0x0000017939718ca0
# instanceKlass java/lang/invoke/LambdaForm$MH+0x0000017939720000
instanceKlass kotlin/annotation/MustBeDocumented
instanceKlass kotlin/ReplaceWith
instanceKlass kotlin/Deprecated
instanceKlass org/gradle/internal/flow/services/BuildFlowScope$State
instanceKlass org/gradle/api/flow/FlowParameters
instanceKlass org/gradle/api/flow/FlowScope$Registration
# instanceKlass java/lang/invoke/LambdaForm$MH+0x000001793971dc00
# instanceKlass java/lang/invoke/LambdaForm$MH+0x000001793971d800
# instanceKlass java/lang/invoke/LambdaForm$MH+0x000001793971d400
# instanceKlass java/lang/invoke/LambdaForm$MH+0x000001793971d000
# instanceKlass java/lang/invoke/LambdaForm$MH+0x000001793971cc00
# instanceKlass java/lang/invoke/LambdaForm$MH+0x000001793971c800
# instanceKlass java/lang/invoke/LambdaForm$MH+0x000001793971c400
# instanceKlass java/lang/invoke/LambdaForm$MH+0x000001793971c000
instanceKlass  @bci org/gradle/internal/flow/services/FlowParametersInstantiator <init> (Lorg/gradle/api/internal/tasks/properties/InspectionSchemeFactory;Lorg/gradle/internal/instantiation/InstantiatorFactory;Lorg/gradle/internal/service/ServiceRegistry;)V 60 <appendix> member <vmtarget> ; # org/gradle/internal/flow/services/FlowParametersInstantiator$$Lambda+0x0000017939718000
instanceKlass  @bci org/gradle/internal/flow/services/FlowParametersInstantiator <init> (Lorg/gradle/api/internal/tasks/properties/InspectionSchemeFactory;Lorg/gradle/internal/instantiation/InstantiatorFactory;Lorg/gradle/internal/service/ServiceRegistry;)V 25 <appendix> member <vmtarget> ; # org/gradle/internal/flow/services/FlowParametersInstantiator$$Lambda+0x000001793970bdb8
instanceKlass  @bci org/gradle/internal/flow/services/DefaultFlowProviders <init> ()V 5 <appendix> argL0 ; # org/gradle/internal/flow/services/DefaultFlowProviders$$Lambda+0x000001793970bba0
instanceKlass  @bci org/gradle/internal/flow/services/FlowScheduler <init> (Lorg/gradle/internal/instantiation/InstantiatorFactory;Lorg/gradle/internal/service/ServiceRegistry;Lorg/gradle/internal/build/BuildState;)V 31 <appendix> member <vmtarget> ; # org/gradle/internal/flow/services/FlowScheduler$$Lambda+0x000001793970b980
# instanceKlass java/lang/invoke/LambdaForm$MH+0x0000017939717c00
# instanceKlass java/lang/invoke/LambdaForm$MH+0x0000017939717800
# instanceKlass java/lang/invoke/LambdaForm$MH+0x0000017939717400
# instanceKlass java/lang/invoke/LambdaForm$MH+0x0000017939717000
# instanceKlass java/lang/invoke/LambdaForm$MH+0x0000017939716c00
# instanceKlass java/lang/invoke/LambdaForm$MH+0x0000017939716800
# instanceKlass java/lang/invoke/LambdaForm$MH+0x0000017939716400
# instanceKlass java/lang/invoke/LambdaForm$MH+0x0000017939716000
# instanceKlass java/lang/invoke/LambdaForm$MH+0x0000017939715c00
# instanceKlass java/lang/invoke/LambdaForm$MH+0x0000017939715800
instanceKlass org/gradle/api/internal/provider/AppendOnceList
instanceKlass org/gradle/api/internal/provider/ValueSupplier$ValueProducer
instanceKlass org/gradle/api/internal/provider/MapCollectors$SingleEntry
instanceKlass  @bci org/gradle/api/internal/artifacts/dsl/dependencies/DefaultDependencyHandler_Decorated $gradleInit ()V 1 <appendix> member <vmtarget> ; # org/gradle/api/internal/artifacts/dsl/dependencies/DefaultDependencyHandler_Decorated$$Lambda+0x000001793970b760
instanceKlass org/gradle/api/internal/artifacts/dsl/dependencies/DefaultDependencyHandler$DirectDependencyAdder
instanceKlass org/gradle/api/artifacts/type/ArtifactTypeDefinition
# instanceKlass java/lang/invoke/LambdaForm$MH+0x0000017939715400
# instanceKlass java/lang/invoke/LambdaForm$MH+0x0000017939715000
# instanceKlass java/lang/invoke/LambdaForm$MH+0x0000017939714c00
# instanceKlass java/lang/invoke/LambdaForm$MH+0x0000017939714800
# instanceKlass java/lang/invoke/LambdaForm$MH+0x0000017939714400
# instanceKlass java/lang/invoke/LambdaForm$MH+0x0000017939714000
# instanceKlass java/lang/invoke/LambdaForm$MH+0x0000017939713c00
# instanceKlass java/lang/invoke/LambdaForm$MH+0x0000017939713800
# instanceKlass java/lang/invoke/LambdaForm$MH+0x0000017939713400
# instanceKlass java/lang/invoke/LambdaForm$MH+0x0000017939713000
# instanceKlass java/lang/invoke/LambdaForm$MH+0x0000017939712c00
# instanceKlass java/lang/invoke/LambdaForm$MH+0x0000017939712800
# instanceKlass java/lang/invoke/LambdaForm$DMH+0x0000017939712400
instanceKlass org/gradle/api/artifacts/dsl/ExternalModuleDependencyVariantSpec
instanceKlass org/gradle/api/internal/artifacts/dsl/dependencies/DefaultDependencyHandler
instanceKlass org/gradle/api/internal/artifacts/dsl/DependencyHandlerInternal
# instanceKlass java/lang/invoke/LambdaForm$MH+0x0000017939712000
# instanceKlass java/lang/invoke/LambdaForm$MH+0x0000017939711c00
# instanceKlass java/lang/invoke/LambdaForm$MH+0x0000017939711800
# instanceKlass java/lang/invoke/LambdaForm$MH+0x0000017939711400
# instanceKlass java/lang/invoke/LambdaForm$MH+0x0000017939711000
# instanceKlass java/lang/invoke/LambdaForm$MH+0x0000017939710c00
# instanceKlass java/lang/invoke/LambdaForm$MH+0x0000017939710800
# instanceKlass java/lang/invoke/LambdaForm$MH+0x0000017939710400
# instanceKlass java/lang/invoke/LambdaForm$MH+0x0000017939710000
# instanceKlass java/lang/invoke/LambdaForm$MH+0x000001793970fc00
# instanceKlass java/lang/invoke/LambdaForm$MH+0x000001793970f800
# instanceKlass java/lang/invoke/LambdaForm$MH+0x000001793970f400
# instanceKlass java/lang/invoke/LambdaForm$MH+0x000001793970f000
# instanceKlass java/lang/invoke/LambdaForm$MH+0x000001793970ec00
# instanceKlass java/lang/invoke/LambdaForm$MH+0x000001793970e800
# instanceKlass java/lang/invoke/LambdaForm$DMH+0x000001793970e400
# instanceKlass java/lang/invoke/LambdaForm$MH+0x000001793970e000
# instanceKlass java/lang/invoke/LambdaForm$MH+0x000001793970dc00
# instanceKlass java/lang/invoke/LambdaForm$MH+0x000001793970d800
# instanceKlass java/lang/invoke/LambdaForm$MH+0x000001793970d400
instanceKlass  @bci org/gradle/api/internal/artifacts/dsl/dependencies/DefaultDependencyConstraintHandler_Decorated $gradleInit ()V 1 <appendix> member <vmtarget> ; # org/gradle/api/internal/artifacts/dsl/dependencies/DefaultDependencyConstraintHandler_Decorated$$Lambda+0x000001793970a1b0
instanceKlass org/gradle/api/internal/artifacts/dsl/dependencies/DefaultDependencyConstraintHandler$DependencyConstraintAdder
instanceKlass org/gradle/api/internal/artifacts/dsl/dependencies/DefaultDependencyConstraintHandler$1
instanceKlass org/gradle/api/internal/artifacts/dsl/dependencies/DynamicAddDependencyMethods
instanceKlass org/gradle/api/internal/artifacts/dsl/dependencies/DynamicAddDependencyMethods$DependencyAdder
instanceKlass org/gradle/api/internal/artifacts/dsl/dependencies/DefaultDependencyConstraintHandler
# instanceKlass java/lang/invoke/LambdaForm$MH+0x000001793970d000
# instanceKlass java/lang/invoke/LambdaForm$MH+0x000001793970cc00
# instanceKlass java/lang/invoke/LambdaForm$MH+0x000001793970c800
# instanceKlass java/lang/invoke/LambdaForm$MH+0x000001793970c400
# instanceKlass java/lang/invoke/LambdaForm$MH+0x000001793970c000
instanceKlass org/gradle/api/internal/notations/DependencyConstraintProjectNotationConverter
instanceKlass org/gradle/api/artifacts/ModuleDependencyCapabilitiesHandler
instanceKlass org/gradle/api/internal/notations/DependencyConstraintNotationParser$MinimalExternalDependencyNotationConverter
instanceKlass org/gradle/api/internal/artifacts/dependencies/AbstractDependencyConstraint
instanceKlass org/gradle/api/internal/artifacts/dependencies/DependencyConstraintInternal
instanceKlass org/gradle/api/internal/notations/DependencyConstraintNotationParser
instanceKlass org/gradle/api/internal/artifacts/DefaultDependencyConstraintFactory
# instanceKlass java/lang/invoke/LambdaForm$MH+0x0000017939703800
# instanceKlass java/lang/invoke/LambdaForm$MH+0x0000017939703400
# instanceKlass java/lang/invoke/LambdaForm$MH+0x0000017939703000
# instanceKlass java/lang/invoke/LambdaForm$MH+0x0000017939702c00
# instanceKlass java/lang/invoke/LambdaForm$MH+0x0000017939702800
instanceKlass org/gradle/api/internal/artifacts/DefaultDependencyFactory
instanceKlass org/gradle/internal/typeconversion/TypeFilteringNotationConverter
instanceKlass org/gradle/api/internal/file/collections/MinimalFileSet
instanceKlass org/gradle/api/internal/notations/DependencyClassPathNotationConverter
instanceKlass org/gradle/api/internal/notations/DependencyProjectNotationConverter
instanceKlass org/gradle/api/internal/notations/DependencyFilesNotationConverter
instanceKlass org/gradle/api/internal/artifacts/dependencies/MinimalExternalModuleDependencyInternal
instanceKlass org/gradle/api/artifacts/MinimalExternalModuleDependency
instanceKlass org/gradle/api/internal/notations/DependencyNotationParser$MinimalExternalDependencyNotationConverter
instanceKlass org/gradle/api/internal/artifacts/dependencies/AbstractModuleDependency
instanceKlass org/gradle/api/internal/notations/DependencyNotationParser
instanceKlass org/gradle/api/internal/notations/ProjectDependencyFactory
# instanceKlass java/lang/invoke/LambdaForm$MH+0x0000017939702400
# instanceKlass java/lang/invoke/LambdaForm$MH+0x0000017939702000
# instanceKlass java/lang/invoke/LambdaForm$MH+0x0000017939701c00
# instanceKlass java/lang/invoke/LambdaForm$MH+0x0000017939701800
# instanceKlass java/lang/invoke/LambdaForm$MH+0x0000017939701400
# instanceKlass java/lang/invoke/LambdaForm$MH+0x0000017939701000
# instanceKlass java/lang/invoke/LambdaForm$MH+0x0000017939700c00
# instanceKlass java/lang/invoke/LambdaForm$MH+0x0000017939700800
# instanceKlass java/lang/invoke/LambdaForm$MH+0x0000017939700400
# instanceKlass java/lang/invoke/LambdaForm$MH+0x0000017939700000
instanceKlass org/gradle/api/internal/DependencyClassPathProvider
instanceKlass  @bci groovy/lang/MetaClassImpl invokeMethod (Ljava/lang/Class;Ljava/lang/Object;Ljava/lang/String;[Ljava/lang/Object;ZZ)Ljava/lang/Object; 35 <appendix> member <vmtarget> ; # groovy/lang/MetaClassImpl$$Lambda+0x00000179396bf188
instanceKlass org/apache/groovy/lang/GroovyObjectHelper
# instanceKlass java/lang/invoke/LambdaForm$MH+0x00000179396bdc00
# instanceKlass java/lang/invoke/LambdaForm$MH+0x00000179396bd800
# instanceKlass java/lang/invoke/LambdaForm$MH+0x00000179396bd400
# instanceKlass java/lang/invoke/LambdaForm$MH+0x00000179396bd000
# instanceKlass java/lang/invoke/LambdaForm$MH+0x00000179396bcc00
instanceKlass groovy/lang/AdaptingMetaClass
instanceKlass  @bci org/gradle/internal/classpath/DefaultInstrumentedClosuresTracker enterClosure (Lorg/gradle/internal/classpath/InstrumentableClosure;)V 6 <appendix> argL0 ; # org/gradle/internal/classpath/DefaultInstrumentedClosuresTracker$$Lambda+0x00000179396be8a0
instanceKlass it/unimi/dsi/fastutil/ints/IntBinaryOperator
instanceKlass  @bci org/gradle/internal/classpath/InstrumentedClosuresHelper <clinit> ()V 4 <appendix> argL0 ; # org/gradle/internal/classpath/InstrumentedClosuresHelper$$Lambda+0x00000179396be490
instanceKlass org/gradle/internal/classpath/DefaultInstrumentedClosuresTracker
instanceKlass org/gradle/internal/classpath/PerThreadInstrumentedClosuresTracker
instanceKlass org/gradle/internal/classpath/InstrumentedClosuresTracker
instanceKlass org/gradle/internal/classpath/InstrumentedClosuresHelper
instanceKlass org/gradle/util/internal/ClosureBackedAction
# instanceKlass java/lang/invoke/LambdaForm$MH+0x00000179396bc800
# instanceKlass java/lang/invoke/LambdaForm$MH+0x00000179396bc400
# instanceKlass java/lang/invoke/LambdaForm$MH+0x00000179396bc000
# instanceKlass java/lang/invoke/LambdaForm$MH+0x00000179396ba400
instanceKlass org/codehaus/groovy/runtime/metaclass/ClosureMetaClass$StandardClosureChooser
instanceKlass org/codehaus/groovy/runtime/ScriptBytecodeAdapter
instanceKlass org/gradle/internal/classpath/declarations/GroovyDynamicDispatchInterceptors
instanceKlass  @bci org/codehaus/groovy/runtime/metaclass/ClosureMetaClass assignMethodChooser ()V 66 <appendix> member <vmtarget> ; # org/codehaus/groovy/runtime/metaclass/ClosureMetaClass$$Lambda+0x00000179396ae0e8
instanceKlass org/codehaus/groovy/runtime/metaclass/ClosureMetaClass$MethodChooser
instanceKlass org/codehaus/groovy/runtime/callsite/BooleanClosureWrapper
instanceKlass  @bci com/sun/beans/finder/MethodFinder findAccessibleMethod (Ljava/lang/reflect/Method;Ljava/lang/reflect/Type;)Ljava/lang/reflect/Method; 179 <appendix> form vmentry <vmtarget> ; # java/lang/invoke/LambdaForm$MH+0x00000179396ba000
# instanceKlass java/lang/invoke/LambdaForm$MH+0x00000179396b9c00
instanceKlass  @bci com/sun/beans/finder/MethodFinder findAccessibleMethod (Ljava/lang/reflect/Method;Ljava/lang/reflect/Type;)Ljava/lang/reflect/Method; 179 <appendix> argL3 form vmentry <vmtarget> ; # java/lang/invoke/LambdaForm$MH+0x00000179396b9800
# instanceKlass java/lang/invoke/LambdaForm$MH+0x00000179396b9400
instanceKlass  @bci com/sun/beans/finder/MethodFinder findAccessibleMethod (Ljava/lang/reflect/Method;Ljava/lang/reflect/Type;)Ljava/lang/reflect/Method; 179 <appendix> argL2 form vmentry <vmtarget> ; # java/lang/invoke/LambdaForm$MH+0x00000179396b9000
# instanceKlass java/lang/invoke/LambdaForm$MH+0x00000179396b8c00
# instanceKlass java/lang/invoke/LambdaForm$MH+0x00000179396b8800
instanceKlass com/sun/beans/finder/FinderUtils
instanceKlass com/sun/beans/finder/AbstractFinder
instanceKlass sun/reflect/generics/reflectiveObjects/GenericArrayTypeImpl
instanceKlass org/gradle/internal/classpath/InstrumentableClosure
# instanceKlass java/lang/invoke/LambdaForm$MH+0x00000179396b7c00
# instanceKlass java/lang/invoke/LambdaForm$MH+0x00000179396b7800
# instanceKlass java/lang/invoke/LambdaForm$MH+0x00000179396b7400
# instanceKlass java/lang/invoke/LambdaForm$MH+0x00000179396b7000
# instanceKlass java/lang/invoke/LambdaForm$MH+0x00000179396b6c00
# instanceKlass java/lang/invoke/LambdaForm$MH+0x00000179396b6800
# instanceKlass java/lang/invoke/LambdaForm$MH+0x00000179396b6400
# instanceKlass java/lang/invoke/LambdaForm$MH+0x00000179396b6000
# instanceKlass java/lang/invoke/LambdaForm$MH+0x00000179396b5c00
# instanceKlass java/lang/invoke/LambdaForm$MH+0x00000179396b5800
# instanceKlass java/lang/invoke/LambdaForm$MH+0x00000179396b5400
# instanceKlass java/lang/invoke/LambdaForm$MH+0x00000179396b5000
# instanceKlass java/lang/invoke/LambdaForm$MH+0x00000179396b4c00
# instanceKlass java/lang/invoke/LambdaForm$MH+0x00000179396b4800
instanceKlass jdk/internal/ValueBased
# instanceKlass java/lang/invoke/LambdaForm$MH+0x00000179396b4400
instanceKlass  @bci ijMapper1_ap1q5a6wnm0yjt23h2xp24aoq run ()Ljava/lang/Object; 13 <adapter> ; # java/lang/invoke/LambdaForm$MH+0x00000179396b4000
# instanceKlass java/lang/invoke/LambdaForm$MH+0x00000179396b3c00
# instanceKlass java/lang/invoke/LambdaForm$DMH+0x00000179396b3800
# instanceKlass java/lang/invoke/LambdaForm$MH+0x00000179396b3400
# instanceKlass java/lang/invoke/LambdaForm$MH+0x00000179396b3000
# instanceKlass java/lang/invoke/LambdaForm$MH+0x00000179396b2c00
# instanceKlass java/lang/invoke/LambdaForm$MH+0x00000179396b2800
# instanceKlass java/lang/invoke/LambdaForm$MH+0x00000179396b2400
# instanceKlass java/lang/invoke/LambdaForm$MH+0x00000179396b2000
# instanceKlass java/lang/invoke/LambdaForm$MH+0x00000179396b1c00
# instanceKlass java/lang/invoke/LambdaForm$MH+0x00000179396b1800
# instanceKlass java/lang/invoke/LambdaForm$MH+0x00000179396b1400
# instanceKlass java/lang/invoke/LambdaForm$MH+0x00000179396b1000
# instanceKlass java/lang/invoke/LambdaForm$MH+0x00000179396b0c00
instanceKlass org/codehaus/groovy/reflection/AccessPermissionChecker
instanceKlass  @bci org/codehaus/groovy/reflection/ReflectionUtils makeAccessibleInPrivilegedAction (Ljava/lang/reflect/AccessibleObject;)Ljava/util/Optional; 1 <appendix> member <vmtarget> ; # org/codehaus/groovy/reflection/ReflectionUtils$$Lambda+0x00000179396acb48
instanceKlass org/codehaus/groovy/runtime/metaclass/MetaMethodIndex$CacheEntry
instanceKlass groovy/lang/GroovyInterceptable
# instanceKlass java/lang/invoke/LambdaForm$MH+0x00000179396b0800
# instanceKlass java/lang/invoke/LambdaForm$MH+0x00000179396b0400
# instanceKlass java/lang/invoke/LambdaForm$MH+0x00000179396b0000
instanceKlass org/codehaus/groovy/syntax/Types
instanceKlass org/codehaus/groovy/syntax/CSTNode
instanceKlass org/codehaus/groovy/ast/expr/MethodCall
instanceKlass org/codehaus/groovy/ast/tools/GeneralUtils
instanceKlass org/gradle/api/component/SoftwareComponentContainer
instanceKlass org/gradle/api/ExtensiblePolymorphicDomainObjectContainer
instanceKlass org/gradle/api/internal/rules/NamedDomainObjectFactoryRegistry
instanceKlass org/gradle/api/NamedDomainObjectFactory
instanceKlass org/gradle/internal/model/RuleBasedPluginListener
instanceKlass org/gradle/configuration/project/ProjectConfigurationActionContainer
instanceKlass org/gradle/api/internal/project/ProjectInternal$DetachedResolver
instanceKlass org/gradle/model/internal/registry/ModelRegistry
instanceKlass org/gradle/api/internal/project/ProjectIdentity
instanceKlass org/gradle/normalization/internal/InputNormalizationHandlerInternal
instanceKlass org/gradle/api/internal/tasks/TaskContainerInternal
instanceKlass org/gradle/api/internal/PolymorphicDomainObjectContainerInternal
instanceKlass org/gradle/api/internal/project/ProjectStateInternal
instanceKlass org/gradle/normalization/InputNormalizationHandler
instanceKlass org/gradle/api/ProjectState
instanceKlass org/gradle/internal/metaobject/DynamicInvokeResult
# instanceKlass java/lang/invoke/LambdaForm$MH+0x00000179396a5000
# instanceKlass java/lang/invoke/LambdaForm$MH+0x00000179396a4c00
# instanceKlass java/lang/invoke/LambdaForm$MH+0x00000179396a4800
# instanceKlass java/lang/invoke/LambdaForm$DMH+0x00000179396a4400
instanceKlass org/gradle/internal/metaobject/InstrumentedMetaClass
instanceKlass  @bci org/gradle/internal/classpath/intercept/CallInterceptorResolver$ClosureCallInterceptorResolver <clinit> ()V 3 <appendix> argL0 ; # org/gradle/internal/classpath/intercept/CallInterceptorResolver$ClosureCallInterceptorResolver$$Lambda+0x00000179396a6228
instanceKlass org/gradle/internal/classpath/intercept/CallInterceptorResolver$ClosureCallInterceptorResolver
instanceKlass  @bci org/gradle/internal/metaobject/BeanDynamicObject$MetaClassAdapter maybeAddCallInterceptionHooksToMetaclass (Ljava/lang/String;)V 14 <adapter> ; # java/lang/invoke/LambdaForm$MH+0x00000179396a4000
# instanceKlass java/lang/invoke/LambdaForm$MH+0x00000179396a3c00
# instanceKlass java/lang/invoke/LambdaForm$MH+0x00000179396a3800
# instanceKlass java/lang/invoke/LambdaForm$MH+0x00000179396a3400
instanceKlass  @bci org/codehaus/groovy/vmplugin/v8/Selector$MethodSelector setGuards (Ljava/lang/Object;)V 575 <appendix> argL0 ; # org/codehaus/groovy/vmplugin/v8/Selector$MethodSelector$$Lambda+0x000001793969fda8
instanceKlass  @bci org/codehaus/groovy/vmplugin/v8/Selector$MethodSelector setGuards (Ljava/lang/Object;)V 565 <appendix> argL0 ; # org/codehaus/groovy/vmplugin/v8/Selector$MethodSelector$$Lambda+0x000001793969fb70
instanceKlass  @bci org/codehaus/groovy/vmplugin/v8/Selector$MethodSelector setGuards (Ljava/lang/Object;)V 542 <appendix> argL0 ; # org/codehaus/groovy/vmplugin/v8/Selector$MethodSelector$$Lambda+0x000001793969f928
instanceKlass  @bci org/codehaus/groovy/vmplugin/v8/Selector$MethodSelector setGuards (Ljava/lang/Object;)V 318 <appendix> argL0 ; # org/codehaus/groovy/vmplugin/v8/Selector$MethodSelector$$Lambda+0x000001793969f6e0
# instanceKlass java/lang/invoke/LambdaForm$MH+0x00000179396a3000
# instanceKlass java/lang/invoke/LambdaForm$MH+0x00000179396a2c00
# instanceKlass java/lang/invoke/LambdaForm$MH+0x00000179396a2800
instanceKlass java/lang/invoke/MethodHandleImpl$Makers$2
instanceKlass java/lang/invoke/MethodHandleImpl$Makers$1
instanceKlass java/lang/invoke/MethodHandleImpl$Makers
# instanceKlass java/lang/invoke/LambdaForm$MH+0x00000179396a2400
# instanceKlass java/lang/invoke/LambdaForm$DMH+0x00000179396a2000
# instanceKlass java/lang/invoke/LambdaForm$DMH+0x00000179396a1c00
# instanceKlass java/lang/invoke/LambdaForm$MH+0x00000179396a1800
# instanceKlass java/lang/invoke/LambdaForm$MH+0x00000179396a1400
# instanceKlass java/lang/invoke/LambdaForm$MH+0x00000179396a1000
instanceKlass org/codehaus/groovy/vmplugin/v8/TypeHelper
instanceKlass org/codehaus/groovy/runtime/wrappers/Wrapper
instanceKlass org/codehaus/groovy/runtime/typehandling/DefaultTypeTransformation
# instanceKlass java/lang/invoke/LambdaForm$MH+0x00000179396a0c00
# instanceKlass java/lang/invoke/LambdaForm$BMH+0x00000179396a0800
instanceKlass  @cpi org/gradle/internal/cc/impl/DefaultConfigurationCache 1167 form vmentry <vmtarget> ; # java/lang/invoke/LambdaForm$DMH+0x00000179396a0400
# instanceKlass java/lang/invoke/LambdaForm$DMH+0x00000179396a0000
# instanceKlass java/lang/invoke/LambdaForm$DMH+0x000001793969dc00
# instanceKlass java/lang/invoke/LambdaForm$DMH+0x000001793969d800
instanceKlass org/codehaus/groovy/vmplugin/v8/IndyGuardsFiltersAndSignatures
instanceKlass org/codehaus/groovy/vmplugin/v8/Selector$1
instanceKlass org/codehaus/groovy/vmplugin/v8/Selector
instanceKlass  @bci org/codehaus/groovy/vmplugin/v8/IndyInterface lambda$fromCache$2 (Lorg/codehaus/groovy/vmplugin/v8/IndyInterface$FallbackSupplier;Lorg/codehaus/groovy/vmplugin/v8/CacheableCallSite;Ljava/lang/Object;)Lorg/codehaus/groovy/vmplugin/v8/MethodHandleWrapper; 9 <appendix> member <vmtarget> ; # org/codehaus/groovy/vmplugin/v8/IndyInterface$$Lambda+0x0000017939697c30
instanceKlass org/codehaus/groovy/runtime/memoize/MemoizeCache$ValueProvider
instanceKlass  @bci org/codehaus/groovy/vmplugin/v8/IndyInterface fromCache (Ljava/lang/invoke/MutableCallSite;Ljava/lang/Class;Ljava/lang/String;ILjava/lang/Boolean;Ljava/lang/Boolean;Ljava/lang/Boolean;Ljava/lang/Object;[Ljava/lang/Object;)Ljava/lang/Object; 44 <appendix> member <vmtarget> ; # org/codehaus/groovy/vmplugin/v8/IndyInterface$$Lambda+0x0000017939697808
instanceKlass org/codehaus/groovy/vmplugin/v8/IndyInterface$FallbackSupplier
# instanceKlass java/lang/invoke/LambdaForm$MH+0x000001793969d400
# instanceKlass java/lang/invoke/LambdaForm$DMH+0x000001793969d000
# instanceKlass java/lang/invoke/LambdaForm$MH+0x000001793969cc00
# instanceKlass java/lang/invoke/LambdaForm$DMH+0x000001793969c800
# instanceKlass java/lang/invoke/LambdaForm$MH+0x000001793969c400
# instanceKlass java/lang/invoke/LambdaForm$DMH+0x000001793969c000
# instanceKlass java/lang/invoke/LambdaForm$MH+0x000001793969bc00
# instanceKlass java/lang/invoke/LambdaForm$DMH+0x000001793969b800
# instanceKlass java/lang/invoke/LambdaForm$MH+0x000001793969b400
# instanceKlass java/lang/invoke/LambdaForm$DMH+0x000001793969b000
# instanceKlass java/lang/invoke/LambdaForm$MH+0x000001793969ac00
# instanceKlass java/lang/invoke/LambdaForm$DMH+0x000001793969a800
# instanceKlass java/lang/invoke/LambdaForm$MH+0x000001793969a400
# instanceKlass java/lang/invoke/LambdaForm$MH+0x000001793969a000
# instanceKlass java/lang/invoke/LambdaForm$MH+0x0000017939699c00
# instanceKlass java/lang/invoke/LambdaForm$BMH+0x0000017939699800
# instanceKlass java/lang/invoke/LambdaForm$DMH+0x0000017939699400
instanceKlass  @bci org/codehaus/groovy/vmplugin/v8/IndyInterface$CallType <clinit> ()V 87 <appendix> argL0 ; # org/codehaus/groovy/vmplugin/v8/IndyInterface$CallType$$Lambda+0x0000017939696c70
instanceKlass  @bci org/codehaus/groovy/vmplugin/v8/IndyInterface <clinit> ()V 274 <appendix> argL0 ; # org/codehaus/groovy/vmplugin/v8/IndyInterface$$Lambda+0x0000017939696628
# instanceKlass java/lang/invoke/LambdaForm$MH+0x0000017939699000
# instanceKlass java/lang/invoke/LambdaForm$MH+0x0000017939698c00
# instanceKlass java/lang/invoke/LambdaForm$MH+0x0000017939698800
instanceKlass java/lang/invoke/SwitchPoint
# instanceKlass java/lang/invoke/LambdaForm$DMH+0x0000017939698400
# instanceKlass java/lang/invoke/LambdaForm$DMH+0x0000017939698000
instanceKlass org/codehaus/groovy/vmplugin/v8/MethodHandleWrapper
instanceKlass org/codehaus/groovy/vmplugin/v8/IndyInterface
instanceKlass  @bci org/gradle/internal/classpath/intercept/DefaultCallSiteDecorator addInterceptor (Lorg/gradle/internal/instrumentation/api/groovybytecode/CallInterceptor;)V 37 <appendix> member <vmtarget> ; # org/gradle/internal/classpath/intercept/DefaultCallSiteDecorator$$Lambda+0x0000017939695d88
instanceKlass  @bci org/gradle/internal/classpath/intercept/DefaultCallSiteDecorator <init> (Ljava/util/List;)V 44 <appendix> member <vmtarget> ; # org/gradle/internal/classpath/intercept/DefaultCallSiteDecorator$$Lambda+0x0000017939695b58
instanceKlass  @bci org/gradle/internal/classpath/intercept/DefaultCallSiteInterceptorSet getCallInterceptors (Lorg/gradle/internal/instrumentation/api/types/BytecodeInterceptorFilter;)Ljava/util/List; 20 <appendix> member <vmtarget> ; # org/gradle/internal/classpath/intercept/DefaultCallSiteInterceptorSet$$Lambda+0x000001793968cd60
instanceKlass org/gradle/internal/instrumentation/api/groovybytecode/PropertyAwareCallInterceptor
instanceKlass org/gradle/internal/instrumentation/api/groovybytecode/SignatureAwareCallInterceptor
instanceKlass org/gradle/internal/instrumentation/api/groovybytecode/InterceptScope
# instanceKlass java/lang/invoke/LambdaForm$DMH+0x000001793968c400
instanceKlass org/gradle/internal/instrumentation/api/groovybytecode/Invocation
instanceKlass org/gradle/internal/instrumentation/api/groovybytecode/AbstractCallInterceptor
instanceKlass org/gradle/internal/instrumentation/api/groovybytecode/FilterableCallInterceptor
instanceKlass java/lang/ProcessBuilder
# instanceKlass java/lang/invoke/LambdaForm$DMH+0x000001793968c000
instanceKlass org/gradle/internal/instrumentation/api/groovybytecode/CallInterceptor
instanceKlass org/gradle/internal/classpath/intercept/DefaultCallSiteDecorator
instanceKlass org/gradle/internal/classpath/intercept/CallInterceptorResolver
instanceKlass  @bci org/gradle/internal/classpath/intercept/CallInterceptorRegistry getGroovyCallDecorator (Lorg/gradle/internal/instrumentation/api/types/BytecodeInterceptorFilter;)Lorg/gradle/internal/classpath/intercept/CallSiteDecorator; 5 <appendix> member <vmtarget> ; # org/gradle/internal/classpath/intercept/CallInterceptorRegistry$$Lambda+0x00000179396887d0
instanceKlass org/gradle/internal/instrumentation/api/types/FilterableBytecodeInterceptorFactory$BytecodeUpgradeReportInterceptorFactory
instanceKlass org/gradle/internal/instrumentation/api/types/FilterableBytecodeInterceptor$BytecodeUpgradeReportInterceptor
instanceKlass org/gradle/internal/instrumentation/api/types/FilterableBytecodeInterceptorFactory$BytecodeUpgradeInterceptorFactory
instanceKlass org/gradle/internal/instrumentation/api/types/FilterableBytecodeInterceptor$BytecodeUpgradeInterceptor
instanceKlass org/gradle/internal/instrumentation/api/types/FilterableBytecodeInterceptorFactory$InstrumentationInterceptorFactory
instanceKlass org/gradle/internal/instrumentation/api/types/FilterableBytecodeInterceptorFactory
instanceKlass org/gradle/internal/instrumentation/api/types/FilterableBytecodeInterceptor$InstrumentationInterceptor
instanceKlass org/gradle/internal/instrumentation/api/types/FilterableBytecodeInterceptor
instanceKlass java/lang/invoke/DirectMethodHandle$1
instanceKlass  @bci org/gradle/internal/classpath/Instrumented <clinit> ()V 50 <appendix> argL0 ; # org/gradle/internal/classpath/Instrumented$$Lambda+0x0000017939687be8
instanceKlass  @bci org/gradle/internal/classpath/Instrumented <clinit> ()V 34 <appendix> argL0 ; # org/gradle/internal/classpath/Instrumented$$Lambda+0x00000179396879d0
instanceKlass  @bci org/gradle/internal/classpath/MethodHandleUtils lazyKotlinStaticDefaultHandle (Ljava/lang/Class;Ljava/lang/String;Ljava/lang/Class;[Ljava/lang/Class;)Lorg/gradle/internal/lazy/Lazy; 7 <appendix> member <vmtarget> ; # org/gradle/internal/classpath/MethodHandleUtils$$Lambda+0x00000179396877b0
instanceKlass org/gradle/internal/classpath/MethodHandleUtils
# instanceKlass java/lang/invoke/LambdaForm$MH+0x0000017939682c00
# instanceKlass java/lang/invoke/LambdaForm$MH+0x0000017939682800
# instanceKlass java/lang/invoke/LambdaForm$BMH+0x0000017939682400
# instanceKlass java/lang/invoke/LambdaForm$MH+0x0000017939682000
# instanceKlass java/lang/invoke/LambdaForm$DMH+0x0000017939681c00
# instanceKlass java/lang/invoke/LambdaForm$DMH+0x0000017939681800
instanceKlass sun/invoke/util/ValueConversions$1
# instanceKlass java/lang/invoke/LambdaForm$DMH+0x0000017939681400
instanceKlass  @bci build_40qefyzhekgk6e8orp9wt80b run ()Ljava/lang/Object; 76 <bsm> form vmentry <vmtarget> ; # java/lang/invoke/LambdaForm$DMH+0x0000017939681000
instanceKlass org/gradle/internal/configuration/inputs/AccessTrackingProperties$Listener
instanceKlass org/gradle/internal/extensibility/ExtensionsStorage$ExtensionHolder
instanceKlass org/gradle/api/plugins/ExtensionsSchema$ExtensionSchema
instanceKlass org/gradle/api/NamedDomainObjectCollectionSchema$NamedDomainObjectSchema
instanceKlass org/gradle/api/internal/plugins/ExtraPropertiesExtensionInternal
instanceKlass org/gradle/internal/extensibility/ExtensionsStorage
instanceKlass org/gradle/api/plugins/ExtraPropertiesExtension
instanceKlass org/gradle/internal/extensibility/DefaultExtensionContainer
instanceKlass org/gradle/api/internal/plugins/ExtensionContainerInternal
instanceKlass org/gradle/internal/metaobject/DynamicObjectUtil
instanceKlass org/gradle/api/internal/project/DefaultDynamicLookupRoutine
# instanceKlass java/lang/invoke/LambdaForm$MH+0x0000017939680c00
# instanceKlass java/lang/invoke/LambdaForm$MH+0x0000017939680800
# instanceKlass java/lang/invoke/LambdaForm$MH+0x0000017939680400
# instanceKlass java/lang/invoke/LambdaForm$MH+0x0000017939680000
instanceKlass org/gradle/api/internal/coerce/StringToEnumTransformer
instanceKlass org/gradle/internal/classpath/InstrumentedGroovyMetaClassHelper
instanceKlass org/gradle/internal/metaobject/BeanDynamicObject$MetaClassAdapter
instanceKlass org/gradle/api/internal/coerce/PropertySetTransformer
instanceKlass org/gradle/api/internal/coerce/MethodArgumentsTransformer
instanceKlass  @bci java/lang/reflect/Executable sharedToGenericString (IZ)Ljava/lang/String; 33 <appendix> argL0 ; # java/lang/reflect/Executable$$Lambda+0x000001793967c6a8
instanceKlass  @bci java/lang/Class methodToString (Ljava/lang/String;[Ljava/lang/Class;)Ljava/lang/String; 42 <appendix> argL0 ; # java/lang/Class$$Lambda+0x000001793967c470
instanceKlass java/util/concurrent/locks/ReentrantReadWriteLock$WriteLock
instanceKlass java/util/concurrent/locks/ReentrantReadWriteLock$ReadLock
instanceKlass org/apache/groovy/plugin/GroovyRunnerRegistry
instanceKlass  @bci org/codehaus/groovy/runtime/metaclass/MetaClassRegistryImpl <init> (IZ)V 377 <appendix> member <vmtarget> ; # org/codehaus/groovy/runtime/metaclass/MetaClassRegistryImpl$$Lambda+0x0000017939676728
instanceKlass java/util/EventObject
instanceKlass  @bci groovy/lang/MetaClassImpl makeStaticPropertyIndex ()V 8 <appendix> argL0 ; # groovy/lang/MetaClassImpl$$Lambda+0x00000179396762b0
instanceKlass  @bci groovy/lang/MetaClassImpl getPropName (Ljava/lang/String;)Ljava/lang/String; 5 <appendix> member <vmtarget> ; # groovy/lang/MetaClassImpl$$Lambda+0x0000017939676070
instanceKlass  @bci groovy/lang/MetaClassImpl applyStrayPropertyMethods (Ljava/util/LinkedList;Ljava/util/Map;Z)V 45 <appendix> argL0 ; # groovy/lang/MetaClassImpl$$Lambda+0x0000017939675e38
instanceKlass  @bci groovy/lang/MetaClassImpl addMetaBeanProperty (Lgroovy/lang/MetaBeanProperty;)V 36 <appendix> argL0 ; # groovy/lang/MetaClassImpl$$Lambda+0x0000017939675c00
instanceKlass  @bci groovy/lang/MetaClassImpl establishStaticMetaProperty (Lgroovy/lang/MetaProperty;)Lgroovy/lang/MetaProperty; 24 <appendix> argL0 ; # groovy/lang/MetaClassImpl$$Lambda+0x00000179396759b8
instanceKlass org/codehaus/groovy/runtime/GroovyCategorySupport
instanceKlass  @bci org/codehaus/groovy/reflection/CachedMethod find (Ljava/lang/reflect/Method;)Lorg/codehaus/groovy/reflection/CachedMethod; 13 <appendix> argL0 ; # org/codehaus/groovy/reflection/CachedMethod$$Lambda+0x00000179396752b0
instanceKlass java/util/concurrent/locks/ReentrantReadWriteLock
instanceKlass java/util/concurrent/locks/ReadWriteLock
instanceKlass  @bci groovy/lang/MetaClassImpl inheritFields (Ljava/lang/Iterable;)V 78 <appendix> argL0 ; # groovy/lang/MetaClassImpl$$Lambda+0x0000017939675078
instanceKlass  @bci groovy/lang/MetaClassImpl inheritFields (Ljava/lang/Iterable;)V 35 <appendix> argL0 ; # groovy/lang/MetaClassImpl$$Lambda+0x0000017939674e40
instanceKlass  @bci groovy/lang/MetaClassImpl inheritStaticInterfaceFields (Ljava/util/List;Ljava/util/Set;)V 110 <appendix> argL0 ; # groovy/lang/MetaClassImpl$$Lambda+0x0000017939674c08
instanceKlass  @bci org/codehaus/groovy/reflection/CachedClass$1 lambda$initValue$2 ()[Lorg/codehaus/groovy/reflection/CachedField; 33 <appendix> argL0 ; # org/codehaus/groovy/reflection/CachedClass$1$$Lambda+0x00000179396749f0
instanceKlass  @bci org/codehaus/groovy/reflection/CachedClass$1 lambda$initValue$2 ()[Lorg/codehaus/groovy/reflection/CachedField; 23 <appendix> argL0 ; # org/codehaus/groovy/reflection/CachedClass$1$$Lambda+0x00000179396747b8
instanceKlass  @bci org/codehaus/groovy/reflection/CachedClass$1 lambda$initValue$2 ()[Lorg/codehaus/groovy/reflection/CachedField; 13 <appendix> argL0 ; # org/codehaus/groovy/reflection/CachedClass$1$$Lambda+0x0000017939674570
instanceKlass  @bci org/codehaus/groovy/reflection/CachedClass$1 initValue ()[Lorg/codehaus/groovy/reflection/CachedField; 1 <appendix> member <vmtarget> ; # org/codehaus/groovy/reflection/CachedClass$1$$Lambda+0x0000017939674350
instanceKlass  @bci groovy/lang/MetaClassImpl inheritStaticInterfaceFields (Ljava/util/List;Ljava/util/Set;)V 33 <appendix> argL0 ; # groovy/lang/MetaClassImpl$$Lambda+0x0000017939673d38
instanceKlass java/beans/SimpleBeanInfo
instanceKlass java/beans/BeanProperty
instanceKlass  @bci com/sun/beans/introspect/PropertyInfo get (Ljava/lang/Class;)Ljava/util/Map; 440 <appendix> argL0 ; # com/sun/beans/introspect/PropertyInfo$$Lambda+0x0000017939679c98
instanceKlass com/sun/beans/WildcardTypeImpl
instanceKlass com/sun/beans/introspect/PropertyInfo
instanceKlass  @bci com/sun/beans/introspect/EventSetInfo get (Ljava/lang/Class;)Ljava/util/Map; 314 <appendix> argL0 ; # com/sun/beans/introspect/EventSetInfo$$Lambda+0x00000179396793a0
instanceKlass com/sun/beans/introspect/EventSetInfo
instanceKlass  @bci java/util/stream/Collectors joining (Ljava/lang/CharSequence;Ljava/lang/CharSequence;Ljava/lang/CharSequence;)Ljava/util/stream/Collector; 22 <appendix> argL0 ; # java/util/stream/Collectors$$Lambda+0x800000044
instanceKlass  @bci java/util/stream/Collectors joining (Ljava/lang/CharSequence;Ljava/lang/CharSequence;Ljava/lang/CharSequence;)Ljava/util/stream/Collector; 17 <appendix> argL0 ; # java/util/stream/Collectors$$Lambda+0x800000042
instanceKlass  @bci java/util/stream/Collectors joining (Ljava/lang/CharSequence;Ljava/lang/CharSequence;Ljava/lang/CharSequence;)Ljava/util/stream/Collector; 12 <appendix> argL0 ; # java/util/stream/Collectors$$Lambda+0x80000003f
instanceKlass  @bci java/util/stream/Collectors joining (Ljava/lang/CharSequence;Ljava/lang/CharSequence;Ljava/lang/CharSequence;)Ljava/util/stream/Collector; 7 <appendix> member <vmtarget> ; # java/util/stream/Collectors$$Lambda+0x800000047
instanceKlass  @bci java/lang/reflect/Executable sharedToGenericString (IZ)Ljava/lang/String; 193 <appendix> argL0 ; # java/lang/reflect/Executable$$Lambda+0x0000017939678d70
instanceKlass com/sun/beans/WeakCache
instanceKlass com/sun/beans/TypeResolver
instanceKlass java/beans/MethodRef
instanceKlass com/sun/beans/introspect/MethodInfo$MethodOrder
instanceKlass com/sun/beans/introspect/MethodInfo
instanceKlass com/sun/beans/util/Cache$Ref
instanceKlass com/sun/beans/util/Cache$CacheEntry
instanceKlass com/sun/beans/util/Cache
instanceKlass com/sun/beans/introspect/ClassInfo
instanceKlass javax/swing/SwingContainer
instanceKlass java/beans/JavaBean
instanceKlass com/sun/beans/finder/ClassFinder
instanceKlass com/sun/beans/finder/InstanceFinder
instanceKlass java/beans/WeakIdentityMap
instanceKlass java/beans/ThreadGroupContext
instanceKlass  @bci groovy/lang/MetaClassImpl addProperties ()V 29 <appendix> member <vmtarget> ; # groovy/lang/MetaClassImpl$$Lambda+0x0000017939673b18
instanceKlass org/codehaus/groovy/runtime/callsite/CallSiteArray
instanceKlass org/codehaus/groovy/reflection/MixinInMetaClass
instanceKlass groovyjarjarasm/asm/ClassVisitor
instanceKlass java/beans/BeanInfo
instanceKlass  @bci org/codehaus/groovy/runtime/metaclass/MetaMethodIndex getHeader (Ljava/lang/Class;)Lorg/codehaus/groovy/runtime/metaclass/MetaMethodIndex$Header; 6 <appendix> member <vmtarget> ; # org/codehaus/groovy/runtime/metaclass/MetaMethodIndex$$Lambda+0x0000017939671db0
instanceKlass  @bci org/codehaus/groovy/reflection/CachedClass$2 lambda$initValue$4 ()[Lorg/codehaus/groovy/reflection/CachedConstructor; 44 <appendix> argL0 ; # org/codehaus/groovy/reflection/CachedClass$2$$Lambda+0x0000017939671b98
instanceKlass  @bci org/codehaus/groovy/reflection/CachedClass$2 lambda$initValue$4 ()[Lorg/codehaus/groovy/reflection/CachedConstructor; 34 <appendix> member <vmtarget> ; # org/codehaus/groovy/reflection/CachedClass$2$$Lambda+0x0000017939671958
instanceKlass  @bci org/codehaus/groovy/reflection/CachedClass$2 lambda$initValue$4 ()[Lorg/codehaus/groovy/reflection/CachedConstructor; 23 <appendix> argL0 ; # org/codehaus/groovy/reflection/CachedClass$2$$Lambda+0x0000017939671710
instanceKlass  @bci org/codehaus/groovy/reflection/CachedClass$2 lambda$initValue$4 ()[Lorg/codehaus/groovy/reflection/CachedConstructor; 13 <appendix> argL0 ; # org/codehaus/groovy/reflection/CachedClass$2$$Lambda+0x00000179396714c8
instanceKlass org/codehaus/groovy/runtime/MethodKey
instanceKlass groovy/lang/ClosureInvokingMethod
instanceKlass groovy/lang/ExpandoMetaClass$Callable
instanceKlass  @bci org/codehaus/groovy/reflection/CachedClass$2 initValue ()[Lorg/codehaus/groovy/reflection/CachedConstructor; 1 <appendix> member <vmtarget> ; # org/codehaus/groovy/reflection/CachedClass$2$$Lambda+0x00000179396701f0
instanceKlass org/codehaus/groovy/runtime/metaclass/MetaMethodIndex$Header
instanceKlass org/codehaus/groovy/runtime/metaclass/MetaMethodIndex$Entry
instanceKlass org/codehaus/groovy/runtime/metaclass/MetaMethodIndex$EntryIterator
instanceKlass org/codehaus/groovy/runtime/metaclass/MetaMethodIndex
instanceKlass  @bci groovy/lang/MetaClassImpl <clinit> ()V 112 <appendix> argL0 ; # groovy/lang/MetaClassImpl$$Lambda+0x000001793966f058
instanceKlass  @bci groovy/lang/MetaClassImpl <clinit> ()V 104 <appendix> argL0 ; # groovy/lang/MetaClassImpl$$Lambda+0x000001793966ee40
instanceKlass org/codehaus/groovy/util/SingleKeyHashMap$Copier
instanceKlass  @bci groovy/lang/MetaClassImpl <clinit> ()V 55 <appendix> argL0 ; # groovy/lang/MetaClassImpl$$Lambda+0x000001793966ea10
instanceKlass groovy/lang/MetaClassImpl$MethodIndexAction
instanceKlass org/codehaus/groovy/runtime/GeneratedClosure
instanceKlass groovy/lang/MetaClassImpl
instanceKlass groovy/lang/MutableMetaClass
instanceKlass org/gradle/api/internal/provider/MapPropertyExtensions
instanceKlass java/time/temporal/TemporalQuery
instanceKlass java/time/MonthDay
instanceKlass java/time/Year
instanceKlass java/time/OffsetTime
instanceKlass java/time/Period
instanceKlass java/time/OffsetDateTime
instanceKlass java/time/YearMonth
instanceKlass java/time/ZonedDateTime
instanceKlass java/time/chrono/ChronoZonedDateTime
instanceKlass java/time/chrono/ChronoPeriod
instanceKlass org/apache/groovy/datetime/extensions/DateTimeStaticExtensions
instanceKlass org/apache/groovy/datetime/extensions/DateTimeExtensions
instanceKlass org/gradle/api/artifacts/DependencyArtifact
instanceKlass org/gradle/api/artifacts/dsl/DependencyModifier
instanceKlass org/gradle/api/artifacts/DependencyConstraint
instanceKlass org/gradle/api/provider/ProviderConvertible
instanceKlass org/gradle/api/artifacts/dsl/DependencyCollector
instanceKlass org/gradle/api/artifacts/ExternalModuleDependency
instanceKlass org/gradle/api/artifacts/ExternalDependency
instanceKlass org/gradle/api/artifacts/ModuleVersionSelector
instanceKlass org/gradle/api/artifacts/dsl/Dependencies
instanceKlass org/gradle/api/internal/artifacts/dsl/dependencies/DependenciesExtensionModule
instanceKlass org/w3c/dom/Document
instanceKlass org/w3c/dom/NamedNodeMap
instanceKlass org/w3c/dom/UserDataHandler
instanceKlass org/w3c/dom/TypeInfo
instanceKlass org/w3c/dom/Attr
instanceKlass org/w3c/dom/Element
instanceKlass org/w3c/dom/Node
instanceKlass org/w3c/dom/NodeList
instanceKlass org/apache/groovy/xml/extensions/XmlExtensions
instanceKlass org/apache/groovy/dateutil/extensions/DateUtilStaticExtensions
instanceKlass org/apache/groovy/dateutil/extensions/DateUtilExtensions
instanceKlass  @bci org/codehaus/groovy/runtime/metaclass/MetaClassRegistryImpl$DefaultModuleListener onModule (Lorg/codehaus/groovy/runtime/m12n/ExtensionModule;)V 157 <appendix> argL0 ; # org/codehaus/groovy/runtime/metaclass/MetaClassRegistryImpl$DefaultModuleListener$$Lambda+0x0000017939662800
instanceKlass org/codehaus/groovy/runtime/metaclass/MethodHelper
instanceKlass java/nio/file/WatchKey
instanceKlass java/nio/file/WatchEvent$Modifier
instanceKlass java/nio/file/WatchEvent$Kind
instanceKlass java/nio/file/WatchService
instanceKlass  @bci org/codehaus/groovy/runtime/m12n/MetaInfExtensionModule newModule (Ljava/util/Properties;Ljava/lang/ClassLoader;)Lorg/codehaus/groovy/runtime/m12n/MetaInfExtensionModule; 134 <appendix> argL0 ; # org/codehaus/groovy/runtime/m12n/MetaInfExtensionModule$$Lambda+0x00000179396638b8
instanceKlass  @bci org/codehaus/groovy/runtime/m12n/MetaInfExtensionModule newModule (Ljava/util/Properties;Ljava/lang/ClassLoader;)Lorg/codehaus/groovy/runtime/m12n/MetaInfExtensionModule; 99 <appendix> argL0 ; # org/codehaus/groovy/runtime/m12n/MetaInfExtensionModule$$Lambda+0x0000017939663470
instanceKlass  @bci org/codehaus/groovy/runtime/m12n/MetaInfExtensionModule newModule (Ljava/util/Properties;Ljava/lang/ClassLoader;)Lorg/codehaus/groovy/runtime/m12n/MetaInfExtensionModule; 44 <appendix> member <vmtarget> ; # org/codehaus/groovy/runtime/m12n/MetaInfExtensionModule$$Lambda+0x0000017939663230
instanceKlass org/codehaus/groovy/runtime/m12n/ExtensionModule
instanceKlass org/codehaus/groovy/runtime/m12n/PropertiesModuleFactory
instanceKlass org/codehaus/groovy/util/URLStreams
instanceKlass org/codehaus/groovy/runtime/metaclass/MetaClassRegistryImpl$DefaultModuleListener
instanceKlass org/codehaus/groovy/runtime/m12n/ExtensionModuleScanner
instanceKlass java/util/ResourceBundle$CacheKey
instanceKlass org/codehaus/groovy/runtime/DefaultGroovyStaticMethods
instanceKlass java/lang/constant/DynamicConstantDesc
instanceKlass java/lang/constant/ClassDesc
instanceKlass  @bci org/codehaus/groovy/runtime/metaclass/MetaClassRegistryImpl registerMethods (Ljava/lang/Class;ZZLjava/util/Map;)V 307 <appendix> argL0 ; # org/codehaus/groovy/runtime/metaclass/MetaClassRegistryImpl$$Lambda+0x0000017939666040
instanceKlass org/codehaus/groovy/runtime/RangeInfo
instanceKlass java/util/function/DoubleFunction
instanceKlass java/util/function/LongPredicate
instanceKlass java/util/function/DoublePredicate
instanceKlass org/codehaus/groovy/vmplugin/v10/PluginDefaultGroovyMethods
instanceKlass  @bci org/codehaus/groovy/runtime/metaclass/MetaClassRegistryImpl createMetaMethodFromClass (Ljava/util/Map;Ljava/lang/Class;)V 28 <appendix> argL0 ; # org/codehaus/groovy/runtime/metaclass/MetaClassRegistryImpl$$Lambda+0x0000017939665608
instanceKlass java/util/function/ToDoubleFunction
instanceKlass java/util/function/ToLongFunction
instanceKlass java/lang/ProcessHandle
instanceKlass java/lang/ProcessHandle$Info
instanceKlass java/util/LinkedList$ListItr
instanceKlass  @bci org/codehaus/groovy/reflection/stdclasses/CachedSAMClass getSAMMethod (Ljava/lang/Class;)Ljava/lang/reflect/Method; 152 <appendix> member <vmtarget> ; # org/codehaus/groovy/reflection/stdclasses/CachedSAMClass$$Lambda+0x0000017939664dc0
instanceKlass  @bci org/codehaus/groovy/reflection/stdclasses/CachedSAMClass getDeclaredMethods (Ljava/lang/Class;)[Ljava/lang/reflect/Method; 6 <appendix> member <vmtarget> ; # org/codehaus/groovy/reflection/stdclasses/CachedSAMClass$$Lambda+0x0000017939664ba0
# instanceKlass org/codehaus/groovy/reflection/stdclasses/CachedSAMClass$$InjectedInvoker+0x0000017939662400
instanceKlass org/codehaus/groovy/runtime/MetaClassHelper
instanceKlass org/codehaus/groovy/runtime/callsite/CallSite
# instanceKlass java/lang/invoke/LambdaForm$MH+0x0000017939662000
# instanceKlass java/lang/invoke/LambdaForm$MH+0x0000017939661c00
# instanceKlass java/lang/invoke/LambdaForm$MH+0x0000017939661800
# instanceKlass java/lang/invoke/LambdaForm$MH+0x0000017939661400
# instanceKlass java/lang/invoke/LambdaForm$MH+0x0000017939661000
# instanceKlass org/codehaus/groovy/reflection/ReflectionUtils$$InjectedInvoker+0x0000017939660c00
instanceKlass java/lang/invoke/MethodHandleImpl$BindCaller$InjectedInvokerHolder
# instanceKlass java/lang/invoke/LambdaForm$MH+0x0000017939660800
instanceKlass java/lang/invoke/MethodHandleImpl$BindCaller
instanceKlass  @bci java/lang/SecurityManager nonExportedPkgs (Ljava/lang/module/ModuleDescriptor;)Ljava/util/Set; 92 <appendix> member <vmtarget> ; # java/lang/SecurityManager$$Lambda+0x0000017939476f40
instanceKlass  @bci java/lang/SecurityManager nonExportedPkgs (Ljava/lang/module/ModuleDescriptor;)Ljava/util/Set; 76 <appendix> argL0 ; # java/lang/SecurityManager$$Lambda+0x0000017939476d08
instanceKlass  @bci java/lang/SecurityManager nonExportedPkgs (Ljava/lang/module/ModuleDescriptor;)Ljava/util/Set; 66 <appendix> argL0 ; # java/lang/SecurityManager$$Lambda+0x0000017939476ac0
instanceKlass  @bci java/lang/SecurityManager nonExportedPkgs (Ljava/lang/module/ModuleDescriptor;)Ljava/util/Set; 47 <appendix> member <vmtarget> ; # java/lang/SecurityManager$$Lambda+0x0000017939476890
instanceKlass  @bci java/lang/SecurityManager nonExportedPkgs (Ljava/lang/module/ModuleDescriptor;)Ljava/util/Set; 31 <appendix> argL0 ; # java/lang/SecurityManager$$Lambda+0x0000017939476658
instanceKlass  @bci java/lang/SecurityManager nonExportedPkgs (Ljava/lang/module/ModuleDescriptor;)Ljava/util/Set; 21 <appendix> argL0 ; # java/lang/SecurityManager$$Lambda+0x0000017939476410
instanceKlass  @bci java/lang/SecurityManager addNonExportedPackages (Ljava/lang/ModuleLayer;)V 59 <appendix> argL0 ; # java/lang/SecurityManager$$Lambda+0x00000179394761e8
instanceKlass  @bci java/lang/SecurityManager addNonExportedPackages (Ljava/lang/ModuleLayer;)V 49 <appendix> argL0 ; # java/lang/SecurityManager$$Lambda+0x0000017939475fb0
instanceKlass  @bci java/lang/SecurityManager addNonExportedPackages (Ljava/lang/ModuleLayer;)V 39 <appendix> argL0 ; # java/lang/SecurityManager$$Lambda+0x0000017939475d78
instanceKlass  @bci java/lang/SecurityManager addNonExportedPackages (Ljava/lang/ModuleLayer;)V 29 <appendix> member <vmtarget> ; # java/lang/SecurityManager$$Lambda+0x0000017939475b28
instanceKlass  @cpi org/gradle/api/internal/artifacts/repositories/DefaultMavenArtifactRepository 552 form vmentry <vmtarget> ; # java/lang/invoke/LambdaForm$DMH+0x0000017939660400
instanceKlass  @bci java/lang/SecurityManager addNonExportedPackages (Ljava/lang/ModuleLayer;)V 17 <appendix> argL0 ; # java/lang/SecurityManager$$Lambda+0x00000179394758f0
instanceKlass  @bci org/codehaus/groovy/vmplugin/v9/Java9 <clinit> ()V 149 <appendix> argL0 ; # org/codehaus/groovy/vmplugin/v9/Java9$$Lambda+0x0000017939664000
instanceKlass  @bci org/codehaus/groovy/vmplugin/v9/Java9 isExported (Ljava/lang/module/ModuleDescriptor;Ljava/lang/String;)Z 10 <appendix> member <vmtarget> ; # org/codehaus/groovy/vmplugin/v9/Java9$$Lambda+0x000001793965fd88
instanceKlass  @bci org/codehaus/groovy/vmplugin/v9/Java9 isOpen (Ljava/lang/module/ModuleDescriptor;Ljava/lang/String;)Z 10 <appendix> member <vmtarget> ; # org/codehaus/groovy/vmplugin/v9/Java9$$Lambda+0x000001793965fb38
instanceKlass  @bci org/codehaus/groovy/vmplugin/v9/Java9 lambda$static$7 (Ljava/util/Map;Ljava/lang/module/ModuleDescriptor;)V 6 <appendix> member <vmtarget> ; # org/codehaus/groovy/vmplugin/v9/Java9$$Lambda+0x000001793965f908
instanceKlass  @bci org/codehaus/groovy/vmplugin/v9/Java9 <clinit> ()V 37 <appendix> member <vmtarget> ; # org/codehaus/groovy/vmplugin/v9/Java9$$Lambda+0x000001793965f6d8
instanceKlass  @cpi org/codehaus/groovy/vmplugin/v9/Java9 3442 form vmentry <vmtarget> ; # java/lang/invoke/LambdaForm$DMH+0x0000017939660000
instanceKlass  @bci org/codehaus/groovy/vmplugin/v9/Java9 <clinit> ()V 26 <appendix> argL0 ; # org/codehaus/groovy/vmplugin/v9/Java9$$Lambda+0x000001793965f4a0
instanceKlass org/codehaus/groovy/ast/Variable
instanceKlass org/codehaus/groovy/vmplugin/v8/Java8
instanceKlass org/codehaus/groovy/runtime/NumberAwareComparator
instanceKlass org/codehaus/groovy/runtime/StreamGroovyMethods
instanceKlass org/codehaus/groovy/runtime/EncodingGroovyMethods
instanceKlass org/codehaus/groovy/runtime/DefaultGroovyMethodsSupport
instanceKlass  @bci org/codehaus/groovy/vmplugin/VMPluginFactory createPlugin ()Lorg/codehaus/groovy/vmplugin/VMPlugin; 0 <appendix> argL0 ; # org/codehaus/groovy/vmplugin/VMPluginFactory$$Lambda+0x0000017939653b58
instanceKlass org/codehaus/groovy/vmplugin/VMPlugin
instanceKlass org/apache/groovy/util/Maps
instanceKlass org/codehaus/groovy/vmplugin/VMPluginFactory
instanceKlass org/codehaus/groovy/reflection/ReflectionUtils
instanceKlass  @bci org/codehaus/groovy/reflection/CachedClass$3 lambda$initValue$4 ()[Lorg/codehaus/groovy/reflection/CachedMethod; 44 <appendix> argL0 ; # org/codehaus/groovy/reflection/CachedClass$3$$Lambda+0x0000017939653148
instanceKlass  @bci org/codehaus/groovy/reflection/CachedClass$3 lambda$initValue$4 ()[Lorg/codehaus/groovy/reflection/CachedMethod; 34 <appendix> member <vmtarget> ; # org/codehaus/groovy/reflection/CachedClass$3$$Lambda+0x0000017939652f08
instanceKlass  @bci org/codehaus/groovy/reflection/CachedClass$3 lambda$initValue$4 ()[Lorg/codehaus/groovy/reflection/CachedMethod; 23 <appendix> argL0 ; # org/codehaus/groovy/reflection/CachedClass$3$$Lambda+0x0000017939652cc0
instanceKlass  @bci org/codehaus/groovy/reflection/CachedClass$3 lambda$initValue$4 ()[Lorg/codehaus/groovy/reflection/CachedMethod; 13 <appendix> argL0 ; # org/codehaus/groovy/reflection/CachedClass$3$$Lambda+0x0000017939652a78
instanceKlass org/codehaus/groovy/runtime/memoize/MemoizeCache
instanceKlass  @bci org/codehaus/groovy/reflection/CachedClass$3 initValue ()[Lorg/codehaus/groovy/reflection/CachedMethod; 1 <appendix> member <vmtarget> ; # org/codehaus/groovy/reflection/CachedClass$3$$Lambda+0x0000017939651010
instanceKlass org/codehaus/groovy/transform/trait/Traits$Implemented
instanceKlass  @bci org/codehaus/groovy/reflection/stdclasses/CachedSAMClass <clinit> ()V 15 <appendix> argL0 ; # org/codehaus/groovy/reflection/stdclasses/CachedSAMClass$$Lambda+0x00000179396506a0
instanceKlass  @bci org/codehaus/groovy/runtime/metaclass/MetaClassRegistryImpl registerMethods (Ljava/lang/Class;ZZLjava/util/Map;)V 142 <appendix> argL0 ; # org/codehaus/groovy/runtime/metaclass/MetaClassRegistryImpl$$Lambda+0x0000017939650468
instanceKlass org/codehaus/groovy/util/ReferenceType$HardRef
instanceKlass org/codehaus/groovy/util/ManagedReference
instanceKlass org/codehaus/groovy/reflection/ClassInfo$GlobalClassSet
instanceKlass org/codehaus/groovy/reflection/GroovyClassValue
instanceKlass org/codehaus/groovy/reflection/GroovyClassValueFactory
instanceKlass org/codehaus/groovy/reflection/ClassInfo$1
instanceKlass org/codehaus/groovy/reflection/CachedClass
instanceKlass org/codehaus/groovy/reflection/GroovyClassValue$ComputeValue
instanceKlass org/codehaus/groovy/util/ComplexKeyHashMap$Entry
instanceKlass org/codehaus/groovy/util/ComplexKeyHashMap$EntryIterator
instanceKlass org/codehaus/groovy/util/ComplexKeyHashMap
instanceKlass org/codehaus/groovy/reflection/ReflectionCache
instanceKlass java/util/OptionalLong
instanceKlass java/util/OptionalDouble
instanceKlass java/util/stream/LongStream
instanceKlass java/util/stream/DoubleStream
instanceKlass java/lang/Process
instanceKlass java/util/Timer
instanceKlass java/util/TimerTask
instanceKlass groovy/lang/groovydoc/Groovydoc
instanceKlass groovy/lang/ListWithDefault
instanceKlass groovy/lang/Range
instanceKlass groovy/util/BufferedIterator
instanceKlass java/util/BitSet
instanceKlass org/codehaus/groovy/reflection/GeneratedMetaMethod$DgmMethodRecord
instanceKlass groovy/lang/MetaClassRegistry$MetaClassCreationHandle
instanceKlass org/apache/groovy/util/SystemUtil
instanceKlass org/codehaus/groovy/runtime/m12n/ExtensionModuleRegistry
instanceKlass org/codehaus/groovy/util/Reference
instanceKlass org/codehaus/groovy/util/ReferenceManager
instanceKlass org/codehaus/groovy/util/ReferenceBundle
instanceKlass org/codehaus/groovy/util/ManagedConcurrentLinkedQueue
instanceKlass org/codehaus/groovy/util/FastArray
instanceKlass groovy/lang/MetaClassRegistryChangeEventListener
instanceKlass java/util/EventListener
instanceKlass org/codehaus/groovy/reflection/ParameterTypes
instanceKlass org/codehaus/groovy/runtime/m12n/ExtensionModuleScanner$ExtensionModuleListener
instanceKlass org/codehaus/groovy/runtime/metaclass/MetaClassRegistryImpl
instanceKlass org/codehaus/groovy/runtime/InvokerHelper
instanceKlass org/gradle/internal/instantiation/generator/AsmBackedClassGenerator$NoOpBuilder
instanceKlass groovy/transform/Internal
instanceKlass java/beans/Transient
instanceKlass org/gradle/api/tasks/WorkResult
instanceKlass org/codehaus/groovy/reflection/ClassInfo
instanceKlass org/codehaus/groovy/util/Finalizable
instanceKlass org/gradle/internal/cc/impl/serialize/ClassLoaderRole
# instanceKlass java/lang/invoke/LambdaForm$MH+0x000001793963e400
# instanceKlass java/lang/invoke/LambdaForm$MH+0x000001793963e000
# instanceKlass java/lang/invoke/LambdaForm$MH+0x000001793963dc00
# instanceKlass java/lang/invoke/LambdaForm$MH+0x000001793963d800
# instanceKlass java/lang/invoke/LambdaForm$MH+0x000001793963d400
# instanceKlass java/lang/invoke/LambdaForm$MH+0x000001793963d000
# instanceKlass java/lang/invoke/LambdaForm$MH+0x000001793963cc00
# instanceKlass java/lang/invoke/LambdaForm$MH+0x000001793963c800
# instanceKlass java/lang/invoke/LambdaForm$BMH+0x000001793963c400
# instanceKlass java/lang/invoke/LambdaForm$DMH+0x000001793963c000
instanceKlass com/google/common/collect/Count
instanceKlass org/gradle/api/internal/initialization/loadercache/DefaultClassLoaderCache$CachedClassLoader
instanceKlass  @bci org/gradle/api/internal/initialization/loadercache/DefaultClassLoaderCache createIfAbsent (Lorg/gradle/api/internal/initialization/loadercache/ClassLoaderId;Lorg/gradle/internal/classpath/ClassPath;Ljava/lang/ClassLoader;Ljava/util/function/Function;Lorg/gradle/internal/hash/HashCode;)Ljava/lang/ClassLoader; 9 <appendix> member <vmtarget> ; # org/gradle/api/internal/initialization/loadercache/DefaultClassLoaderCache$$Lambda+0x000001793963a418
instanceKlass  @bci org/gradle/groovy/scripts/internal/DefaultScriptCompilationHandler$ClassesDirCompiledScript prepareClassLoaderScope ()Lorg/gradle/api/internal/initialization/ClassLoaderScope; 93 <appendix> member <vmtarget> ; # org/gradle/groovy/scripts/internal/DefaultScriptCompilationHandler$ClassesDirCompiledScript$$Lambda+0x0000017939639ec8
instanceKlass org/gradle/initialization/ClassLoaderScopeOrigin$Script
instanceKlass  @bci org/gradle/configuration/DefaultScriptPluginFactory$ScriptPluginImpl apply (Ljava/lang/Object;)V 306 <appendix> member <vmtarget> ; # org/gradle/configuration/DefaultScriptPluginFactory$ScriptPluginImpl$$Lambda+0x0000017939639a88
instanceKlass org/gradle/groovy/scripts/internal/BuildScriptData
instanceKlass org/gradle/internal/fingerprint/impl/DefaultFileSystemLocationFingerprint$1
instanceKlass org/gradle/internal/fingerprint/impl/DefaultFileSystemLocationFingerprint
instanceKlass  @bci org/gradle/api/internal/changedetection/state/PropertiesFileAwareClasspathResourceHasher matchesAnyFilters (Ljava/util/function/Supplier;)Z 15 <appendix> member <vmtarget> ; # org/gradle/api/internal/changedetection/state/PropertiesFileAwareClasspathResourceHasher$$Lambda+0x00000179396388d0
instanceKlass  @bci org/gradle/internal/io/IoSupplier wrap (Lorg/gradle/internal/io/IoSupplier;)Ljava/util/function/Supplier; 1 <appendix> member <vmtarget> ; # org/gradle/internal/io/IoSupplier$$Lambda+0x00000179396386b0
instanceKlass  @bci org/gradle/api/internal/changedetection/state/FallbackHandlingResourceHasher hash (Lorg/gradle/internal/fingerprint/hashing/RegularFileSnapshotContext;)Lorg/gradle/internal/hash/HashCode; 25 <appendix> member <vmtarget> ; # org/gradle/api/internal/changedetection/state/FallbackHandlingResourceHasher$$Lambda+0x0000017939638490
instanceKlass org/gradle/internal/io/IoSupplier
instanceKlass  @bci org/gradle/api/internal/changedetection/state/FallbackHandlingResourceHasher hash (Lorg/gradle/internal/fingerprint/hashing/RegularFileSnapshotContext;)Lorg/gradle/internal/hash/HashCode; 15 <appendix> member <vmtarget> ; # org/gradle/api/internal/changedetection/state/FallbackHandlingResourceHasher$$Lambda+0x0000017939638250
instanceKlass  @bci org/gradle/api/internal/changedetection/state/FallbackHandlingResourceHasher hash (Lorg/gradle/internal/fingerprint/hashing/RegularFileSnapshotContext;)Lorg/gradle/internal/hash/HashCode; 5 <appendix> member <vmtarget> ; # org/gradle/api/internal/changedetection/state/FallbackHandlingResourceHasher$$Lambda+0x0000017939638000
instanceKlass  @bci org/gradle/internal/fingerprint/classpath/impl/ClasspathFingerprintingStrategy$ClasspathFingerprintingVisitor hashContent (Lorg/gradle/internal/snapshot/RegularFileSnapshot;Lorg/gradle/internal/RelativePathSupplier;)Lorg/gradle/internal/hash/HashCode; 5 <appendix> member <vmtarget> ; # org/gradle/internal/fingerprint/classpath/impl/ClasspathFingerprintingStrategy$ClasspathFingerprintingVisitor$$Lambda+0x0000017939633400
instanceKlass org/gradle/api/internal/changedetection/state/DefaultRegularFileSnapshotContext
instanceKlass org/gradle/api/internal/initialization/ClassLoaderScopeIdentifier$Id
instanceKlass org/gradle/model/dsl/internal/transform/ClosureCreationInterceptingVerifier
instanceKlass org/gradle/groovy/scripts/internal/FactoryBackedCompileOperation
instanceKlass org/gradle/groovy/scripts/internal/BuildScriptTransformer$1
instanceKlass org/gradle/groovy/scripts/internal/BuildScriptTransformer
instanceKlass  @bci org/gradle/api/internal/plugins/DefaultPluginManager_Decorated $gradleInit ()V 1 <appendix> member <vmtarget> ; # org/gradle/api/internal/plugins/DefaultPluginManager_Decorated$$Lambda+0x0000017939637280
instanceKlass  @bci org/gradle/api/internal/collections/IterationOrderRetainingSetElementSource <clinit> ()V 0 <appendix> argL0 ; # org/gradle/api/internal/collections/IterationOrderRetainingSetElementSource$$Lambda+0x0000017939637068
# instanceKlass java/lang/invoke/LambdaForm$MH+0x0000017939633000
# instanceKlass java/lang/invoke/LambdaForm$MH+0x0000017939632c00
# instanceKlass java/lang/invoke/LambdaForm$MH+0x0000017939632800
# instanceKlass java/lang/invoke/LambdaForm$MH+0x0000017939632400
# instanceKlass java/lang/invoke/LambdaForm$MH+0x0000017939632000
# instanceKlass java/lang/invoke/LambdaForm$MH+0x0000017939631c00
instanceKlass org/gradle/api/internal/plugins/DefaultPluginManager$3
instanceKlass org/gradle/api/plugins/AppliedPlugin
instanceKlass org/gradle/api/internal/plugins/ApplyPluginBuildOperationType$Result
instanceKlass org/gradle/api/internal/plugins/DefaultPluginManager
instanceKlass org/gradle/api/internal/plugins/ImperativeOnlyPluginTarget
instanceKlass org/gradle/api/internal/plugins/PluginTarget
# instanceKlass java/lang/invoke/LambdaForm$MH+0x0000017939631800
# instanceKlass java/lang/invoke/LambdaForm$MH+0x0000017939631400
# instanceKlass java/lang/invoke/LambdaForm$MH+0x0000017939631000
# instanceKlass java/lang/invoke/LambdaForm$MH+0x0000017939630c00
# instanceKlass java/lang/invoke/LambdaForm$MH+0x0000017939630800
# instanceKlass java/lang/invoke/LambdaForm$MH+0x0000017939630400
# instanceKlass java/lang/invoke/LambdaForm$MH+0x0000017939630000
# instanceKlass java/lang/invoke/LambdaForm$MH+0x000001793962dc00
# instanceKlass java/lang/invoke/LambdaForm$MH+0x000001793962d800
# instanceKlass java/lang/invoke/LambdaForm$MH+0x000001793962d400
# instanceKlass java/lang/invoke/LambdaForm$MH+0x000001793962d000
instanceKlass org/gradle/groovy/scripts/internal/DefaultScriptRunnerFactory$ScriptRunnerImpl
instanceKlass org/gradle/groovy/scripts/internal/CrossBuildInMemoryCachingScriptClassCache$CachedCompiledScript
instanceKlass org/gradle/internal/classloader/ImplementationHashAware
instanceKlass org/gradle/groovy/scripts/internal/DefaultScriptCompilationHandler$ClassesDirCompiledScript
instanceKlass  @bci org/gradle/internal/classpath/DefaultCachedClasspathTransformer$ParallelTransformExecutor lambda$transformAll$5 (Ljava/util/Collection;Lorg/gradle/internal/classpath/DefaultCachedClasspathTransformer$ValueOrTransformProvider;)Ljava/util/List; 139 <appendix> member <vmtarget> ; # org/gradle/internal/classpath/DefaultCachedClasspathTransformer$ParallelTransformExecutor$$Lambda+0x000001793962e230
instanceKlass  @bci org/gradle/internal/snapshot/DirectorySnapshot accept (Lorg/gradle/internal/snapshot/RelativePathTracker;Lorg/gradle/internal/snapshot/RelativePathTrackingFileSystemSnapshotHierarchyVisitor;)Lorg/gradle/internal/snapshot/SnapshotVisitResult; 81 <appendix> member <vmtarget> ; # org/gradle/internal/snapshot/DirectorySnapshot$$Lambda+0x000001793962e000
instanceKlass  @bci org/gradle/internal/snapshot/DirectorySnapshot accept (Lorg/gradle/internal/snapshot/RelativePathTracker;Lorg/gradle/internal/snapshot/RelativePathTrackingFileSystemSnapshotHierarchyVisitor;)Lorg/gradle/internal/snapshot/SnapshotVisitResult; 69 <appendix> argL0 ; # org/gradle/internal/snapshot/DirectorySnapshot$$Lambda+0x000001793962bc80
instanceKlass org/gradle/internal/fingerprint/classpath/impl/ClasspathFingerprintingStrategy$ClasspathFingerprintingVisitor$1
instanceKlass org/gradle/internal/fingerprint/hashing/RegularFileSnapshotContext
instanceKlass org/gradle/internal/fingerprint/classpath/impl/ClasspathFingerprintingStrategy$ClasspathFingerprintingVisitor
instanceKlass org/gradle/internal/snapshot/DirectorySnapshot$2
instanceKlass  @bci org/gradle/internal/snapshot/SnapshotUtil getRootHashes (Lorg/gradle/internal/snapshot/FileSystemSnapshot;)Lcom/google/common/collect/ImmutableListMultimap; 17 <appendix> member <vmtarget> ; # org/gradle/internal/snapshot/SnapshotUtil$$Lambda+0x000001793962afc8
instanceKlass org/gradle/internal/snapshot/FileSystemSnapshot$1
instanceKlass org/gradle/internal/fingerprint/impl/DefaultCurrentFileCollectionFingerprint
instanceKlass  @bci org/gradle/internal/classpath/DefaultCachedClasspathTransformer$ParallelTransformExecutor lambda$transformAll$5 (Ljava/util/Collection;Lorg/gradle/internal/classpath/DefaultCachedClasspathTransformer$ValueOrTransformProvider;)Ljava/util/List; 92 <appendix> member <vmtarget> ; # org/gradle/internal/classpath/DefaultCachedClasspathTransformer$ParallelTransformExecutor$$Lambda+0x000001793962a680
instanceKlass  @bci com/sun/tools/javac/code/Types closureCollector (ZLjava/util/function/BiPredicate;)Ljava/util/stream/Collector; 3 <adapter> ; # java/lang/invoke/LambdaForm$MH+0x000001793962cc00
instanceKlass  @cpi org/gradle/api/internal/artifacts/ivyservice/resolveengine/graph/builder/ResolveState 552 form vmentry <vmtarget> ; # java/lang/invoke/LambdaForm$DMH+0x000001793962c800
instanceKlass  @bci com/sun/tools/javac/code/Types closureCollector (ZLjava/util/function/BiPredicate;)Ljava/util/stream/Collector; 3 <appendix> form vmentry <vmtarget> ; # java/lang/invoke/LambdaForm$DMH+0x000001793962c400
instanceKlass  @bci org/gradle/internal/classpath/DefaultCachedClasspathTransformer$ParallelTransformExecutor lambda$transformAll$2 (Ljava/util/List;Ljava/util/List;Ljava/util/concurrent/Callable;)V 19 <appendix> member <vmtarget> ; # org/gradle/internal/classpath/DefaultCachedClasspathTransformer$ParallelTransformExecutor$$Lambda+0x000001793962a460
instanceKlass  @cpi org/gradle/internal/classpath/DefaultCachedClasspathTransformer$ParallelTransformExecutor 244 form vmentry <vmtarget> ; # java/lang/invoke/LambdaForm$DMH+0x000001793962c000
instanceKlass  @bci org/gradle/internal/classpath/DefaultCachedClasspathTransformer$ParallelTransformExecutor lambda$transformAll$3 (Ljava/util/List;Ljava/util/List;Lorg/gradle/internal/Either;)V 9 <appendix> member <vmtarget> ; # org/gradle/internal/classpath/DefaultCachedClasspathTransformer$ParallelTransformExecutor$$Lambda+0x000001793962a230
instanceKlass  @bci org/gradle/internal/classpath/DefaultCachedClasspathTransformer$ParallelTransformExecutor lambda$transformAll$3 (Ljava/util/List;Ljava/util/List;Lorg/gradle/internal/Either;)V 2 <appendix> member <vmtarget> ; # org/gradle/internal/classpath/DefaultCachedClasspathTransformer$ParallelTransformExecutor$$Lambda+0x000001793962a000
instanceKlass  @bci org/gradle/internal/classpath/DefaultCachedClasspathTransformer$ParallelTransformExecutor lambda$transformAll$5 (Ljava/util/Collection;Lorg/gradle/internal/classpath/DefaultCachedClasspathTransformer$ValueOrTransformProvider;)Ljava/util/List; 78 <appendix> member <vmtarget> ; # org/gradle/internal/classpath/DefaultCachedClasspathTransformer$ParallelTransformExecutor$$Lambda+0x0000017939629dd0
instanceKlass  @bci org/gradle/internal/classpath/DefaultCachedClasspathTransformer cachedFile (Ljava/io/File;Lorg/gradle/internal/classpath/ClasspathFileTransformer;Ljava/util/Set;)Ljava/util/Optional; 61 <appendix> member <vmtarget> ; # org/gradle/internal/classpath/DefaultCachedClasspathTransformer$$Lambda+0x0000017939629bb0
instanceKlass  @bci org/gradle/internal/classpath/DefaultCachedClasspathTransformer$ParallelTransformExecutor transformAll (Ljava/util/Collection;Lorg/gradle/internal/classpath/DefaultCachedClasspathTransformer$ValueOrTransformProvider;)Ljava/util/List; 30 <appendix> member <vmtarget> ; # org/gradle/internal/classpath/DefaultCachedClasspathTransformer$ParallelTransformExecutor$$Lambda+0x0000017939629990
instanceKlass  @bci org/gradle/internal/classpath/DefaultCachedClasspathTransformer transformFiles (Lorg/gradle/internal/classpath/ClassPath;Lorg/gradle/internal/classpath/ClasspathFileTransformer;)Lorg/gradle/internal/classpath/ClassPath; 12 <appendix> member <vmtarget> ; # org/gradle/internal/classpath/DefaultCachedClasspathTransformer$$Lambda+0x0000017939629770
instanceKlass org/gradle/internal/classpath/DefaultCachedClasspathTransformer$ValueOrTransformProvider
instanceKlass  @bci org/gradle/internal/classpath/CustomClasspathFileTransformer createFileHasherWithConfig (Lorg/gradle/internal/hash/HashCode;Lorg/gradle/internal/classpath/ClasspathFileHasher;)Lorg/gradle/internal/classpath/ClasspathFileHasher; 2 <appendix> member <vmtarget> ; # org/gradle/internal/classpath/CustomClasspathFileTransformer$$Lambda+0x0000017939629358
instanceKlass  @bci org/gradle/internal/classpath/DefaultCachedClasspathTransformer customClasspathFileTransformerFor (Lorg/gradle/internal/classpath/transforms/ClasspathElementTransformFactory;Lorg/gradle/internal/classpath/transforms/ClassTransform;)Lorg/gradle/internal/classpath/CustomClasspathFileTransformer; 9 <appendix> member <vmtarget> ; # org/gradle/internal/classpath/DefaultCachedClasspathTransformer$$Lambda+0x0000017939629138
instanceKlass org/gradle/internal/classpath/ClasspathFileHasher
instanceKlass org/gradle/internal/classpath/CustomClasspathFileTransformer
instanceKlass org/gradle/groovy/scripts/internal/GroovyScriptClassCompiler$1
instanceKlass  @bci org/gradle/internal/execution/steps/WorkspaceResult getOutputAs (Ljava/lang/Class;)Lorg/gradle/internal/Try; 19 <appendix> member <vmtarget> ; # org/gradle/internal/execution/steps/WorkspaceResult$$Lambda+0x0000017939628890
instanceKlass org/gradle/internal/scripts/BuildScriptCompilationAndInstrumentation$Output
instanceKlass  @bci org/gradle/internal/execution/steps/WorkspaceResult getOutputAs (Ljava/lang/Class;)Lorg/gradle/internal/Try; 5 <appendix> member <vmtarget> ; # org/gradle/internal/execution/steps/WorkspaceResult$$Lambda+0x0000017939628438
instanceKlass org/gradle/groovy/scripts/internal/GroovyScriptClassCompiler$GroovyScriptCompilationAndInstrumentation$GroovyScriptCompilationOutput
instanceKlass  @bci org/gradle/internal/execution/steps/AssignImmutableWorkspaceStep lambda$execute$1 (Lorg/gradle/internal/execution/UnitOfWork;Lorg/gradle/internal/execution/workspace/ImmutableWorkspaceProvider$LockingImmutableWorkspace;Lorg/gradle/internal/execution/steps/IdentityContext;)Lorg/gradle/internal/execution/steps/WorkspaceResult; 10 <appendix> member <vmtarget> ; # org/gradle/internal/execution/steps/AssignImmutableWorkspaceStep$$Lambda+0x0000017939628000
instanceKlass org/gradle/internal/Try
instanceKlass org/gradle/internal/execution/ExecutionEngine$Execution$1
instanceKlass org/gradle/internal/execution/history/impl/DefaultExecutionOutputState
instanceKlass  @bci org/gradle/internal/execution/steps/AssignImmutableWorkspaceStep lambda$calculateOutputHashes$6 (Ljava/util/Map$Entry;)Ljava/util/stream/Stream; 15 <appendix> member <vmtarget> ; # org/gradle/internal/execution/steps/AssignImmutableWorkspaceStep$$Lambda+0x0000017939625000
instanceKlass  @bci com/google/common/collect/CollectSpliterators$1WithCharacteristics forEachRemaining (Ljava/util/function/Consumer;)V 9 <appendix> member <vmtarget> ; # com/google/common/collect/CollectSpliterators$1WithCharacteristics$$Lambda+0x0000017939627c90
instanceKlass  @cpi com/google/common/collect/CollectSpliterators$1WithCharacteristics 118 form vmentry <vmtarget> ; # java/lang/invoke/LambdaForm$DMH+0x0000017939624800
instanceKlass  @bci com/google/common/collect/CollectCollectors toImmutableListMultimap (Ljava/util/function/Function;Ljava/util/function/Function;)Ljava/util/stream/Collector; 31 <appendix> argL0 ; # com/google/common/collect/CollectCollectors$$Lambda+0x0000017939627a58
instanceKlass  @bci com/google/common/collect/CollectCollectors toImmutableListMultimap (Ljava/util/function/Function;Ljava/util/function/Function;)Ljava/util/stream/Collector; 26 <appendix> argL0 ; # com/google/common/collect/CollectCollectors$$Lambda+0x0000017939627818
instanceKlass  @bci com/google/common/collect/CollectCollectors toImmutableListMultimap (Ljava/util/function/Function;Ljava/util/function/Function;)Ljava/util/stream/Collector; 21 <appendix> member <vmtarget> ; # com/google/common/collect/CollectCollectors$$Lambda+0x00000179396275e8
instanceKlass  @bci com/google/common/collect/CollectCollectors toImmutableListMultimap (Ljava/util/function/Function;Ljava/util/function/Function;)Ljava/util/stream/Collector; 14 <appendix> argL0 ; # com/google/common/collect/CollectCollectors$$Lambda+0x00000179396273d0
instanceKlass  @bci org/gradle/internal/execution/steps/AssignImmutableWorkspaceStep calculateOutputHashes (Lcom/google/common/collect/ImmutableSortedMap;)Lcom/google/common/collect/ImmutableListMultimap; 22 <appendix> argL0 ; # org/gradle/internal/execution/steps/AssignImmutableWorkspaceStep$$Lambda+0x0000017939627198
instanceKlass  @bci org/gradle/internal/execution/steps/AssignImmutableWorkspaceStep calculateOutputHashes (Lcom/google/common/collect/ImmutableSortedMap;)Lcom/google/common/collect/ImmutableListMultimap; 17 <appendix> argL0 ; # org/gradle/internal/execution/steps/AssignImmutableWorkspaceStep$$Lambda+0x0000017939626f60
instanceKlass  @bci org/gradle/internal/execution/steps/AssignImmutableWorkspaceStep calculateOutputHashes (Lcom/google/common/collect/ImmutableSortedMap;)Lcom/google/common/collect/ImmutableListMultimap; 7 <appendix> argL0 ; # org/gradle/internal/execution/steps/AssignImmutableWorkspaceStep$$Lambda+0x0000017939626d28
instanceKlass java/util/stream/Streams$RangeIntSpliterator
instanceKlass com/google/common/collect/CollectSpliterators$1WithCharacteristics
instanceKlass com/google/common/collect/CollectSpliterators
instanceKlass  @bci com/google/common/collect/ImmutableSortedMap$1EntrySet$1 spliterator ()Ljava/util/Spliterator; 8 <appendix> member <vmtarget> ; # com/google/common/collect/ImmutableSortedMap$1EntrySet$1$$Lambda+0x0000017939626670
instanceKlass  @cpi com/sun/tools/javac/jvm/ClassReader$24 376 form vmentry <vmtarget> ; # java/lang/invoke/LambdaForm$DMH+0x0000017939624400
instanceKlass org/gradle/internal/snapshot/CompositeFileSystemSnapshot
instanceKlass  @bci org/gradle/internal/snapshot/DirectorySnapshot getChildSnapshot (Lorg/gradle/internal/snapshot/VfsRelativePath;Lorg/gradle/internal/snapshot/CaseSensitivity;)Ljava/util/Optional; 15 <appendix> member <vmtarget> ; # org/gradle/internal/snapshot/DirectorySnapshot$$Lambda+0x00000179396239b0
instanceKlass  @bci org/gradle/internal/snapshot/DirectorySnapshot getChildSnapshot (Lorg/gradle/internal/snapshot/VfsRelativePath;Lorg/gradle/internal/snapshot/CaseSensitivity;)Ljava/util/Optional; 6 <appendix> argL0 ; # org/gradle/internal/snapshot/DirectorySnapshot$$Lambda+0x0000017939623798
instanceKlass org/gradle/api/internal/file/DelegatingFileCollectionStructureVisitor
instanceKlass org/gradle/internal/execution/UnitOfWork$OutputFileValueSupplier
instanceKlass org/gradle/internal/execution/UnitOfWork$FileValueSupplier
instanceKlass org/gradle/api/internal/file/FileCollectionInternal$1
instanceKlass org/gradle/internal/execution/impl/DefaultOutputSnapshotter$1
instanceKlass org/gradle/internal/execution/history/ImmutableWorkspaceMetadata
instanceKlass org/gradle/caching/internal/origin/OriginMetadata
instanceKlass org/gradle/internal/execution/steps/AssignImmutableWorkspaceStep$2
instanceKlass  @bci org/gradle/internal/snapshot/DirectorySnapshot <init> (Ljava/lang/String;Ljava/lang/String;Lorg/gradle/internal/file/FileMetadata$AccessType;Lorg/gradle/internal/hash/HashCode;Ljava/util/List;)V 13 <appendix> argL0 ; # org/gradle/internal/snapshot/DirectorySnapshot$$Lambda+0x0000017939621150
instanceKlass  @bci java/util/Comparator comparing (Ljava/util/function/Function;Ljava/util/Comparator;)Ljava/util/Comparator; 12 <appendix> member <vmtarget> ; # java/util/Comparator$$Lambda+0x00000179394722e0
instanceKlass  @cpi java/util/Comparator 256 form vmentry <vmtarget> ; # java/lang/invoke/LambdaForm$DMH+0x0000017939624000
instanceKlass  @bci org/gradle/internal/snapshot/FileSystemLocationSnapshot <clinit> ()V 5 <appendix> argL0 ; # org/gradle/internal/snapshot/FileSystemLocationSnapshot$$Lambda+0x0000017939620af8
instanceKlass  @bci org/gradle/internal/snapshot/FileSystemLocationSnapshot <clinit> ()V 0 <appendix> argL0 ; # org/gradle/internal/snapshot/FileSystemLocationSnapshot$$Lambda+0x00000179396208c0
instanceKlass org/gradle/internal/snapshot/MerkleDirectorySnapshotBuilder$Directory
instanceKlass java/nio/file/Files$3
instanceKlass java/nio/file/FileTreeWalker$Event
instanceKlass java/nio/file/FileTreeWalker$DirectoryNode
instanceKlass java/nio/file/FileTreeWalker
instanceKlass org/gradle/internal/snapshot/MerkleDirectorySnapshotBuilder
instanceKlass org/gradle/internal/snapshot/impl/FilteredTrackingMerkleDirectorySnapshotBuilder
instanceKlass org/gradle/internal/snapshot/DirectorySnapshotBuilder
instanceKlass  @bci org/gradle/internal/snapshot/impl/DirectorySnapshotter$PathVisitor <init> (Lorg/gradle/internal/snapshot/SnapshottingFilter$DirectoryWalkerPredicate;Ljava/util/concurrent/atomic/AtomicBoolean;Lorg/gradle/internal/hash/FileHasher;Lcom/google/common/collect/Interner;Lorg/gradle/internal/snapshot/impl/DirectorySnapshotter$DefaultExcludes;Lorg/gradle/internal/snapshot/impl/DirectorySnapshotterStatistics$Collector;Lorg/gradle/internal/snapshot/impl/DirectorySnapshotter$SymbolicLinkMapping;Ljava/util/Map;Ljava/util/function/Consumer;)V 41 <appendix> member <vmtarget> ; # org/gradle/internal/snapshot/impl/DirectorySnapshotter$PathVisitor$$Lambda+0x000001793961f900
instanceKlass org/gradle/internal/snapshot/RelativePathTracker
instanceKlass org/gradle/internal/snapshot/impl/DirectorySnapshotterStatistics$CollectingFileVisitor
instanceKlass  @bci org/gradle/internal/vfs/impl/DefaultFileSystemAccess lambda$snapshotAndReuse$11 (Ljava/lang/String;Lorg/gradle/internal/snapshot/SnapshottingFilter;Lcom/google/common/collect/ImmutableMap;Lorg/gradle/internal/vfs/VirtualFileSystem$VfsStorer;)Ljava/util/Optional; 179 <appendix> member <vmtarget> ; # org/gradle/internal/vfs/impl/DefaultFileSystemAccess$$Lambda+0x000001793961ef78
instanceKlass  @bci org/gradle/internal/execution/workspace/impl/CacheBasedImmutableWorkspaceProvider$CacheContainer withFileLock (Ljava/util/function/Supplier;)Ljava/lang/Object; 6 <appendix> member <vmtarget> ; # org/gradle/internal/execution/workspace/impl/CacheBasedImmutableWorkspaceProvider$CacheContainer$$Lambda+0x000001793961ed58
instanceKlass  @bci org/gradle/internal/execution/workspace/impl/CacheBasedImmutableWorkspaceProvider$2 withWorkspaceLock (Ljava/util/function/Supplier;)Ljava/lang/Object; 16 <appendix> member <vmtarget> ; # org/gradle/internal/execution/workspace/impl/CacheBasedImmutableWorkspaceProvider$2$$Lambda+0x000001793961eb18
instanceKlass org/gradle/internal/execution/workspace/impl/CacheBasedImmutableWorkspaceProvider$CacheContainer
instanceKlass  @bci org/gradle/internal/execution/steps/AssignImmutableWorkspaceStep execute (Lorg/gradle/internal/execution/UnitOfWork;Lorg/gradle/internal/execution/steps/IdentityContext;)Lorg/gradle/internal/execution/steps/WorkspaceResult; 48 <appendix> member <vmtarget> ; # org/gradle/internal/execution/steps/AssignImmutableWorkspaceStep$$Lambda+0x000001793961e6e0
instanceKlass org/gradle/internal/execution/workspace/impl/CacheBasedImmutableWorkspaceProvider$2
instanceKlass  @bci org/gradle/internal/execution/steps/ExecuteWorkBuildOperationFiringStep execute (Lorg/gradle/internal/execution/UnitOfWork;Lorg/gradle/internal/execution/steps/IdentityContext;)Lorg/gradle/internal/execution/steps/CachingResult; 20 <appendix> member <vmtarget> ; # org/gradle/internal/execution/steps/ExecuteWorkBuildOperationFiringStep$$Lambda+0x000001793961e278
instanceKlass  @bci org/gradle/internal/execution/steps/ExecuteWorkBuildOperationFiringStep execute (Lorg/gradle/internal/execution/UnitOfWork;Lorg/gradle/internal/execution/steps/IdentityContext;)Lorg/gradle/internal/execution/steps/CachingResult; 9 <appendix> member <vmtarget> ; # org/gradle/internal/execution/steps/ExecuteWorkBuildOperationFiringStep$$Lambda+0x000001793961e038
instanceKlass  @bci org/gradle/internal/scripts/BuildScriptCompilationAndInstrumentation identify (Ljava/util/Map;Ljava/util/Map;)Lorg/gradle/internal/execution/UnitOfWork$Identity; 34 <appendix> member <vmtarget> ; # org/gradle/internal/scripts/BuildScriptCompilationAndInstrumentation$$Lambda+0x000001793961de18
instanceKlass org/gradle/internal/execution/UnitOfWork$Identity
instanceKlass  @bci org/gradle/internal/scripts/BuildScriptCompilationAndInstrumentation identify (Ljava/util/Map;Ljava/util/Map;)Lorg/gradle/internal/execution/UnitOfWork$Identity; 11 <appendix> member <vmtarget> ; # org/gradle/internal/scripts/BuildScriptCompilationAndInstrumentation$$Lambda+0x000001793961d9f0
instanceKlass  @bci com/google/common/collect/ImmutableSortedMap fromEntries (Ljava/util/Comparator;Z[Ljava/util/Map$Entry;I)Lcom/google/common/collect/ImmutableSortedMap; 152 <appendix> member <vmtarget> ; # com/google/common/collect/ImmutableSortedMap$$Lambda+0x000001793961d758
instanceKlass org/gradle/internal/execution/impl/DefaultInputFingerprinter$InputFingerprints
instanceKlass  @bci org/gradle/groovy/scripts/internal/GroovyScriptClassCompiler$GroovyScriptCompilationAndInstrumentation visitIdentityInputs (Lorg/gradle/internal/execution/UnitOfWork$InputVisitor;)V 37 <appendix> member <vmtarget> ; # org/gradle/groovy/scripts/internal/GroovyScriptClassCompiler$GroovyScriptCompilationAndInstrumentation$$Lambda+0x000001793961d098
instanceKlass  @bci org/gradle/groovy/scripts/internal/GroovyScriptClassCompiler$GroovyScriptCompilationAndInstrumentation visitIdentityInputs (Lorg/gradle/internal/execution/UnitOfWork$InputVisitor;)V 23 <appendix> member <vmtarget> ; # org/gradle/groovy/scripts/internal/GroovyScriptClassCompiler$GroovyScriptCompilationAndInstrumentation$$Lambda+0x000001793961cbe8
instanceKlass  @bci org/gradle/groovy/scripts/internal/GroovyScriptClassCompiler$GroovyScriptCompilationAndInstrumentation visitIdentityInputs (Lorg/gradle/internal/execution/UnitOfWork$InputVisitor;)V 9 <appendix> member <vmtarget> ; # org/gradle/groovy/scripts/internal/GroovyScriptClassCompiler$GroovyScriptCompilationAndInstrumentation$$Lambda+0x000001793961c9c8
instanceKlass  @bci org/gradle/internal/scripts/BuildScriptCompilationAndInstrumentation visitIdentityInputs (Lorg/gradle/internal/execution/UnitOfWork$InputVisitor;)V 12 <appendix> member <vmtarget> ; # org/gradle/internal/scripts/BuildScriptCompilationAndInstrumentation$$Lambda+0x000001793961c7a8
instanceKlass org/gradle/internal/execution/UnitOfWork$ValueSupplier
instanceKlass org/gradle/internal/execution/InputFingerprinter$Result
instanceKlass org/gradle/internal/execution/impl/DefaultInputFingerprinter$InputCollectingVisitor
instanceKlass org/gradle/api/internal/file/FileCollectionStructureVisitor$1
instanceKlass  @bci org/gradle/internal/execution/steps/IdentifyStep createIdentityContext (Lorg/gradle/internal/execution/UnitOfWork;Lorg/gradle/internal/execution/steps/ExecutionRequestContext;)Lorg/gradle/internal/execution/steps/IdentityContext; 24 <appendix> member <vmtarget> ; # org/gradle/internal/execution/steps/IdentifyStep$$Lambda+0x000001793961b590
instanceKlass  @bci org/gradle/internal/execution/WorkValidationContext$TypeOriginInspector <clinit> ()V 0 <appendix> argL0 ; # org/gradle/internal/execution/WorkValidationContext$TypeOriginInspector$$Lambda+0x000001793961a828
instanceKlass org/gradle/internal/execution/impl/DefaultWorkValidationContext
instanceKlass org/gradle/internal/execution/impl/DefaultExecutionEngine$1
instanceKlass org/gradle/internal/execution/UnitOfWork$WorkOutput
instanceKlass org/gradle/internal/instrumentation/reporting/listener/MethodInterceptionListener
instanceKlass org/gradle/internal/scripts/BuildScriptCompilationAndInstrumentation
instanceKlass org/gradle/internal/execution/ImmutableUnitOfWork
instanceKlass  @bci org/gradle/cache/internal/DefaultCrossBuildInMemoryCacheFactory$AbstractCrossBuildInMemoryCache getIfPresent (Ljava/lang/Object;)Ljava/lang/Object; 6 <appendix> member <vmtarget> ; # org/gradle/cache/internal/DefaultCrossBuildInMemoryCacheFactory$AbstractCrossBuildInMemoryCache$$Lambda+0x0000017939619098
instanceKlass org/gradle/groovy/scripts/internal/ScriptCacheKey
instanceKlass org/gradle/groovy/scripts/internal/NoDataCompileOperation
instanceKlass org/codehaus/groovy/control/CompilationUnit$SourceUnitOperation
instanceKlass org/codehaus/groovy/control/CompilationUnit$ISourceUnitOperation
instanceKlass org/codehaus/groovy/control/CompilationUnit$PhaseOperation
instanceKlass org/gradle/groovy/scripts/internal/Permits
instanceKlass org/codehaus/groovy/ast/GroovyCodeVisitor
instanceKlass org/gradle/plugin/use/internal/PluginUseScriptBlockMetadataCompiler
instanceKlass org/codehaus/groovy/ast/ASTNode
instanceKlass org/codehaus/groovy/ast/NodeMetaDataHandler
instanceKlass groovy/lang/groovydoc/GroovydocHolder
instanceKlass org/gradle/groovy/scripts/internal/InitialPassStatementTransformer
instanceKlass org/gradle/internal/resource/CachingTextResource
instanceKlass org/gradle/groovy/scripts/DelegatingScriptSource
instanceKlass org/gradle/groovy/scripts/DefaultScriptCompilerFactory$ScriptCompilerImpl
instanceKlass org/gradle/configuration/DefaultScriptTarget
instanceKlass  @bci org/gradle/configuration/DefaultScriptPluginFactory$ScriptPluginImpl apply (Ljava/lang/Object;)V 19 <appendix> member <vmtarget> ; # org/gradle/configuration/DefaultScriptPluginFactory$ScriptPluginImpl$$Lambda+0x000001793960c9f0
instanceKlass  @bci org/gradle/tooling/internal/provider/runner/PluginApplicationTracker started (Lorg/gradle/internal/operations/BuildOperationDescriptor;Lorg/gradle/internal/operations/OperationStartEvent;)V 79 <appendix> member <vmtarget> ; # org/gradle/tooling/internal/provider/runner/PluginApplicationTracker$$Lambda+0x0000017939610000
instanceKlass org/gradle/configuration/BuildOperationScriptPlugin$OperationDetails
instanceKlass org/gradle/configuration/BuildOperationScriptPlugin$1
instanceKlass org/gradle/internal/code/DefaultUserCodeApplicationContext$CurrentApplication
instanceKlass org/gradle/internal/code/UserCodeApplicationContext$Application
instanceKlass  @bci org/gradle/configuration/BuildOperationScriptPlugin apply (Ljava/lang/Object;)V 66 <appendix> member <vmtarget> ; # org/gradle/configuration/BuildOperationScriptPlugin$$Lambda+0x000001793960fb20
instanceKlass org/gradle/internal/code/UserCodeApplicationId
instanceKlass org/gradle/internal/code/DefaultUserCodeSource
instanceKlass org/gradle/configuration/BuildOperationScriptPlugin$2
instanceKlass org/gradle/internal/code/UserCodeSource
instanceKlass org/gradle/configuration/ApplyScriptPluginBuildOperationType$Result
instanceKlass org/gradle/configuration/BuildOperationScriptPlugin
instanceKlass org/gradle/api/Script
instanceKlass org/gradle/configuration/ScriptTarget
instanceKlass org/gradle/configuration/DefaultScriptPluginFactory$ScriptPluginImpl
instanceKlass org/gradle/internal/extensions/core/ScriptSourceExtensionsKt
instanceKlass  @bci org/gradle/api/internal/initialization/DefaultScriptHandler_Decorated $gradleInit ()V 1 <appendix> member <vmtarget> ; # org/gradle/api/internal/initialization/DefaultScriptHandler_Decorated$$Lambda+0x00000179396076f0
instanceKlass org/gradle/api/attributes/DocsType
instanceKlass org/gradle/api/internal/artifacts/JavaEcosystemAttributesDescriber
instanceKlass org/gradle/api/internal/artifacts/JavaEcosystemSupport$TargetJvmEnvironmentDisambiguationRules
instanceKlass org/gradle/api/internal/artifacts/JavaEcosystemSupport$TargetJvmEnvironmentCompatibilityRules
instanceKlass org/gradle/api/attributes/java/TargetJvmEnvironment
instanceKlass org/gradle/api/internal/attributes/DefaultOrderedDisambiguationRule
instanceKlass org/gradle/api/internal/attributes/DefaultOrderedCompatibilityRule
instanceKlass org/gradle/api/internal/attributes/AttributeMatchingRules
instanceKlass org/gradle/api/attributes/java/TargetJvmVersion
instanceKlass org/gradle/api/internal/artifacts/JavaEcosystemSupport$BundlingDisambiguationRules
instanceKlass org/gradle/api/internal/artifacts/JavaEcosystemSupport$BundlingCompatibilityRules
instanceKlass org/gradle/api/attributes/Bundling
instanceKlass  @bci org/gradle/api/internal/artifacts/JavaEcosystemSupport configureLibraryElements (Lorg/gradle/api/attributes/AttributesSchema;Lorg/gradle/api/model/ObjectFactory;)V 32 <appendix> member <vmtarget> ; # org/gradle/api/internal/artifacts/JavaEcosystemSupport$$Lambda+0x0000017939605e80
instanceKlass org/gradle/api/internal/artifacts/JavaEcosystemSupport$LibraryElementsDisambiguationRules
instanceKlass org/gradle/api/internal/artifacts/JavaEcosystemSupport$LibraryElementsCompatibilityRules
instanceKlass org/gradle/api/internal/artifacts/JavaEcosystemSupport$1
instanceKlass org/gradle/api/internal/artifacts/JavaEcosystemSupport$UsageDisambiguationRules
instanceKlass org/gradle/api/internal/artifacts/JavaEcosystemSupport$UsageCompatibilityRules
instanceKlass org/gradle/api/internal/artifacts/JavaEcosystemSupport
instanceKlass org/gradle/api/internal/initialization/ScriptClassPathResolutionContext
instanceKlass org/gradle/api/internal/initialization/DefaultScriptHandler
instanceKlass org/gradle/api/internal/DefaultMutationGuard$1
instanceKlass  @bci org/gradle/api/internal/artifacts/DefaultDependencyManagementServices newDetachedResolver (Lorg/gradle/api/internal/file/FileResolver;Lorg/gradle/api/internal/file/FileCollectionFactory;Lorg/gradle/api/internal/DomainObjectContext;)Lorg/gradle/api/internal/artifacts/DependencyResolutionServices; 69 <appendix> argL0 ; # org/gradle/api/internal/artifacts/DefaultDependencyManagementServices$$Lambda+0x00000179395ef6a8
instanceKlass  @bci org/gradle/api/internal/artifacts/configurations/DefaultConfigurationContainer_Decorated $gradleInit ()V 1 <appendix> member <vmtarget> ; # org/gradle/api/internal/artifacts/configurations/DefaultConfigurationContainer_Decorated$$Lambda+0x0000017939603d00
instanceKlass org/gradle/api/internal/artifacts/ivyservice/ResolutionParameters$FailureResolutions
instanceKlass org/gradle/api/internal/artifacts/LegacyResolutionParameters
instanceKlass org/gradle/api/internal/artifacts/ivyservice/moduleconverter/AdhocRootComponentProvider
# instanceKlass java/lang/invoke/LambdaForm$MH+0x000001793960c400
# instanceKlass java/lang/invoke/LambdaForm$MH+0x000001793960c000
# instanceKlass java/lang/invoke/LambdaForm$MH+0x00000179395fdc00
# instanceKlass java/lang/invoke/LambdaForm$MH+0x00000179395fd800
# instanceKlass java/lang/invoke/LambdaForm$MH+0x00000179395fd400
# instanceKlass java/lang/invoke/LambdaForm$MH+0x00000179395fd000
# instanceKlass java/lang/invoke/LambdaForm$MH+0x00000179395fcc00
# instanceKlass java/lang/invoke/LambdaForm$DMH+0x00000179395fc800
instanceKlass org/gradle/api/artifacts/ConsumableConfiguration
instanceKlass org/gradle/api/internal/artifacts/configurations/ConfigurationRole
instanceKlass org/gradle/api/artifacts/ResolvableConfiguration
instanceKlass org/gradle/api/artifacts/LegacyConfiguration
instanceKlass org/gradle/api/internal/file/AbstractFileCollection
instanceKlass org/gradle/api/internal/initialization/ResettableConfiguration
instanceKlass org/gradle/api/internal/artifacts/configurations/MutationValidator
instanceKlass org/gradle/api/internal/artifacts/configurations/ConfigurationInternal
instanceKlass org/gradle/internal/deprecation/DeprecatableConfiguration
instanceKlass org/gradle/api/artifacts/DependencyScopeConfiguration
# instanceKlass java/lang/invoke/LambdaForm$MH+0x00000179395fc400
# instanceKlass java/lang/invoke/LambdaForm$MH+0x00000179395fc000
# instanceKlass java/lang/invoke/LambdaForm$MH+0x00000179395fbc00
# instanceKlass java/lang/invoke/LambdaForm$MH+0x00000179395fb800
# instanceKlass java/lang/invoke/LambdaForm$MH+0x00000179395fb400
# instanceKlass java/lang/invoke/LambdaForm$MH+0x00000179395fb000
# instanceKlass java/lang/invoke/LambdaForm$MH+0x00000179395fac00
# instanceKlass java/lang/invoke/LambdaForm$MH+0x00000179395fa800
# instanceKlass java/lang/invoke/LambdaForm$MH+0x00000179395fa400
# instanceKlass java/lang/invoke/LambdaForm$MH+0x00000179395fa000
# instanceKlass java/lang/invoke/LambdaForm$MH+0x00000179395f9c00
# instanceKlass java/lang/invoke/LambdaForm$MH+0x00000179395f9800
# instanceKlass java/lang/invoke/LambdaForm$MH+0x00000179395f9400
# instanceKlass java/lang/invoke/LambdaForm$MH+0x00000179395f9000
# instanceKlass java/lang/invoke/LambdaForm$MH+0x00000179395f8c00
# instanceKlass java/lang/invoke/LambdaForm$MH+0x00000179395f8800
# instanceKlass java/lang/invoke/LambdaForm$MH+0x00000179395f8400
# instanceKlass java/lang/invoke/LambdaForm$MH+0x00000179395f8000
# instanceKlass java/lang/invoke/LambdaForm$MH+0x00000179395f7c00
# instanceKlass java/lang/invoke/LambdaForm$MH+0x00000179395f7800
# instanceKlass java/lang/invoke/LambdaForm$MH+0x00000179395f7400
instanceKlass  @bci org/gradle/api/internal/artifacts/dsl/DefaultComponentModuleMetadataHandler_Decorated $gradleInit ()V 1 <appendix> member <vmtarget> ; # org/gradle/api/internal/artifacts/dsl/DefaultComponentModuleMetadataHandler_Decorated$$Lambda+0x00000179395ed8f8
instanceKlass org/gradle/api/artifacts/ComponentModuleMetadataDetails
instanceKlass org/gradle/api/artifacts/ComponentModuleMetadata
instanceKlass org/gradle/api/internal/artifacts/dsl/ComponentModuleMetadataContainer
instanceKlass org/gradle/api/internal/artifacts/dsl/ImmutableModuleReplacements
instanceKlass org/gradle/api/internal/artifacts/dsl/DefaultComponentModuleMetadataHandler
instanceKlass org/gradle/api/internal/provider/DefaultMapProperty$NoValueSupplier
instanceKlass org/gradle/api/internal/provider/ValidatingMapEntryCollector
instanceKlass org/gradle/api/internal/provider/DefaultMapProperty$EmptySupplier
instanceKlass org/gradle/api/internal/provider/MapSupplier
instanceKlass org/gradle/api/internal/provider/MapCollector
instanceKlass org/gradle/api/internal/provider/MapEntryCollector
instanceKlass org/gradle/api/internal/attributes/AttributeEntry
# instanceKlass java/lang/invoke/LambdaForm$MH+0x00000179395f7000
# instanceKlass java/lang/invoke/LambdaForm$MH+0x00000179395f6c00
# instanceKlass java/lang/invoke/LambdaForm$MH+0x00000179395f6800
# instanceKlass java/lang/invoke/LambdaForm$MH+0x00000179395f6400
# instanceKlass java/lang/invoke/LambdaForm$MH+0x00000179395f6000
# instanceKlass java/lang/invoke/LambdaForm$MH+0x00000179395f5c00
# instanceKlass java/lang/invoke/LambdaForm$MH+0x00000179395f5800
# instanceKlass java/lang/invoke/LambdaForm$MH+0x00000179395f5400
# instanceKlass java/lang/invoke/LambdaForm$MH+0x00000179395f5000
# instanceKlass java/lang/invoke/LambdaForm$MH+0x00000179395f4c00
# instanceKlass java/lang/invoke/LambdaForm$MH+0x00000179395f4800
# instanceKlass java/lang/invoke/LambdaForm$MH+0x00000179395f4400
# instanceKlass java/lang/invoke/LambdaForm$MH+0x00000179395f4000
# instanceKlass java/lang/invoke/LambdaForm$MH+0x00000179395f3c00
# instanceKlass java/lang/invoke/LambdaForm$MH+0x00000179395f3800
# instanceKlass java/lang/invoke/LambdaForm$MH+0x00000179395f3400
# instanceKlass java/lang/invoke/LambdaForm$MH+0x00000179395f3000
# instanceKlass java/lang/invoke/LambdaForm$MH+0x00000179395f2c00
# instanceKlass java/lang/invoke/LambdaForm$MH+0x00000179395f2800
# instanceKlass java/lang/invoke/LambdaForm$MH+0x00000179395f2400
# instanceKlass java/lang/invoke/LambdaForm$MH+0x00000179395f2000
# instanceKlass java/lang/invoke/LambdaForm$MH+0x00000179395f1c00
# instanceKlass java/lang/invoke/LambdaForm$MH+0x00000179395f1800
# instanceKlass java/lang/invoke/LambdaForm$MH+0x00000179395f1400
# instanceKlass java/lang/invoke/LambdaForm$MH+0x00000179395f1000
# instanceKlass java/lang/invoke/LambdaForm$MH+0x00000179395f0c00
# instanceKlass java/lang/invoke/LambdaForm$MH+0x00000179395f0800
# instanceKlass java/lang/invoke/LambdaForm$MH+0x00000179395f0400
# instanceKlass java/lang/invoke/LambdaForm$MH+0x00000179395f0000
# instanceKlass java/lang/invoke/LambdaForm$MH+0x00000179395ebc00
# instanceKlass java/lang/invoke/LambdaForm$BMH+0x00000179395eb800
instanceKlass  @bci org/gradle/api/internal/artifacts/ivyservice/ResolutionExecutor <clinit> ()V 0 <appendix> argL0 ; # org/gradle/api/internal/artifacts/ivyservice/ResolutionExecutor$$Lambda+0x00000179395eccc0
instanceKlass  @bci org/gradle/api/internal/artifacts/DefaultDependencyManagementServices$DependencyResolutionScopeServices createComponentMetadataProcessorFactory (Lorg/gradle/api/internal/artifacts/dsl/ComponentMetadataHandlerInternal;Lorg/gradle/internal/management/DependencyResolutionManagementInternal;Lorg/gradle/api/internal/DomainObjectContext;)Lorg/gradle/api/internal/artifacts/ComponentMetadataProcessorFactory; 15 <appendix> member <vmtarget> ; # org/gradle/api/internal/artifacts/DefaultDependencyManagementServices$DependencyResolutionScopeServices$$Lambda+0x00000179395ecaa0
instanceKlass  @bci org/gradle/internal/component/external/model/JavaEcosystemVariantDerivationStrategy_Decorated $gradleInit ()V 1 <appendix> member <vmtarget> ; # org/gradle/internal/component/external/model/JavaEcosystemVariantDerivationStrategy_Decorated$$Lambda+0x00000179395ec880
instanceKlass org/gradle/internal/component/external/model/AbstractConfigurationMetadata
instanceKlass org/gradle/internal/component/external/model/ImmutableCapabilities
instanceKlass  @bci org/gradle/api/internal/artifacts/dsl/DefaultComponentMetadataHandler_Decorated $gradleInit ()V 1 <appendix> member <vmtarget> ; # org/gradle/api/internal/artifacts/dsl/DefaultComponentMetadataHandler_Decorated$$Lambda+0x00000179395e7368
instanceKlass org/gradle/internal/component/external/model/AbstractStatelessDerivationStrategy
instanceKlass org/gradle/api/internal/artifacts/dsl/MetadataRuleWrapper
instanceKlass org/gradle/api/artifacts/DependencyConstraintMetadata
instanceKlass org/gradle/api/internal/catalog/parser/StrictVersionParser
instanceKlass org/gradle/api/internal/notations/DependencyStringNotationConverter
instanceKlass org/gradle/api/internal/notations/DependencyMetadataNotationParser
instanceKlass org/gradle/api/internal/artifacts/repositories/resolver/AbstractDependencyImpl
instanceKlass org/gradle/api/artifacts/DirectDependencyMetadata
instanceKlass org/gradle/api/artifacts/DependencyMetadata
instanceKlass org/gradle/internal/rules/DefaultRuleActionAdapter
instanceKlass org/gradle/api/artifacts/maven/PomModuleDescriptor
instanceKlass org/gradle/api/artifacts/ivy/IvyModuleDescriptor
instanceKlass org/gradle/internal/rules/DefaultRuleActionValidator
# instanceKlass java/lang/invoke/LambdaForm$MH+0x00000179395eb400
# instanceKlass java/lang/invoke/LambdaForm$MH+0x00000179395eb000
# instanceKlass java/lang/invoke/LambdaForm$MH+0x00000179395eac00
# instanceKlass java/lang/invoke/LambdaForm$MH+0x00000179395ea800
# instanceKlass java/lang/invoke/LambdaForm$MH+0x00000179395ea400
# instanceKlass java/lang/invoke/LambdaForm$MH+0x00000179395ea000
# instanceKlass java/lang/invoke/LambdaForm$MH+0x00000179395e9c00
# instanceKlass java/lang/invoke/LambdaForm$MH+0x00000179395e9800
instanceKlass org/gradle/api/internal/artifacts/dsl/ComponentMetadataRuleContainer
instanceKlass org/gradle/internal/rules/SpecRuleAction
instanceKlass org/gradle/internal/rules/RuleAction
instanceKlass org/gradle/internal/component/external/model/VariantDerivationStrategy
instanceKlass org/gradle/api/internal/artifacts/dsl/SpecConfigurableRule
instanceKlass org/gradle/api/internal/artifacts/ComponentMetadataProcessor
instanceKlass org/gradle/internal/rules/RuleActionAdapter
instanceKlass org/gradle/internal/rules/RuleActionValidator
# instanceKlass java/lang/invoke/LambdaForm$MH+0x00000179395e9400
# instanceKlass java/lang/invoke/LambdaForm$MH+0x00000179395e9000
# instanceKlass java/lang/invoke/LambdaForm$MH+0x00000179395e8c00
# instanceKlass java/lang/invoke/LambdaForm$MH+0x00000179395e8800
# instanceKlass java/lang/invoke/LambdaForm$MH+0x00000179395e8400
# instanceKlass java/lang/invoke/LambdaForm$MH+0x00000179395e8000
# instanceKlass java/lang/invoke/LambdaForm$MH+0x00000179395e3c00
# instanceKlass java/lang/invoke/LambdaForm$MH+0x00000179395e3800
# instanceKlass java/lang/invoke/LambdaForm$MH+0x00000179395e3400
instanceKlass  @bci org/gradle/internal/resolve/caching/ComponentMetadataRuleExecutor getKeyToSnapshotableTransformer ()Lorg/gradle/api/Transformer; 0 <appendix> argL0 ; # org/gradle/internal/resolve/caching/ComponentMetadataRuleExecutor$$Lambda+0x00000179395e4000
instanceKlass  @bci org/gradle/internal/resolve/caching/ComponentMetadataRuleExecutor createValidator (Lorg/gradle/util/internal/BuildCommencedTimeProvider;)Lorg/gradle/internal/resolve/caching/CrossBuildCachingRuleExecutor$EntryValidator; 1 <appendix> member <vmtarget> ; # org/gradle/internal/resolve/caching/ComponentMetadataRuleExecutor$$Lambda+0x00000179395dfce0
# instanceKlass java/lang/invoke/LambdaForm$MH+0x00000179395e3000
# instanceKlass java/lang/invoke/LambdaForm$MH+0x00000179395e2c00
# instanceKlass java/lang/invoke/LambdaForm$MH+0x00000179395e2800
# instanceKlass java/lang/invoke/LambdaForm$MH+0x00000179395e2400
# instanceKlass java/lang/invoke/LambdaForm$MH+0x00000179395e2000
instanceKlass org/gradle/internal/component/external/model/ModuleDependencyMetadata
instanceKlass org/gradle/internal/component/model/ModuleConfigurationMetadata
instanceKlass org/gradle/internal/component/model/VariantResolveMetadata
instanceKlass org/gradle/internal/component/external/model/ExternalModuleVariantGraphResolveMetadata
instanceKlass org/gradle/internal/component/model/ConfigurationGraphResolveMetadata
instanceKlass org/gradle/internal/component/model/ConfigurationMetadata
instanceKlass org/gradle/internal/component/external/model/AbstractRealisedModuleResolveMetadataSerializationHelper
instanceKlass org/gradle/internal/component/external/model/VirtualComponentIdentifier
instanceKlass org/gradle/internal/component/external/model/ModuleComponentResolveMetadata
# instanceKlass java/lang/invoke/LambdaForm$MH+0x00000179395e1c00
# instanceKlass java/lang/invoke/LambdaForm$MH+0x00000179395e1800
# instanceKlass java/lang/invoke/LambdaForm$MH+0x00000179395e1400
# instanceKlass java/lang/invoke/LambdaForm$MH+0x00000179395e1000
# instanceKlass java/lang/invoke/LambdaForm$MH+0x00000179395e0c00
# instanceKlass java/lang/invoke/LambdaForm$MH+0x00000179395e0800
# instanceKlass java/lang/invoke/LambdaForm$MH+0x00000179395e0400
instanceKlass  @bci org/gradle/api/internal/artifacts/transform/ConsumerProvidedVariantFinder <init> (Lorg/gradle/api/internal/artifacts/VariantTransformRegistry;Lorg/gradle/api/internal/attributes/AttributesSchemaInternal;Lorg/gradle/api/internal/attributes/AttributesFactory;Lorg/gradle/api/internal/attributes/AttributeSchemaServices;)V 40 <appendix> member <vmtarget> ; # org/gradle/api/internal/artifacts/transform/ConsumerProvidedVariantFinder$$Lambda+0x00000179395de348
instanceKlass org/gradle/api/internal/artifacts/transform/ConsumerProvidedVariantFinder$TransformCache
instanceKlass  @bci org/gradle/api/internal/artifacts/transform/ConsumerProvidedVariantFinder <init> (Lorg/gradle/api/internal/artifacts/VariantTransformRegistry;Lorg/gradle/api/internal/attributes/AttributesSchemaInternal;Lorg/gradle/api/internal/attributes/AttributesFactory;Lorg/gradle/api/internal/attributes/AttributeSchemaServices;)V 21 <appendix> member <vmtarget> ; # org/gradle/api/internal/artifacts/transform/ConsumerProvidedVariantFinder$$Lambda+0x00000179395ddf20
# instanceKlass java/lang/invoke/LambdaForm$MH+0x00000179395e0000
instanceKlass org/gradle/api/internal/artifacts/dsl/dependencies/GradlePluginVariantsSupport$TargetGradleVersionDisambiguationRule
instanceKlass org/gradle/api/internal/attributes/DefaultCompatibilityRuleChain$ExceptionHandler
instanceKlass org/gradle/api/internal/artifacts/dsl/dependencies/GradlePluginVariantsSupport$TargetGradleVersionCompatibilityRule
instanceKlass org/gradle/api/attributes/AttributeCompatibilityRule
instanceKlass org/gradle/api/attributes/plugin/GradlePluginApiVersion
instanceKlass org/gradle/api/internal/attributes/DefaultDisambiguationRuleChain$ExceptionHandler
instanceKlass org/gradle/internal/action/DefaultConfigurableRules
instanceKlass org/gradle/internal/action/ConfigurableRules
instanceKlass org/gradle/internal/action/InstantiatingAction
instanceKlass org/gradle/api/artifacts/CacheableRule
instanceKlass org/gradle/api/internal/DefaultActionConfiguration
instanceKlass org/gradle/internal/action/DefaultConfigurableRule
instanceKlass  @bci org/gradle/api/internal/artifacts/dsl/dependencies/PlatformSupport configureCategoryDisambiguationRule (Lorg/gradle/api/attributes/AttributesSchema;)V 19 <appendix> member <vmtarget> ; # org/gradle/api/internal/artifacts/dsl/dependencies/PlatformSupport$$Lambda+0x00000179395dd1d8
instanceKlass org/gradle/api/ActionConfiguration
instanceKlass org/gradle/api/internal/artifacts/dsl/dependencies/PlatformSupport$ComponentCategoryDisambiguationRule
instanceKlass org/gradle/api/attributes/AttributeDisambiguationRule
instanceKlass  @bci org/gradle/api/internal/attributes/DefaultAttributeMatchingStrategy_Decorated $gradleInit ()V 1 <appendix> member <vmtarget> ; # org/gradle/api/internal/attributes/DefaultAttributeMatchingStrategy_Decorated$$Lambda+0x00000179395dcd78
instanceKlass  @bci org/gradle/api/internal/attributes/DefaultDisambiguationRuleChain_Decorated $gradleInit ()V 1 <appendix> member <vmtarget> ; # org/gradle/api/internal/attributes/DefaultDisambiguationRuleChain_Decorated$$Lambda+0x00000179395dcb58
instanceKlass  @bci org/gradle/api/internal/attributes/DefaultCompatibilityRuleChain_Decorated $gradleInit ()V 1 <appendix> member <vmtarget> ; # org/gradle/api/internal/attributes/DefaultCompatibilityRuleChain_Decorated$$Lambda+0x00000179395d7d78
instanceKlass org/gradle/internal/action/ConfigurableRule
instanceKlass org/gradle/internal/action/InstantiatingAction$ExceptionHandler
instanceKlass org/objectweb/asm/signature/SignatureVisitor
instanceKlass org/gradle/api/internal/attributes/DefaultCompatibilityRuleChain
instanceKlass org/gradle/api/internal/attributes/DefaultDisambiguationRuleChain
instanceKlass  @bci org/gradle/api/internal/attributes/DefaultAttributesSchema_Decorated $gradleInit ()V 1 <appendix> member <vmtarget> ; # org/gradle/api/internal/attributes/DefaultAttributesSchema_Decorated$$Lambda+0x00000179395d7698
instanceKlass org/gradle/api/internal/attributes/DefaultAttributeMatchingStrategy
instanceKlass org/gradle/api/internal/attributes/DefaultAttributesSchema
instanceKlass org/gradle/api/attributes/Category$Impl
instanceKlass org/gradle/api/attributes/Category
instanceKlass org/gradle/api/artifacts/transform/TransformParameters$None
instanceKlass org/gradle/api/artifacts/transform/TransformParameters
instanceKlass org/gradle/api/artifacts/transform/TransformAction
instanceKlass org/gradle/api/internal/artifacts/transform/DefaultVariantTransformRegistry
# instanceKlass java/lang/invoke/LambdaForm$MH+0x00000179395d6c00
# instanceKlass java/lang/invoke/LambdaForm$MH+0x00000179395d6800
# instanceKlass java/lang/invoke/LambdaForm$MH+0x00000179395d6400
# instanceKlass java/lang/invoke/LambdaForm$MH+0x00000179395d6000
# instanceKlass java/lang/invoke/LambdaForm$MH+0x00000179395d5c00
# instanceKlass java/lang/invoke/LambdaForm$MH+0x00000179395d5800
# instanceKlass java/lang/invoke/LambdaForm$MH+0x00000179395d5400
instanceKlass org/gradle/api/internal/artifacts/TransformRegistration
instanceKlass org/gradle/internal/properties/PropertyVisitor
instanceKlass org/gradle/api/internal/artifacts/transform/DefaultTransformRegistrationFactory
# instanceKlass java/lang/invoke/LambdaForm$MH+0x00000179395d5000
# instanceKlass java/lang/invoke/LambdaForm$MH+0x00000179395d4c00
# instanceKlass java/lang/invoke/LambdaForm$MH+0x00000179395d4800
# instanceKlass java/lang/invoke/LambdaForm$MH+0x00000179395d4400
# instanceKlass java/lang/invoke/LambdaForm$MH+0x00000179395d4000
# instanceKlass java/lang/invoke/LambdaForm$MH+0x00000179395d3c00
# instanceKlass java/lang/invoke/LambdaForm$MH+0x00000179395d3800
# instanceKlass java/lang/invoke/LambdaForm$MH+0x00000179395d3400
# instanceKlass java/lang/invoke/LambdaForm$MH+0x00000179395d3000
# instanceKlass java/lang/invoke/LambdaForm$MH+0x00000179395d2c00
# instanceKlass java/lang/invoke/LambdaForm$MH+0x00000179395d2800
# instanceKlass java/lang/invoke/LambdaForm$MH+0x00000179395d2400
instanceKlass org/gradle/api/internal/artifacts/transform/DefaultTransformInvocationFactory
# instanceKlass java/lang/invoke/LambdaForm$MH+0x00000179395d2000
# instanceKlass java/lang/invoke/LambdaForm$MH+0x00000179395d1c00
# instanceKlass java/lang/invoke/LambdaForm$MH+0x00000179395d1800
# instanceKlass java/lang/invoke/LambdaForm$MH+0x00000179395d1400
# instanceKlass java/lang/invoke/LambdaForm$MH+0x00000179395d1000
# instanceKlass java/lang/invoke/LambdaForm$MH+0x00000179395d0c00
# instanceKlass java/lang/invoke/LambdaForm$MH+0x00000179395d0800
# instanceKlass java/lang/invoke/LambdaForm$MH+0x00000179395d0400
# instanceKlass java/lang/invoke/LambdaForm$MH+0x00000179395d0000
# instanceKlass java/lang/invoke/LambdaForm$MH+0x00000179395cec00
instanceKlass org/gradle/api/internal/artifacts/DefaultDependencyManagementServices$TransformGradleUserHomeServices$1
instanceKlass org/gradle/api/internal/artifacts/DependencyManagementGradleUserHomeScopeServices$3
instanceKlass org/gradle/cache/ManualEvictionInMemoryCache
instanceKlass org/gradle/cache/internal/DefaultCrossBuildInMemoryCacheFactory$CrossBuildCacheRetainingDataFromPreviousBuild
instanceKlass  @bci org/gradle/api/internal/artifacts/DependencyManagementGradleUserHomeScopeServices createTransformWorkspaceServices (Lorg/gradle/cache/scopes/GlobalScopedCacheBuilderFactory;Lorg/gradle/cache/internal/CrossBuildInMemoryCacheFactory;Lorg/gradle/internal/file/FileAccessTimeJournal;Lorg/gradle/api/internal/cache/CacheConfigurationsInternal;Lorg/gradle/cache/CacheCleanupStrategyFactory;Lorg/gradle/cache/UnscopedCacheBuilderFactory;)Lorg/gradle/api/internal/artifacts/transform/ImmutableTransformWorkspaceServices; 22 <appendix> argL0 ; # org/gradle/api/internal/artifacts/DependencyManagementGradleUserHomeScopeServices$$Lambda+0x00000179395c7a20
# instanceKlass java/lang/invoke/LambdaForm$MH+0x00000179395ce800
# instanceKlass java/lang/invoke/LambdaForm$MH+0x00000179395ce400
# instanceKlass java/lang/invoke/LambdaForm$MH+0x00000179395ce000
# instanceKlass java/lang/invoke/LambdaForm$MH+0x00000179395cdc00
# instanceKlass java/lang/invoke/LambdaForm$MH+0x00000179395cd800
# instanceKlass java/lang/invoke/LambdaForm$MH+0x00000179395cd400
# instanceKlass java/lang/invoke/LambdaForm$MH+0x00000179395cd000
# instanceKlass java/lang/invoke/LambdaForm$MH+0x00000179395ccc00
instanceKlass org/gradle/api/internal/artifacts/ivyservice/CacheExpirationControl$Expiry
instanceKlass org/gradle/api/artifacts/component/ModuleComponentSelector
# instanceKlass java/lang/invoke/LambdaForm$MH+0x00000179395cc800
# instanceKlass java/lang/invoke/LambdaForm$MH+0x00000179395cc400
# instanceKlass java/lang/invoke/LambdaForm$MH+0x00000179395cc000
# instanceKlass java/lang/invoke/LambdaForm$MH+0x00000179395cbc00
# instanceKlass java/lang/invoke/LambdaForm$MH+0x00000179395cb800
# instanceKlass java/lang/invoke/LambdaForm$MH+0x00000179395cb400
# instanceKlass java/lang/invoke/LambdaForm$MH+0x00000179395cb000
# instanceKlass java/lang/invoke/LambdaForm$MH+0x00000179395cac00
# instanceKlass java/lang/invoke/LambdaForm$MH+0x00000179395ca800
# instanceKlass java/lang/invoke/LambdaForm$MH+0x00000179395ca400
# instanceKlass java/lang/invoke/LambdaForm$MH+0x00000179395ca000
# instanceKlass java/lang/invoke/LambdaForm$MH+0x00000179395c9c00
# instanceKlass java/lang/invoke/LambdaForm$MH+0x00000179395c9800
# instanceKlass java/lang/invoke/LambdaForm$MH+0x00000179395c9400
# instanceKlass java/lang/invoke/LambdaForm$MH+0x00000179395c9000
# instanceKlass java/lang/invoke/LambdaForm$BMH+0x00000179395c8c00
instanceKlass org/gradle/internal/resolve/caching/CrossBuildCachingRuleExecutor$AnySerializer
instanceKlass  @bci org/gradle/internal/resolve/caching/ComponentMetadataSupplierRuleExecutor createValidator (Lorg/gradle/util/internal/BuildCommencedTimeProvider;)Lorg/gradle/internal/resolve/caching/CrossBuildCachingRuleExecutor$EntryValidator; 1 <appendix> member <vmtarget> ; # org/gradle/internal/resolve/caching/ComponentMetadataSupplierRuleExecutor$$Lambda+0x00000179395c6f60
instanceKlass org/gradle/internal/resolve/caching/CrossBuildCachingRuleExecutor$CachedEntry
instanceKlass org/gradle/api/internal/artifacts/ivyservice/CacheExpirationControl
instanceKlass org/gradle/internal/resolve/caching/CrossBuildCachingRuleExecutor$EntryValidator
instanceKlass  @bci org/gradle/internal/resolve/caching/ComponentMetadataSupplierRuleExecutor <clinit> ()V 0 <appendix> argL0 ; # org/gradle/internal/resolve/caching/ComponentMetadataSupplierRuleExecutor$$Lambda+0x00000179395c6730
instanceKlass org/gradle/api/artifacts/ResolvedModuleVersion
instanceKlass org/gradle/internal/resolve/caching/ImplicitInputRecorder
instanceKlass org/gradle/api/internal/artifacts/DependencyManagementBuildScopeServices$1
# instanceKlass java/lang/invoke/LambdaForm$MH+0x00000179395c8800
# instanceKlass java/lang/invoke/LambdaForm$MH+0x00000179395c8400
# instanceKlass java/lang/invoke/LambdaForm$MH+0x00000179395c8000
# instanceKlass java/lang/invoke/LambdaForm$MH+0x00000179395c3c00
# instanceKlass java/lang/invoke/LambdaForm$MH+0x00000179395c3800
# instanceKlass java/lang/invoke/LambdaForm$MH+0x00000179395c3400
instanceKlass org/gradle/api/artifacts/ComponentMetadata
instanceKlass org/gradle/api/internal/artifacts/ivyservice/modulecache/ResolvedArtifactCaches
instanceKlass org/gradle/api/internal/artifacts/ivyservice/modulecache/artifacts/InMemoryModuleArtifactCache
instanceKlass  @bci org/gradle/api/internal/artifacts/DependencyManagementBuildTreeScopeServices createModuleRepositoryCacheProvider (Lorg/gradle/util/internal/BuildCommencedTimeProvider;Lorg/gradle/api/internal/artifacts/ImmutableModuleIdentifierFactory;Lorg/gradle/api/internal/artifacts/ivyservice/ArtifactCachesProvider;Lorg/gradle/api/internal/artifacts/ivyservice/resolveengine/result/AttributeContainerSerializer;Lorg/gradle/api/internal/artifacts/capability/CapabilitySelectorSerializer;Lorg/gradle/api/internal/artifacts/repositories/metadata/MavenMutableModuleMetadataFactory;Lorg/gradle/api/internal/artifacts/repositories/metadata/IvyMutableModuleMetadataFactory;Lorg/gradle/util/internal/SimpleMapInterner;Lorg/gradle/api/internal/artifacts/ivyservice/modulecache/FileStoreAndIndexProvider;Lorg/gradle/api/internal/artifacts/ivyservice/modulecache/ModuleSourcesSerializer;Lorg/gradle/internal/hash/ChecksumService;)Lorg/gradle/api/internal/artifacts/ivyservice/modulecache/ModuleRepositoryCacheProvider; 167 <appendix> membe ; # org/gradle/api/internal/artifacts/DependencyManagementBuildTreeScopeServices$$Lambda+0x00000179395c5c48
instanceKlass  @bci org/gradle/api/internal/artifacts/DependencyManagementBuildTreeScopeServices createModuleRepositoryCacheProvider (Lorg/gradle/util/internal/BuildCommencedTimeProvider;Lorg/gradle/api/internal/artifacts/ImmutableModuleIdentifierFactory;Lorg/gradle/api/internal/artifacts/ivyservice/ArtifactCachesProvider;Lorg/gradle/api/internal/artifacts/ivyservice/resolveengine/result/AttributeContainerSerializer;Lorg/gradle/api/internal/artifacts/capability/CapabilitySelectorSerializer;Lorg/gradle/api/internal/artifacts/repositories/metadata/MavenMutableModuleMetadataFactory;Lorg/gradle/api/internal/artifacts/repositories/metadata/IvyMutableModuleMetadataFactory;Lorg/gradle/util/internal/SimpleMapInterner;Lorg/gradle/api/internal/artifacts/ivyservice/modulecache/FileStoreAndIndexProvider;Lorg/gradle/api/internal/artifacts/ivyservice/modulecache/ModuleSourcesSerializer;Lorg/gradle/internal/hash/ChecksumService;)Lorg/gradle/api/internal/artifacts/ivyservice/modulecache/ModuleRepositoryCacheProvider; 140 <appendix> membe ; # org/gradle/api/internal/artifacts/DependencyManagementBuildTreeScopeServices$$Lambda+0x00000179395c5a08
instanceKlass  @bci org/gradle/api/internal/artifacts/DependencyManagementBuildTreeScopeServices createModuleRepositoryCacheProvider (Lorg/gradle/util/internal/BuildCommencedTimeProvider;Lorg/gradle/api/internal/artifacts/ImmutableModuleIdentifierFactory;Lorg/gradle/api/internal/artifacts/ivyservice/ArtifactCachesProvider;Lorg/gradle/api/internal/artifacts/ivyservice/resolveengine/result/AttributeContainerSerializer;Lorg/gradle/api/internal/artifacts/capability/CapabilitySelectorSerializer;Lorg/gradle/api/internal/artifacts/repositories/metadata/MavenMutableModuleMetadataFactory;Lorg/gradle/api/internal/artifacts/repositories/metadata/IvyMutableModuleMetadataFactory;Lorg/gradle/util/internal/SimpleMapInterner;Lorg/gradle/api/internal/artifacts/ivyservice/modulecache/FileStoreAndIndexProvider;Lorg/gradle/api/internal/artifacts/ivyservice/modulecache/ModuleSourcesSerializer;Lorg/gradle/internal/hash/ChecksumService;)Lorg/gradle/api/internal/artifacts/ivyservice/modulecache/ModuleRepositoryCacheProvider; 114 <appendix> membe ; # org/gradle/api/internal/artifacts/DependencyManagementBuildTreeScopeServices$$Lambda+0x00000179395c57c8
instanceKlass  @bci org/gradle/api/internal/artifacts/DependencyManagementBuildTreeScopeServices createModuleRepositoryCacheProvider (Lorg/gradle/util/internal/BuildCommencedTimeProvider;Lorg/gradle/api/internal/artifacts/ImmutableModuleIdentifierFactory;Lorg/gradle/api/internal/artifacts/ivyservice/ArtifactCachesProvider;Lorg/gradle/api/internal/artifacts/ivyservice/resolveengine/result/AttributeContainerSerializer;Lorg/gradle/api/internal/artifacts/capability/CapabilitySelectorSerializer;Lorg/gradle/api/internal/artifacts/repositories/metadata/MavenMutableModuleMetadataFactory;Lorg/gradle/api/internal/artifacts/repositories/metadata/IvyMutableModuleMetadataFactory;Lorg/gradle/util/internal/SimpleMapInterner;Lorg/gradle/api/internal/artifacts/ivyservice/modulecache/FileStoreAndIndexProvider;Lorg/gradle/api/internal/artifacts/ivyservice/modulecache/ModuleSourcesSerializer;Lorg/gradle/internal/hash/ChecksumService;)Lorg/gradle/api/internal/artifacts/ivyservice/modulecache/ModuleRepositoryCacheProvider; 88 <appendix> member ; # org/gradle/api/internal/artifacts/DependencyManagementBuildTreeScopeServices$$Lambda+0x00000179395c5588
instanceKlass  @bci org/gradle/api/internal/artifacts/DependencyManagementBuildTreeScopeServices createModuleRepositoryCacheProvider (Lorg/gradle/util/internal/BuildCommencedTimeProvider;Lorg/gradle/api/internal/artifacts/ImmutableModuleIdentifierFactory;Lorg/gradle/api/internal/artifacts/ivyservice/ArtifactCachesProvider;Lorg/gradle/api/internal/artifacts/ivyservice/resolveengine/result/AttributeContainerSerializer;Lorg/gradle/api/internal/artifacts/capability/CapabilitySelectorSerializer;Lorg/gradle/api/internal/artifacts/repositories/metadata/MavenMutableModuleMetadataFactory;Lorg/gradle/api/internal/artifacts/repositories/metadata/IvyMutableModuleMetadataFactory;Lorg/gradle/util/internal/SimpleMapInterner;Lorg/gradle/api/internal/artifacts/ivyservice/modulecache/FileStoreAndIndexProvider;Lorg/gradle/api/internal/artifacts/ivyservice/modulecache/ModuleSourcesSerializer;Lorg/gradle/internal/hash/ChecksumService;)Lorg/gradle/api/internal/artifacts/ivyservice/modulecache/ModuleRepositoryCacheProvider; 71 <adapter> ; # java/lang/invoke/LambdaForm$MH+0x00000179395c3000
instanceKlass  @bci org/gradle/api/internal/artifacts/DependencyManagementBuildTreeScopeServices createModuleRepositoryCacheProvider (Lorg/gradle/util/internal/BuildCommencedTimeProvider;Lorg/gradle/api/internal/artifacts/ImmutableModuleIdentifierFactory;Lorg/gradle/api/internal/artifacts/ivyservice/ArtifactCachesProvider;Lorg/gradle/api/internal/artifacts/ivyservice/resolveengine/result/AttributeContainerSerializer;Lorg/gradle/api/internal/artifacts/capability/CapabilitySelectorSerializer;Lorg/gradle/api/internal/artifacts/repositories/metadata/MavenMutableModuleMetadataFactory;Lorg/gradle/api/internal/artifacts/repositories/metadata/IvyMutableModuleMetadataFactory;Lorg/gradle/util/internal/SimpleMapInterner;Lorg/gradle/api/internal/artifacts/ivyservice/modulecache/FileStoreAndIndexProvider;Lorg/gradle/api/internal/artifacts/ivyservice/modulecache/ModuleSourcesSerializer;Lorg/gradle/internal/hash/ChecksumService;)Lorg/gradle/api/internal/artifacts/ivyservice/modulecache/ModuleRepositoryCacheProvider; 71 <appendix> member ; # org/gradle/api/internal/artifacts/DependencyManagementBuildTreeScopeServices$$Lambda+0x00000179395c5358
instanceKlass org/gradle/api/internal/artifacts/ivyservice/modulecache/artifacts/DefaultModuleArtifactCache$CachedArtifactSerializer
instanceKlass org/gradle/api/internal/artifacts/ivyservice/modulecache/artifacts/DefaultModuleArtifactCache$ArtifactAtRepositoryKeySerializer
instanceKlass org/gradle/api/internal/artifacts/ivyservice/modulecache/artifacts/CachedArtifact
instanceKlass org/gradle/api/internal/artifacts/ivyservice/modulecache/artifacts/CachedArtifacts
instanceKlass org/gradle/api/internal/artifacts/ivyservice/modulecache/ModuleMetadataSerializer
instanceKlass org/gradle/api/internal/artifacts/ivyservice/modulecache/ModuleMetadataStore
instanceKlass org/gradle/api/internal/artifacts/ivyservice/modulecache/ModuleMetadataCache$CachedMetadata
instanceKlass org/gradle/api/internal/artifacts/ivyservice/modulecache/dynamicversions/ModuleVersionsCache$CachedModuleVersionList
instanceKlass  @bci org/gradle/api/internal/artifacts/DependencyManagementBuildTreeScopeServices createModuleRepositoryCacheProvider (Lorg/gradle/util/internal/BuildCommencedTimeProvider;Lorg/gradle/api/internal/artifacts/ImmutableModuleIdentifierFactory;Lorg/gradle/api/internal/artifacts/ivyservice/ArtifactCachesProvider;Lorg/gradle/api/internal/artifacts/ivyservice/resolveengine/result/AttributeContainerSerializer;Lorg/gradle/api/internal/artifacts/capability/CapabilitySelectorSerializer;Lorg/gradle/api/internal/artifacts/repositories/metadata/MavenMutableModuleMetadataFactory;Lorg/gradle/api/internal/artifacts/repositories/metadata/IvyMutableModuleMetadataFactory;Lorg/gradle/util/internal/SimpleMapInterner;Lorg/gradle/api/internal/artifacts/ivyservice/modulecache/FileStoreAndIndexProvider;Lorg/gradle/api/internal/artifacts/ivyservice/modulecache/ModuleSourcesSerializer;Lorg/gradle/internal/hash/ChecksumService;)Lorg/gradle/api/internal/artifacts/ivyservice/modulecache/ModuleRepositoryCacheProvider; 26 <appendix> member ; # org/gradle/api/internal/artifacts/DependencyManagementBuildTreeScopeServices$$Lambda+0x00000179395c4000
# instanceKlass java/lang/invoke/LambdaForm$MH+0x00000179395c2c00
# instanceKlass java/lang/invoke/LambdaForm$MH+0x00000179395c2800
# instanceKlass java/lang/invoke/LambdaForm$MH+0x00000179395c2400
# instanceKlass java/lang/invoke/LambdaForm$MH+0x00000179395c2000
# instanceKlass java/lang/invoke/LambdaForm$MH+0x00000179395c1c00
# instanceKlass java/lang/invoke/LambdaForm$MH+0x00000179395c1800
# instanceKlass java/lang/invoke/LambdaForm$MH+0x00000179395c1400
# instanceKlass java/lang/invoke/LambdaForm$MH+0x00000179395c1000
# instanceKlass java/lang/invoke/LambdaForm$MH+0x00000179395c0c00
# instanceKlass java/lang/invoke/LambdaForm$MH+0x00000179395c0800
# instanceKlass java/lang/invoke/LambdaForm$MH+0x00000179395c0400
# instanceKlass java/lang/invoke/LambdaForm$MH+0x00000179395c0000
instanceKlass org/gradle/internal/component/model/ModuleSources
instanceKlass org/gradle/api/internal/artifacts/ivyservice/ivyresolve/ModuleDescriptorHashCodec
instanceKlass org/gradle/api/internal/artifacts/repositories/metadata/MetadataFileSource
instanceKlass org/gradle/internal/component/model/PersistentModuleSource
instanceKlass org/gradle/internal/component/model/ModuleSource
instanceKlass org/gradle/api/internal/artifacts/repositories/metadata/DefaultMetadataFileSourceCodec
instanceKlass org/gradle/internal/component/model/PersistentModuleSource$Codec
# instanceKlass java/lang/invoke/LambdaForm$MH+0x00000179395bb800
instanceKlass it/unimi/dsi/fastutil/longs/Long2ObjectFunctions$SynchronizedFunction
instanceKlass it/unimi/dsi/fastutil/longs/Long2ObjectMaps
instanceKlass org/gradle/api/internal/artifacts/DependencyManagementBuildScopeServices$2
instanceKlass  @bci org/gradle/api/internal/artifacts/ivyservice/ivyresolve/verification/DependencyVerificationOverride <clinit> ()V 0 <appendix> argL0 ; # org/gradle/api/internal/artifacts/ivyservice/ivyresolve/verification/DependencyVerificationOverride$$Lambda+0x00000179395b2e08
instanceKlass  @bci org/gradle/api/internal/artifacts/DependencyManagementBuildScopeServices createDependencyVerificationOverride (Lorg/gradle/api/internal/artifacts/ivyservice/ivyresolve/StartParameterResolutionOverride;Lorg/gradle/internal/operations/BuildOperationExecutor;Lorg/gradle/internal/hash/ChecksumService;Lorg/gradle/api/internal/artifacts/verification/signatures/SignatureVerificationServiceFactory;Lorg/gradle/api/internal/DocumentationRegistry;Lorg/gradle/internal/event/ListenerManager;Lorg/gradle/util/internal/BuildCommencedTimeProvider;Lorg/gradle/internal/service/ServiceRegistry;)Lorg/gradle/api/internal/artifacts/ivyservice/ivyresolve/verification/DependencyVerificationOverride; 11 <appendix> member <vmtarget> ; # org/gradle/api/internal/artifacts/DependencyManagementBuildScopeServices$$Lambda+0x00000179395b2be8
# instanceKlass java/lang/invoke/LambdaForm$MH+0x00000179395bb400
# instanceKlass java/lang/invoke/LambdaForm$MH+0x00000179395bb000
# instanceKlass java/lang/invoke/LambdaForm$MH+0x00000179395bac00
# instanceKlass java/lang/invoke/LambdaForm$MH+0x00000179395ba800
# instanceKlass java/lang/invoke/LambdaForm$MH+0x00000179395ba400
# instanceKlass java/lang/invoke/LambdaForm$MH+0x00000179395ba000
# instanceKlass java/lang/invoke/LambdaForm$MH+0x00000179395b9c00
# instanceKlass java/lang/invoke/LambdaForm$MH+0x00000179395b9800
# instanceKlass java/lang/invoke/LambdaForm$MH+0x00000179395b9400
instanceKlass org/gradle/api/internal/artifacts/verification/signatures/SignatureVerificationService
instanceKlass org/gradle/security/internal/PublicKeyService
instanceKlass org/gradle/api/internal/artifacts/verification/signatures/DefaultSignatureVerificationServiceFactory
# instanceKlass java/lang/invoke/LambdaForm$MH+0x00000179395b9000
# instanceKlass java/lang/invoke/LambdaForm$MH+0x00000179395b8c00
# instanceKlass java/lang/invoke/LambdaForm$MH+0x00000179395b8800
# instanceKlass java/lang/invoke/LambdaForm$MH+0x00000179395b8400
# instanceKlass java/lang/invoke/LambdaForm$MH+0x00000179395b8000
# instanceKlass java/lang/invoke/LambdaForm$MH+0x00000179395b7c00
# instanceKlass java/lang/invoke/LambdaForm$MH+0x00000179395b7800
# instanceKlass java/lang/invoke/LambdaForm$MH+0x00000179395b7400
instanceKlass org/gradle/api/internal/artifacts/ivyservice/resolveengine/store/StoreSet
# instanceKlass java/lang/invoke/LambdaForm$MH+0x00000179395b7000
# instanceKlass java/lang/invoke/LambdaForm$MH+0x00000179395b6c00
# instanceKlass java/lang/invoke/LambdaForm$MH+0x00000179395b6800
# instanceKlass java/lang/invoke/LambdaForm$MH+0x00000179395b6400
# instanceKlass java/lang/invoke/LambdaForm$MH+0x00000179395b6000
# instanceKlass java/lang/invoke/LambdaForm$MH+0x00000179395b5c00
# instanceKlass java/lang/invoke/LambdaForm$MH+0x00000179395b5800
# instanceKlass java/lang/invoke/LambdaForm$MH+0x00000179395b5400
# instanceKlass java/lang/invoke/LambdaForm$MH+0x00000179395b5000
# instanceKlass java/lang/invoke/LambdaForm$MH+0x00000179395b4c00
# instanceKlass java/lang/invoke/LambdaForm$MH+0x00000179395b4800
# instanceKlass java/lang/invoke/LambdaForm$MH+0x00000179395b4400
# instanceKlass java/lang/invoke/LambdaForm$MH+0x00000179395b4000
instanceKlass  @bci org/gradle/api/internal/artifacts/ivyservice/resolveengine/graph/builder/DependencyGraphBuilder <clinit> ()V 8 <appendix> argL0 ; # org/gradle/api/internal/artifacts/ivyservice/resolveengine/graph/builder/DependencyGraphBuilder$$Lambda+0x00000179395b21c0
instanceKlass  @bci org/gradle/api/internal/artifacts/ivyservice/resolveengine/graph/builder/DependencyGraphBuilder <clinit> ()V 0 <appendix> argL0 ; # org/gradle/api/internal/artifacts/ivyservice/resolveengine/graph/builder/DependencyGraphBuilder$$Lambda+0x00000179395b1fa8
instanceKlass org/gradle/api/internal/artifacts/ivyservice/resolveengine/graph/builder/EdgeState
instanceKlass org/gradle/api/internal/artifacts/ivyservice/resolveengine/graph/DependencyGraphEdge
instanceKlass org/gradle/api/internal/artifacts/ivyservice/resolveengine/graph/ResolvedGraphDependency
instanceKlass  @bci org/gradle/api/internal/artifacts/dsl/dependencies/TargetJVMVersionOnLibraryTooNewFailureDescriber$Inject_ $gradleInit ()V 1 <appendix> member <vmtarget> ; # org/gradle/api/internal/artifacts/dsl/dependencies/TargetJVMVersionOnLibraryTooNewFailureDescriber$Inject_$$Lambda+0x00000179395b15d8
instanceKlass  @bci org/gradle/api/internal/artifacts/dsl/dependencies/TargetJVMVersionOnPluginTooNewFailureDescriber$Inject_ $gradleInit ()V 1 <appendix> member <vmtarget> ; # org/gradle/api/internal/artifacts/dsl/dependencies/TargetJVMVersionOnPluginTooNewFailureDescriber$Inject_$$Lambda+0x00000179395b0dc0
instanceKlass  @bci org/gradle/api/internal/artifacts/dsl/dependencies/NewerGradleNeededByPluginFailureDescriber$Inject_ $gradleInit ()V 1 <appendix> member <vmtarget> ; # org/gradle/api/internal/artifacts/dsl/dependencies/NewerGradleNeededByPluginFailureDescriber$Inject_$$Lambda+0x00000179395afdc8
instanceKlass org/gradle/api/internal/artifacts/dsl/dependencies/GradlePluginVariantsSupport
instanceKlass  @bci org/gradle/internal/component/resolution/failure/ResolutionFailureHandler configureAdditionalDataBuilder (Lorg/gradle/api/problems/internal/AdditionalDataBuilderFactory;)V 12 <appendix> argL0 ; # org/gradle/internal/component/resolution/failure/ResolutionFailureHandler$$Lambda+0x00000179395af970
instanceKlass org/gradle/api/problems/internal/AdditionalDataBuilder
instanceKlass org/gradle/api/problems/internal/ResolutionFailureDataSpec
instanceKlass  @bci org/gradle/internal/component/resolution/failure/describer/UnknownArtifactSelectionFailureDescriber$Inject_ $gradleInit ()V 1 <appendix> member <vmtarget> ; # org/gradle/internal/component/resolution/failure/describer/UnknownArtifactSelectionFailureDescriber$Inject_$$Lambda+0x00000179395af558
instanceKlass  @bci org/gradle/internal/component/resolution/failure/describer/AmbiguousArtifactTransformsFailureDescriber$Inject_ $gradleInit ()V 1 <appendix> member <vmtarget> ; # org/gradle/internal/component/resolution/failure/describer/AmbiguousArtifactTransformsFailureDescriber$Inject_$$Lambda+0x00000179395aeae8
instanceKlass org/gradle/internal/component/resolution/failure/transform/TransformData
instanceKlass org/gradle/internal/component/resolution/failure/transform/SourceVariantData
instanceKlass org/gradle/internal/component/resolution/failure/transform/TransformationChainData
instanceKlass  @bci org/gradle/internal/component/resolution/failure/describer/IncompatibleMultipleNodesValidationFailureDescriber$Inject_ $gradleInit ()V 1 <appendix> member <vmtarget> ; # org/gradle/internal/component/resolution/failure/describer/IncompatibleMultipleNodesValidationFailureDescriber$Inject_$$Lambda+0x00000179395ada60
instanceKlass org/gradle/internal/component/resolution/failure/interfaces/GraphNodesValidationFailure
instanceKlass org/gradle/internal/component/resolution/failure/interfaces/GraphValidationFailure
instanceKlass  @bci org/gradle/internal/component/resolution/failure/describer/NoCompatibleArtifactFailureDescriber$Inject_ $gradleInit ()V 1 <appendix> member <vmtarget> ; # org/gradle/internal/component/resolution/failure/describer/NoCompatibleArtifactFailureDescriber$Inject_$$Lambda+0x00000179395ac950
instanceKlass  @bci org/gradle/internal/component/resolution/failure/describer/AmbiguousArtifactsFailureDescriber$Inject_ $gradleInit ()V 1 <appendix> member <vmtarget> ; # org/gradle/internal/component/resolution/failure/describer/AmbiguousArtifactsFailureDescriber$Inject_$$Lambda+0x00000179395abf28
instanceKlass org/gradle/internal/component/resolution/failure/interfaces/ArtifactSelectionFailure
instanceKlass  @bci org/gradle/internal/component/resolution/failure/describer/NoVariantsWithMatchingCapabilitiesFailureDescriber$Inject_ $gradleInit ()V 1 <appendix> member <vmtarget> ; # org/gradle/internal/component/resolution/failure/describer/NoVariantsWithMatchingCapabilitiesFailureDescriber$Inject_$$Lambda+0x00000179395aadd0
instanceKlass  @bci org/gradle/internal/component/resolution/failure/describer/ConfigurationDoesNotExistFailureDescriber$Inject_ $gradleInit ()V 1 <appendix> member <vmtarget> ; # org/gradle/internal/component/resolution/failure/describer/ConfigurationDoesNotExistFailureDescriber$Inject_$$Lambda+0x00000179395aa350
instanceKlass  @bci org/gradle/internal/component/resolution/failure/describer/ConfigurationNotCompatibleFailureDescriber$Inject_ $gradleInit ()V 1 <appendix> member <vmtarget> ; # org/gradle/internal/component/resolution/failure/describer/ConfigurationNotCompatibleFailureDescriber$Inject_$$Lambda+0x00000179395a98e0
instanceKlass org/gradle/internal/component/resolution/failure/interfaces/VariantSelectionByNameFailure
instanceKlass  @bci org/gradle/internal/component/resolution/failure/describer/NoCompatibleVariantsFailureDescriber$Inject_ $gradleInit ()V 1 <appendix> member <vmtarget> ; # org/gradle/internal/component/resolution/failure/describer/NoCompatibleVariantsFailureDescriber$Inject_$$Lambda+0x00000179395a8790
instanceKlass org/gradle/internal/component/resolution/failure/formatting/StyledAttributeDescriber
instanceKlass  @bci org/gradle/internal/component/resolution/failure/describer/AmbiguousVariantsFailureDescriber$Inject_ $gradleInit ()V 1 <appendix> member <vmtarget> ; # org/gradle/internal/component/resolution/failure/describer/AmbiguousVariantsFailureDescriber$Inject_$$Lambda+0x00000179395a7998
instanceKlass  @bci org/gradle/internal/component/resolution/failure/describer/MissingAttributeAmbiguousVariantsFailureDescriber$Inject_ $gradleInit ()V 1 <appendix> member <vmtarget> ; # org/gradle/internal/component/resolution/failure/describer/MissingAttributeAmbiguousVariantsFailureDescriber$Inject_$$Lambda+0x00000179395a7450
instanceKlass org/gradle/internal/component/resolution/failure/interfaces/VariantSelectionByAttributesFailure
instanceKlass org/gradle/internal/component/resolution/failure/interfaces/VariantSelectionFailure
instanceKlass  @bci org/gradle/internal/component/resolution/failure/describer/ModuleRejectedFailureDescriber$Inject_ $gradleInit ()V 1 <appendix> member <vmtarget> ; # org/gradle/internal/component/resolution/failure/describer/ModuleRejectedFailureDescriber$Inject_$$Lambda+0x00000179395a5e30
instanceKlass  @bci org/gradle/internal/component/resolution/failure/ResolutionFailureDescriberRegistry registerDescriber (Ljava/lang/Class;Ljava/lang/Class;)V 23 <appendix> argL0 ; # org/gradle/internal/component/resolution/failure/ResolutionFailureDescriberRegistry$$Lambda+0x00000179395a5620
instanceKlass  @bci org/gradle/internal/component/resolution/failure/describer/ModuleRejectedIncompatibleConstraintsFailureDescriber$Inject_ $gradleInit ()V 1 <appendix> member <vmtarget> ; # org/gradle/internal/component/resolution/failure/describer/ModuleRejectedIncompatibleConstraintsFailureDescriber$Inject_$$Lambda+0x00000179395a5400
instanceKlass  @bci jdk/internal/reflect/MethodHandleIntegerFieldAccessorImpl setInt (Ljava/lang/Object;I)V 29 <adapter> ; # java/lang/invoke/LambdaForm$MH+0x00000179395a2800
instanceKlass  @cpi org/gradle/process/internal/ExecHandleRunner 315 form vmentry <vmtarget> ; # java/lang/invoke/LambdaForm$DMH+0x00000179395a2400
instanceKlass  @bci org/gradle/internal/instantiation/generator/AsmBackedClassGenerator$ClassBuilderImpl addManagedMethods (Ljava/util/List;Ljava/util/List;)V 116 <appendix> member <vmtarget> ; # org/gradle/internal/instantiation/generator/AsmBackedClassGenerator$ClassBuilderImpl$$Lambda+0x0000017939597d30
instanceKlass  @bci org/gradle/internal/instantiation/generator/AsmBackedClassGenerator$ClassBuilderImpl addManagedMethods (Ljava/util/List;Ljava/util/List;)V 93 <adapter> ; # java/lang/invoke/LambdaForm$MH+0x00000179395a2000
# instanceKlass java/lang/invoke/LambdaForm$DMH+0x00000179395a1c00
instanceKlass  @bci org/gradle/internal/instantiation/generator/AsmBackedClassGenerator$ClassBuilderImpl addManagedMethods (Ljava/util/List;Ljava/util/List;)V 93 <appendix> form vmentry <vmtarget> ; # java/lang/invoke/LambdaForm$DMH+0x00000179395a1800
instanceKlass  @bci org/gradle/internal/instantiation/generator/AsmBackedClassGenerator$ClassBuilderImpl addManagedMethods (Ljava/util/List;Ljava/util/List;)V 93 <appendix> member <vmtarget> ; # org/gradle/internal/instantiation/generator/AsmBackedClassGenerator$ClassBuilderImpl$$Lambda+0x0000017939597b10
instanceKlass  @cpi org/gradle/internal/instantiation/generator/AsmBackedClassGenerator$ClassBuilderImpl 1727 form vmentry <vmtarget> ; # java/lang/invoke/LambdaForm$DMH+0x00000179395a1400
instanceKlass  @bci org/gradle/internal/instantiation/generator/AsmBackedClassGenerator$ClassBuilderImpl addManagedMethods (Ljava/util/List;Ljava/util/List;)V 72 <adapter> ; # java/lang/invoke/LambdaForm$MH+0x00000179395a1000
instanceKlass  @cpi com/sun/tools/javac/jvm/ClassReader$24 369 form vmentry <vmtarget> ; # java/lang/invoke/LambdaForm$DMH+0x00000179395a0c00
instanceKlass  @bci org/gradle/internal/instantiation/generator/AsmBackedClassGenerator$ClassBuilderImpl addManagedMethods (Ljava/util/List;Ljava/util/List;)V 72 <appendix> form vmentry <vmtarget> ; # java/lang/invoke/LambdaForm$DMH+0x00000179395a0800
instanceKlass  @bci org/gradle/internal/instantiation/generator/AsmBackedClassGenerator$ClassBuilderImpl addManagedMethods (Ljava/util/List;Ljava/util/List;)V 72 <appendix> member <vmtarget> ; # org/gradle/internal/instantiation/generator/AsmBackedClassGenerator$ClassBuilderImpl$$Lambda+0x0000017939597420
instanceKlass  @cpi org/gradle/internal/instantiation/generator/AsmBackedClassGenerator$ClassBuilderImpl 1724 form vmentry <vmtarget> ; # java/lang/invoke/LambdaForm$DMH+0x00000179395a0400
instanceKlass  @bci org/gradle/internal/instantiation/generator/AsmBackedClassGenerator$ClassBuilderImpl addManagedMethods (Ljava/util/List;Ljava/util/List;)V 53 <appendix> member <vmtarget> ; # org/gradle/internal/instantiation/generator/AsmBackedClassGenerator$ClassBuilderImpl$$Lambda+0x0000017939596d30
instanceKlass org/gradle/internal/component/resolution/failure/ResolutionCandidateAssessor$AssessedCandidate
instanceKlass org/gradle/internal/logging/text/TreeFormatter
instanceKlass org/gradle/internal/component/resolution/failure/ResolutionCandidateAssessor$AssessedAttribute
instanceKlass org/gradle/api/internal/attributes/AttributeDescriber
instanceKlass org/gradle/internal/component/resolution/failure/SelectionReasonAssessor$AssessedSelection$AssessedSelectionReason
instanceKlass org/gradle/util/internal/VersionNumber
instanceKlass org/gradle/internal/component/resolution/failure/describer/AbstractResolutionFailureDescriber
instanceKlass org/gradle/internal/component/resolution/failure/describer/ResolutionFailureDescriber
instanceKlass org/gradle/internal/component/resolution/failure/type/AbstractResolutionFailure
instanceKlass org/gradle/internal/component/resolution/failure/ResolutionFailureDescriberRegistry
instanceKlass org/gradle/internal/component/resolution/failure/interfaces/ResolutionFailure
# instanceKlass java/lang/invoke/LambdaForm$MH+0x00000179395a0000
# instanceKlass java/lang/invoke/LambdaForm$MH+0x0000017939599c00
# instanceKlass java/lang/invoke/LambdaForm$MH+0x0000017939599800
# instanceKlass java/lang/invoke/LambdaForm$MH+0x0000017939599400
# instanceKlass java/lang/invoke/LambdaForm$MH+0x0000017939599000
instanceKlass  @bci org/gradle/internal/model/InMemoryCacheFactory$IdentityLoadingCache <init> (ILjava/util/function/Function;)V 11 <appendix> member <vmtarget> ; # org/gradle/internal/model/InMemoryCacheFactory$IdentityLoadingCache$$Lambda+0x00000179395963e8
instanceKlass org/gradle/internal/model/InMemoryCacheFactory$IdentityKey
instanceKlass org/gradle/internal/model/InMemoryCacheFactory$IdentityLoadingCache
instanceKlass  @bci org/gradle/api/internal/attributes/AttributeSchemaServices <init> (Lorg/gradle/api/internal/attributes/immutable/ImmutableAttributesSchemaFactory;Lorg/gradle/api/internal/attributes/immutable/artifact/ImmutableArtifactTypeRegistryFactory;Lorg/gradle/internal/model/InMemoryCacheFactory;)V 22 <appendix> member <vmtarget> ; # org/gradle/api/internal/attributes/AttributeSchemaServices$$Lambda+0x000001793959b020
instanceKlass org/gradle/api/internal/attributes/matching/DefaultAttributeMatcher
instanceKlass org/gradle/api/internal/attributes/matching/AttributeMatcher
instanceKlass org/gradle/api/internal/artifacts/ivyservice/resolveengine/excludes/simple/DefaultExcludeNothing
instanceKlass org/gradle/api/internal/artifacts/ivyservice/resolveengine/excludes/specs/ExcludeNothing
instanceKlass org/gradle/api/internal/artifacts/ivyservice/resolveengine/excludes/factories/Unions
instanceKlass org/gradle/api/internal/artifacts/ivyservice/resolveengine/excludes/specs/ModuleExclude
instanceKlass org/gradle/api/internal/artifacts/ivyservice/resolveengine/excludes/specs/ModuleIdSetExclude
instanceKlass org/gradle/api/internal/artifacts/ivyservice/resolveengine/excludes/specs/ModuleIdExclude
instanceKlass org/gradle/api/internal/artifacts/ivyservice/resolveengine/excludes/specs/GroupExclude
instanceKlass org/gradle/api/internal/artifacts/ivyservice/resolveengine/excludes/specs/ExcludeAnyOf
instanceKlass org/gradle/api/internal/artifacts/ivyservice/resolveengine/excludes/specs/CompositeExclude
instanceKlass org/gradle/api/internal/artifacts/ivyservice/resolveengine/excludes/factories/AbstractIntersection
instanceKlass org/gradle/api/internal/artifacts/ivyservice/resolveengine/excludes/factories/Intersection
instanceKlass org/gradle/api/internal/artifacts/ivyservice/resolveengine/excludes/factories/Intersections
instanceKlass org/gradle/api/internal/artifacts/ivyservice/resolveengine/excludes/specs/ModuleSetExclude
instanceKlass org/gradle/api/internal/artifacts/ivyservice/resolveengine/excludes/specs/GroupSetExclude
instanceKlass org/gradle/api/internal/artifacts/ivyservice/resolveengine/excludes/simple/DefaultExcludeFactory
instanceKlass org/gradle/api/internal/artifacts/ivyservice/resolveengine/excludes/factories/DelegatingExcludeFactory
instanceKlass org/gradle/api/internal/artifacts/ivyservice/resolveengine/excludes/factories/CachingExcludeFactory$ConcurrentCache
instanceKlass org/gradle/api/internal/artifacts/ivyservice/resolveengine/excludes/factories/CachingExcludeFactory$MergeCaches
instanceKlass org/gradle/api/internal/artifacts/ivyservice/resolveengine/excludes/factories/ExcludeFactory
instanceKlass  @bci org/gradle/api/internal/artifacts/DefaultDependencyManagementServices$DependencyResolutionScopeServices createRepositoriesSupplier (Lorg/gradle/api/artifacts/dsl/RepositoryHandler;Lorg/gradle/internal/management/DependencyResolutionManagementInternal;Lorg/gradle/api/internal/DomainObjectContext;)Lorg/gradle/api/internal/artifacts/RepositoriesSupplier; 3 <appendix> member <vmtarget> ; # org/gradle/api/internal/artifacts/DefaultDependencyManagementServices$DependencyResolutionScopeServices$$Lambda+0x00000179395877e0
# instanceKlass java/lang/invoke/LambdaForm$MH+0x0000017939598c00
# instanceKlass java/lang/invoke/LambdaForm$MH+0x0000017939598800
instanceKlass  @bci org/gradle/internal/management/DefaultDependencyResolutionManagement_Decorated $gradleInit ()V 1 <appendix> member <vmtarget> ; # org/gradle/internal/management/DefaultDependencyResolutionManagement_Decorated$$Lambda+0x00000179395875c0
instanceKlass  @bci org/gradle/internal/management/DefaultVersionCatalogBuilderContainer_Decorated $gradleInit ()V 1 <appendix> member <vmtarget> ; # org/gradle/internal/management/DefaultVersionCatalogBuilderContainer_Decorated$$Lambda+0x00000179395873a0
instanceKlass com/google/common/collect/MapMakerInternalMap$StrongKeyDummyValueEntry$Helper
instanceKlass  @bci org/gradle/api/internal/collections/SortedSetElementSource <init> (Ljava/util/Comparator;)V 12 <appendix> argL0 ; # org/gradle/api/internal/collections/SortedSetElementSource$$Lambda+0x0000017939595268
instanceKlass org/gradle/api/Namer$Comparator
instanceKlass org/gradle/api/internal/collections/SortedSetElementSource
instanceKlass org/gradle/api/Named$Namer
# instanceKlass java/lang/invoke/LambdaForm$MH+0x0000017939598400
# instanceKlass java/lang/invoke/LambdaForm$MH+0x0000017939598000
# instanceKlass java/lang/invoke/LambdaForm$MH+0x000001793958dc00
# instanceKlass java/lang/invoke/LambdaForm$MH+0x000001793958d800
instanceKlass org/gradle/api/reflect/TypeOf
instanceKlass groovy/lang/Buildable
instanceKlass groovy/lang/Writable
instanceKlass  @bci org/gradle/internal/management/DefaultDependencyResolutionManagement <init> (Lorg/gradle/internal/code/UserCodeApplicationContext;Lorg/gradle/api/internal/artifacts/DependencyManagementServices;Lorg/gradle/api/model/ObjectFactory;Lorg/gradle/api/internal/CollectionCallbackActionDecorator;)V 83 <appendix> member <vmtarget> ; # org/gradle/internal/management/DefaultDependencyResolutionManagement$$Lambda+0x0000017939587180
instanceKlass org/gradle/internal/management/DefaultDependencyResolutionManagement$ComponentMetadataRulesRegistar
# instanceKlass java/lang/invoke/LambdaForm$MH+0x000001793958d400
instanceKlass org/gradle/declarative/dsl/model/annotations/Restricted
instanceKlass org/gradle/declarative/dsl/model/annotations/Configuring
instanceKlass org/gradle/api/initialization/dsl/VersionCatalogBuilder
instanceKlass org/gradle/api/reflect/HasPublicType
instanceKlass org/gradle/api/initialization/resolve/MutableVersionCatalogContainer
instanceKlass org/gradle/internal/management/DefaultDependencyResolutionManagement
# instanceKlass java/lang/invoke/LambdaForm$MH+0x000001793958d000
# instanceKlass java/lang/invoke/LambdaForm$MH+0x000001793958cc00
# instanceKlass java/lang/invoke/LambdaForm$MH+0x000001793958c800
# instanceKlass java/lang/invoke/LambdaForm$MH+0x000001793958c400
# instanceKlass java/lang/invoke/LambdaForm$MH+0x000001793958c000
instanceKlass  @bci org/gradle/api/internal/artifacts/dsl/DefaultRepositoryHandler_Decorated $gradleInit ()V 1 <appendix> member <vmtarget> ; # org/gradle/api/internal/artifacts/dsl/DefaultRepositoryHandler_Decorated$$Lambda+0x0000017939573470
instanceKlass  @bci org/gradle/api/internal/artifacts/DefaultArtifactRepositoryContainer <init> (Lorg/gradle/internal/reflect/Instantiator;Lorg/gradle/api/internal/CollectionCallbackActionDecorator;)V 28 <appendix> member <vmtarget> ; # org/gradle/api/internal/artifacts/DefaultArtifactRepositoryContainer$$Lambda+0x0000017939573240
instanceKlass  @bci org/gradle/api/internal/artifacts/DefaultArtifactRepositoryContainer <init> (Lorg/gradle/internal/reflect/Instantiator;Lorg/gradle/api/internal/CollectionCallbackActionDecorator;)V 18 <appendix> member <vmtarget> ; # org/gradle/api/internal/artifacts/DefaultArtifactRepositoryContainer$$Lambda+0x0000017939573020
instanceKlass org/gradle/api/internal/collections/AbstractIterationOrderRetainingElementSource$RealizedElementCollectionIterator
instanceKlass org/gradle/api/internal/DefaultNamedDomainObjectCollection$UnfilteredIndex
instanceKlass  @bci org/gradle/api/internal/DefaultDomainObjectCollection <init> (Ljava/lang/Class;Lorg/gradle/api/internal/collections/ElementSource;Lorg/gradle/api/internal/collections/CollectionEventRegister;)V 32 <appendix> member <vmtarget> ; # org/gradle/api/internal/DefaultDomainObjectCollection$$Lambda+0x00000179395893e8
instanceKlass org/gradle/api/internal/lambdas/SerializableLambdas$SerializableAction
instanceKlass org/gradle/api/internal/collections/DefaultCollectionEventRegister
instanceKlass  @bci org/gradle/api/internal/collections/AbstractIterationOrderRetainingElementSource <init> ()V 27 <appendix> argL0 ; # org/gradle/api/internal/collections/AbstractIterationOrderRetainingElementSource$$Lambda+0x0000017939588d18
instanceKlass  @bci org/gradle/api/internal/collections/ListElementSource <clinit> ()V 0 <appendix> argL0 ; # org/gradle/api/internal/collections/ListElementSource$$Lambda+0x0000017939588b00
instanceKlass org/gradle/api/internal/collections/AbstractIterationOrderRetainingElementSource$ValuePointer
instanceKlass org/gradle/api/internal/collections/AbstractIterationOrderRetainingElementSource
instanceKlass org/gradle/api/internal/artifacts/DefaultArtifactRepositoryContainer$RepositoryNamer
instanceKlass java/lang/SafeVarargs
instanceKlass org/gradle/declarative/dsl/model/annotations/Adding
instanceKlass com/google/common/reflect/Types$WildcardTypeImpl
instanceKlass java/lang/reflect/AnnotatedType
instanceKlass com/google/common/reflect/TypeVisitor
instanceKlass org/gradle/api/internal/collections/CollectionFilter
instanceKlass org/gradle/api/artifacts/repositories/FlatDirectoryArtifactRepository
instanceKlass org/gradle/api/artifacts/repositories/MavenArtifactRepository
instanceKlass org/gradle/api/artifacts/repositories/RepositoryContentDescriptor
instanceKlass org/gradle/api/artifacts/repositories/InclusiveRepositoryContentDescriptor
instanceKlass org/gradle/api/artifacts/repositories/IvyArtifactRepository
instanceKlass org/gradle/api/artifacts/repositories/MetadataSupplierAware
instanceKlass org/gradle/api/artifacts/repositories/AuthenticationSupported
instanceKlass org/gradle/api/artifacts/repositories/UrlArtifactRepository
instanceKlass org/gradle/api/internal/collections/IndexedElementSource
instanceKlass org/gradle/api/NamedDomainObjectCollectionSchema
instanceKlass org/gradle/api/Rule
instanceKlass org/gradle/api/internal/DefaultNamedDomainObjectCollection$Index
instanceKlass org/gradle/api/internal/collections/ElementSource
instanceKlass org/gradle/api/internal/collections/CollectionEventRegister
instanceKlass org/gradle/api/internal/collections/EventSubscriptionVerifier
instanceKlass org/gradle/api/internal/artifacts/dsl/RepositoryHandlerInternal
instanceKlass org/gradle/api/internal/artifacts/ivyservice/ivyresolve/parser/GradleModuleMetadataParser
instanceKlass org/gradle/api/internal/artifacts/ivyservice/ivyresolve/strategy/MavenVersionSelectorScheme
instanceKlass org/gradle/api/internal/artifacts/ivyservice/ivyresolve/parser/PomParent
instanceKlass org/gradle/api/internal/artifacts/ivyservice/ivyresolve/parser/AbstractModuleDescriptorParser
instanceKlass org/gradle/api/artifacts/repositories/AuthenticationContainer
instanceKlass org/gradle/api/internal/artifacts/repositories/DefaultBaseRepositoryFactory
# instanceKlass java/lang/invoke/LambdaForm$MH+0x0000017939582800
# instanceKlass java/lang/invoke/LambdaForm$MH+0x0000017939582400
# instanceKlass java/lang/invoke/LambdaForm$MH+0x0000017939582000
# instanceKlass java/lang/invoke/LambdaForm$MH+0x0000017939581c00
# instanceKlass java/lang/invoke/LambdaForm$MH+0x0000017939581800
# instanceKlass java/lang/invoke/LambdaForm$MH+0x0000017939581400
# instanceKlass java/lang/invoke/LambdaForm$MH+0x0000017939581000
# instanceKlass java/lang/invoke/LambdaForm$MH+0x0000017939580c00
# instanceKlass java/lang/invoke/LambdaForm$MH+0x0000017939580800
# instanceKlass java/lang/invoke/LambdaForm$MH+0x0000017939580400
# instanceKlass java/lang/invoke/LambdaForm$MH+0x0000017939580000
# instanceKlass java/lang/invoke/LambdaForm$MH+0x000001793957fc00
# instanceKlass java/lang/invoke/LambdaForm$MH+0x000001793957f800
# instanceKlass java/lang/invoke/LambdaForm$MH+0x000001793957f400
# instanceKlass java/lang/invoke/LambdaForm$MH+0x000001793957f000
# instanceKlass java/lang/invoke/LambdaForm$MH+0x000001793957ec00
# instanceKlass java/lang/invoke/LambdaForm$MH+0x000001793957e800
# instanceKlass java/lang/invoke/LambdaForm$MH+0x000001793957e400
# instanceKlass java/lang/invoke/LambdaForm$MH+0x000001793957e000
# instanceKlass java/lang/invoke/LambdaForm$MH+0x000001793957dc00
# instanceKlass java/lang/invoke/LambdaForm$MH+0x000001793957d800
# instanceKlass java/lang/invoke/LambdaForm$MH+0x000001793957d400
# instanceKlass java/lang/invoke/LambdaForm$MH+0x000001793957d000
# instanceKlass java/lang/invoke/LambdaForm$MH+0x000001793957cc00
# instanceKlass java/lang/invoke/LambdaForm$BMH+0x000001793957c800
# instanceKlass java/lang/invoke/LambdaForm$DMH+0x000001793957c400
instanceKlass org/gradle/internal/component/external/descriptor/Configuration
# instanceKlass java/lang/invoke/LambdaForm$MH+0x000001793957c000
instanceKlass org/gradle/api/internal/attributes/immutable/ImmutableAttributesSchema$ImmutableAttributeMatchingStrategy
instanceKlass org/gradle/internal/component/external/model/PreferJavaRuntimeVariant$PreferJarVariantUsageDisambiguationRule
instanceKlass org/gradle/internal/component/external/model/PreferJavaRuntimeVariant$PreferRuntimeVariantUsageDisambiguationRule
instanceKlass org/gradle/api/attributes/LibraryElements$Impl
instanceKlass org/gradle/api/attributes/LibraryElements
instanceKlass  @bci org/gradle/api/internal/model/NamedObjectInstantiator$2 <init> (Lorg/gradle/api/internal/model/NamedObjectInstantiator;Lorg/objectweb/asm/ClassVisitor;Lorg/gradle/model/internal/asm/AsmClassGenerator;Lorg/objectweb/asm/Type;)V 74 <appendix> member <vmtarget> ; # org/gradle/api/internal/model/NamedObjectInstantiator$2$$Lambda+0x0000017939577a90
instanceKlass  @bci org/gradle/api/internal/model/NamedObjectInstantiator$2 <init> (Lorg/gradle/api/internal/model/NamedObjectInstantiator;Lorg/objectweb/asm/ClassVisitor;Lorg/gradle/model/internal/asm/AsmClassGenerator;Lorg/objectweb/asm/Type;)V 55 <appendix> member <vmtarget> ; # org/gradle/api/internal/model/NamedObjectInstantiator$2$$Lambda+0x00000179395773a8
instanceKlass org/gradle/api/attributes/Usage$Impl
instanceKlass  @bci org/gradle/api/internal/model/NamedObjectInstantiator$1 <init> (Lorg/gradle/api/internal/model/NamedObjectInstantiator;Lorg/objectweb/asm/ClassVisitor;Lorg/gradle/model/internal/asm/AsmClassGenerator;Lorg/objectweb/asm/Type;[Ljava/lang/String;Lorg/objectweb/asm/Type;)V 191 <appendix> member <vmtarget> ; # org/gradle/api/internal/model/NamedObjectInstantiator$1$$Lambda+0x0000017939576750
instanceKlass  @bci org/gradle/api/internal/model/NamedObjectInstantiator$1 <init> (Lorg/gradle/api/internal/model/NamedObjectInstantiator;Lorg/objectweb/asm/ClassVisitor;Lorg/gradle/model/internal/asm/AsmClassGenerator;Lorg/objectweb/asm/Type;[Ljava/lang/String;Lorg/objectweb/asm/Type;)V 176 <appendix> member <vmtarget> ; # org/gradle/api/internal/model/NamedObjectInstantiator$1$$Lambda+0x0000017939576068
instanceKlass  @bci org/gradle/api/internal/model/NamedObjectInstantiator$1 <init> (Lorg/gradle/api/internal/model/NamedObjectInstantiator;Lorg/objectweb/asm/ClassVisitor;Lorg/gradle/model/internal/asm/AsmClassGenerator;Lorg/objectweb/asm/Type;[Ljava/lang/String;Lorg/objectweb/asm/Type;)V 161 <appendix> member <vmtarget> ; # org/gradle/api/internal/model/NamedObjectInstantiator$1$$Lambda+0x0000017939575980
instanceKlass  @bci org/gradle/api/internal/model/NamedObjectInstantiator$1 <init> (Lorg/gradle/api/internal/model/NamedObjectInstantiator;Lorg/objectweb/asm/ClassVisitor;Lorg/gradle/model/internal/asm/AsmClassGenerator;Lorg/objectweb/asm/Type;[Ljava/lang/String;Lorg/objectweb/asm/Type;)V 142 <appendix> member <vmtarget> ; # org/gradle/api/internal/model/NamedObjectInstantiator$1$$Lambda+0x0000017939575298
instanceKlass  @bci org/gradle/api/internal/model/NamedObjectInstantiator$1 <init> (Lorg/gradle/api/internal/model/NamedObjectInstantiator;Lorg/objectweb/asm/ClassVisitor;Lorg/gradle/model/internal/asm/AsmClassGenerator;Lorg/objectweb/asm/Type;[Ljava/lang/String;Lorg/objectweb/asm/Type;)V 125 <appendix> member <vmtarget> ; # org/gradle/api/internal/model/NamedObjectInstantiator$1$$Lambda+0x0000017939574bb0
instanceKlass  @bci org/gradle/api/internal/model/NamedObjectInstantiator$1 <init> (Lorg/gradle/api/internal/model/NamedObjectInstantiator;Lorg/objectweb/asm/ClassVisitor;Lorg/gradle/model/internal/asm/AsmClassGenerator;Lorg/objectweb/asm/Type;[Ljava/lang/String;Lorg/objectweb/asm/Type;)V 108 <appendix> member <vmtarget> ; # org/gradle/api/internal/model/NamedObjectInstantiator$1$$Lambda+0x00000179395744c8
instanceKlass  @bci org/gradle/api/internal/model/NamedObjectInstantiator$1 <init> (Lorg/gradle/api/internal/model/NamedObjectInstantiator;Lorg/objectweb/asm/ClassVisitor;Lorg/gradle/model/internal/asm/AsmClassGenerator;Lorg/objectweb/asm/Type;[Ljava/lang/String;Lorg/objectweb/asm/Type;)V 91 <appendix> member <vmtarget> ; # org/gradle/api/internal/model/NamedObjectInstantiator$1$$Lambda+0x0000017939563d18
instanceKlass org/gradle/model/internal/type/ClassTypeWrapper
instanceKlass org/gradle/model/internal/type/TypeWrapper
instanceKlass org/gradle/model/internal/type/ModelType
instanceKlass org/gradle/model/internal/inspect/FormattingValidationProblemCollector
instanceKlass org/gradle/api/attributes/Usage
instanceKlass org/gradle/internal/resource/local/CompositeLocallyAvailableResourceFinder
instanceKlass org/gradle/internal/resource/local/ivy/PatternBasedLocallyAvailableResourceFinder$1
instanceKlass org/gradle/util/internal/MavenUtil
instanceKlass org/gradle/api/internal/artifacts/repositories/resolver/AbstractResourcePattern
instanceKlass  @bci org/gradle/internal/resource/local/LocallyAvailableResourceFinderSearchableFileStoreAdapter <init> (Lorg/gradle/internal/resource/local/FileStoreSearcher;Lorg/gradle/internal/hash/ChecksumService;)V 2 <appendix> member <vmtarget> ; # org/gradle/internal/resource/local/LocallyAvailableResourceFinderSearchableFileStoreAdapter$$Lambda+0x00000179395623c8
instanceKlass  @bci org/gradle/internal/resource/local/ivy/LocallyAvailableResourceFinderFactory create ()Lorg/gradle/internal/resource/local/LocallyAvailableResourceFinder; 14 <appendix> member <vmtarget> ; # org/gradle/internal/resource/local/ivy/LocallyAvailableResourceFinderFactory$$Lambda+0x000001793956f408
instanceKlass org/gradle/internal/resource/local/LocallyAvailableResourceCandidates
instanceKlass org/gradle/internal/resource/local/AbstractLocallyAvailableResourceFinder
instanceKlass  @bci org/gradle/internal/resource/local/ivy/LocallyAvailableResourceFinderFactory buildRootCachesDirectories (Lorg/gradle/api/internal/artifacts/ivyservice/ArtifactCachesProvider;)Ljava/util/List; 14 <appendix> member <vmtarget> ; # org/gradle/internal/resource/local/ivy/LocallyAvailableResourceFinderFactory$$Lambda+0x000001793956f1d8
instanceKlass org/gradle/api/internal/artifacts/repositories/resolver/ResourcePattern
instanceKlass org/gradle/internal/resource/local/ivy/LocallyAvailableResourceFinderFactory
# instanceKlass java/lang/invoke/LambdaForm$MH+0x000001793956b800
# instanceKlass java/lang/invoke/LambdaForm$MH+0x000001793956b400
# instanceKlass java/lang/invoke/LambdaForm$MH+0x000001793956b000
instanceKlass org/gradle/api/internal/artifacts/mvnsettings/DefaultLocalMavenRepositoryLocator$CurrentSystemPropertyAccess
instanceKlass org/gradle/api/internal/artifacts/mvnsettings/DefaultLocalMavenRepositoryLocator$SystemPropertyAccess
instanceKlass org/gradle/api/internal/artifacts/mvnsettings/DefaultLocalMavenRepositoryLocator
instanceKlass org/gradle/api/internal/artifacts/mvnsettings/DefaultMavenFileLocations
instanceKlass org/apache/maven/settings/building/SettingsBuildingRequest
instanceKlass org/apache/maven/settings/io/SettingsReader
instanceKlass org/gradle/api/internal/artifacts/mvnsettings/DefaultMavenSettingsProvider
instanceKlass org/gradle/api/internal/notations/ComponentIdentifierParserFactory
# instanceKlass java/lang/invoke/LambdaForm$MH+0x000001793956ac00
# instanceKlass java/lang/invoke/LambdaForm$MH+0x000001793956a800
# instanceKlass java/lang/invoke/LambdaForm$MH+0x000001793956a400
# instanceKlass java/lang/invoke/LambdaForm$MH+0x000001793956a000
# instanceKlass java/lang/invoke/LambdaForm$MH+0x0000017939569c00
# instanceKlass java/lang/invoke/LambdaForm$MH+0x0000017939569800
# instanceKlass java/lang/invoke/LambdaForm$MH+0x0000017939569400
# instanceKlass java/lang/invoke/LambdaForm$MH+0x0000017939569000
# instanceKlass java/lang/invoke/LambdaForm$MH+0x0000017939568c00
# instanceKlass java/lang/invoke/LambdaForm$MH+0x0000017939568800
# instanceKlass java/lang/invoke/LambdaForm$MH+0x0000017939568400
instanceKlass org/gradle/api/internal/file/DefaultFileSystemLocation
instanceKlass org/gradle/internal/locking/LockFileReaderWriter
instanceKlass org/gradle/api/internal/provider/AbstractCollectionProperty$NoValueSupplier
instanceKlass org/gradle/api/internal/provider/AbstractCollectionProperty$EmptySupplier
instanceKlass org/gradle/api/internal/provider/ValidatingValueCollector
instanceKlass  @bci org/gradle/api/internal/provider/DefaultListProperty <clinit> ()V 0 <appendix> argL0 ; # org/gradle/api/internal/provider/DefaultListProperty$$Lambda+0x000001793955fd98
instanceKlass org/gradle/api/internal/provider/CollectionSupplier
instanceKlass org/gradle/api/internal/provider/Collector
instanceKlass org/gradle/api/internal/provider/ValueSanitizers$4
instanceKlass  @bci org/gradle/internal/locking/LockEntryFilterFactory <clinit> ()V 8 <appendix> argL0 ; # org/gradle/internal/locking/LockEntryFilterFactory$$Lambda+0x000001793956cf18
instanceKlass  @bci org/gradle/internal/locking/LockEntryFilterFactory <clinit> ()V 0 <appendix> argL0 ; # org/gradle/internal/locking/LockEntryFilterFactory$$Lambda+0x000001793956ccf0
instanceKlass org/gradle/api/internal/artifacts/dsl/dependencies/LockEntryFilter
instanceKlass org/gradle/internal/locking/LockEntryFilterFactory
instanceKlass org/gradle/internal/locking/DependencyLockingNotationConverter
instanceKlass org/gradle/api/internal/artifacts/dsl/dependencies/DependencyLockingState
instanceKlass org/gradle/internal/locking/DefaultDependencyLockingProvider
# instanceKlass java/lang/invoke/LambdaForm$MH+0x0000017939568000
# instanceKlass java/lang/invoke/LambdaForm$MH+0x0000017939567c00
# instanceKlass java/lang/invoke/LambdaForm$MH+0x0000017939567800
# instanceKlass java/lang/invoke/LambdaForm$MH+0x0000017939567400
# instanceKlass java/lang/invoke/LambdaForm$MH+0x0000017939567000
# instanceKlass java/lang/invoke/LambdaForm$MH+0x0000017939566c00
# instanceKlass java/lang/invoke/LambdaForm$MH+0x0000017939566800
# instanceKlass java/lang/invoke/LambdaForm$MH+0x0000017939566400
# instanceKlass java/lang/invoke/LambdaForm$MH+0x0000017939566000
instanceKlass  @bci org/gradle/internal/model/InMemoryCacheFactory$CalculatedValueCache <init> (Lorg/gradle/internal/DisplayName;Lorg/gradle/internal/model/CalculatedValueContainerFactory;ILjava/util/function/Function;)V 14 <appendix> member <vmtarget> ; # org/gradle/internal/model/InMemoryCacheFactory$CalculatedValueCache$$Lambda+0x000001793955f110
instanceKlass org/gradle/internal/model/InMemoryCacheFactory$CalculatedValueCache
instanceKlass  @bci org/gradle/composite/internal/DefaultBuildTreeLocalComponentProvider <init> (Lorg/gradle/internal/model/InMemoryCacheFactory;Lorg/gradle/api/internal/artifacts/ivyservice/projectmodule/LocalComponentCache;Lorg/gradle/api/internal/project/ProjectStateRegistry;Lorg/gradle/internal/build/BuildStateRegistry;Lorg/gradle/api/internal/attributes/immutable/ImmutableAttributesSchemaFactory;Lorg/gradle/api/internal/artifacts/ImmutableModuleIdentifierFactory;Lorg/gradle/internal/component/local/model/LocalComponentGraphResolveStateFactory;)V 53 <appendix> member <vmtarget> ; # org/gradle/composite/internal/DefaultBuildTreeLocalComponentProvider$$Lambda+0x0000017939557778
# instanceKlass java/lang/invoke/LambdaForm$MH+0x0000017939565c00
# instanceKlass java/lang/invoke/LambdaForm$MH+0x0000017939565800
# instanceKlass java/lang/invoke/LambdaForm$MH+0x0000017939565400
# instanceKlass java/lang/invoke/LambdaForm$MH+0x0000017939565000
# instanceKlass java/lang/invoke/LambdaForm$MH+0x0000017939564c00
# instanceKlass java/lang/invoke/LambdaForm$MH+0x0000017939564800
# instanceKlass java/lang/invoke/LambdaForm$MH+0x0000017939564400
# instanceKlass java/lang/invoke/LambdaForm$MH+0x0000017939564000
instanceKlass  @bci org/gradle/api/internal/artifacts/ivyservice/projectmodule/LocalComponentCache <clinit> ()V 0 <appendix> argL0 ; # org/gradle/api/internal/artifacts/ivyservice/projectmodule/LocalComponentCache$$Lambda+0x0000017939557560
instanceKlass  @cpi org/gradle/api/internal/artifacts/transform/TransformUpstreamDependenciesResolver 41 form vmentry <vmtarget> ; # java/lang/invoke/LambdaForm$DMH+0x000001793955dc00
instanceKlass org/gradle/api/internal/artifacts/GlobalDependencyResolutionRules$CompositeSubstitutionRules
instanceKlass org/gradle/api/internal/file/copy/CopySpecSource
instanceKlass org/gradle/api/artifacts/ConfigurablePublishArtifact
# instanceKlass java/lang/invoke/LambdaForm$MH+0x000001793955d800
# instanceKlass java/lang/invoke/LambdaForm$MH+0x000001793955d400
# instanceKlass java/lang/invoke/LambdaForm$MH+0x000001793955d000
# instanceKlass java/lang/invoke/LambdaForm$MH+0x000001793955cc00
# instanceKlass java/lang/invoke/LambdaForm$MH+0x000001793955c800
instanceKlass org/gradle/api/internal/artifacts/configurations/DefaultConfigurationServicesBundle
# instanceKlass java/lang/invoke/LambdaForm$MH+0x000001793955c400
# instanceKlass java/lang/invoke/LambdaForm$MH+0x000001793955c000
# instanceKlass java/lang/invoke/LambdaForm$MH+0x000001793955bc00
# instanceKlass java/lang/invoke/LambdaForm$MH+0x000001793955b800
# instanceKlass java/lang/invoke/LambdaForm$MH+0x000001793955b400
# instanceKlass java/lang/invoke/LambdaForm$MH+0x000001793955b000
# instanceKlass java/lang/invoke/LambdaForm$MH+0x000001793955ac00
# instanceKlass java/lang/invoke/LambdaForm$MH+0x000001793955a800
# instanceKlass java/lang/invoke/LambdaForm$MH+0x000001793955a400
# instanceKlass java/lang/invoke/LambdaForm$MH+0x000001793955a000
# instanceKlass java/lang/invoke/LambdaForm$MH+0x0000017939559c00
instanceKlass org/gradle/api/internal/DefaultCollectionCallbackActionDecorator
instanceKlass org/gradle/vcs/internal/resolver/OncePerBuildInvocationVcsVersionWorkingDirResolver
instanceKlass org/gradle/vcs/internal/resolver/DefaultVcsVersionWorkingDirResolver
# instanceKlass java/lang/invoke/LambdaForm$MH+0x0000017939559800
# instanceKlass java/lang/invoke/LambdaForm$MH+0x0000017939559400
# instanceKlass java/lang/invoke/LambdaForm$MH+0x0000017939559000
# instanceKlass java/lang/invoke/LambdaForm$MH+0x0000017939558c00
# instanceKlass java/lang/invoke/LambdaForm$MH+0x0000017939558800
# instanceKlass java/lang/invoke/LambdaForm$MH+0x0000017939558400
# instanceKlass java/lang/invoke/LambdaForm$MH+0x0000017939558000
instanceKlass org/gradle/vcs/internal/VersionRef
instanceKlass org/gradle/vcs/internal/resolver/PersistentVcsMetadataCache$VersionRefSerializer
instanceKlass org/gradle/api/internal/artifacts/ivyservice/ivyresolve/strategy/CachingVersionSelectorScheme
instanceKlass org/gradle/api/internal/artifacts/ivyservice/ivyresolve/strategy/VersionSelector
instanceKlass org/gradle/api/internal/artifacts/ivyservice/ivyresolve/strategy/DefaultVersionSelectorScheme
instanceKlass org/gradle/api/internal/artifacts/ivyservice/ivyresolve/strategy/StaticVersionComparator
instanceKlass org/gradle/api/internal/artifacts/ivyservice/ivyresolve/strategy/DefaultVersionComparator
instanceKlass org/gradle/internal/file/nio/ModificationTimeFileAccessTimeJournal
instanceKlass org/gradle/api/internal/artifacts/DefaultDependencyManagementServices$DefaultDependencyResolutionServices
instanceKlass org/gradle/api/internal/artifacts/ivyservice/moduleconverter/RootComponentProvider
instanceKlass org/gradle/api/internal/artifacts/ivyservice/DefaultConfigurationResolver
instanceKlass org/gradle/api/internal/artifacts/ConfigurationResolver
instanceKlass org/gradle/api/internal/artifacts/ivyservice/DefaultConfigurationResolver$Factory
instanceKlass org/gradle/api/internal/artifacts/ivyservice/ShortCircuitingResolutionExecutor
instanceKlass org/gradle/api/internal/artifacts/transform/TransformUpstreamDependenciesResolver
instanceKlass org/gradle/api/internal/artifacts/ivyservice/resolveengine/artifact/VisitedArtifactSet
instanceKlass org/gradle/api/internal/artifacts/ivyservice/LenientConfigurationInternal
instanceKlass org/gradle/api/internal/artifacts/ivyservice/resolveengine/graph/results/VisitedGraphResults
instanceKlass org/gradle/api/internal/artifacts/ivyservice/resolveengine/artifact/DependencyArtifactsVisitor
instanceKlass org/gradle/api/internal/artifacts/ivyservice/resolveengine/graph/DependencyGraphVisitor
instanceKlass org/gradle/api/internal/artifacts/ivyservice/ResolutionExecutor
instanceKlass org/gradle/api/internal/attributes/AttributeDescriberRegistry
instanceKlass org/gradle/internal/component/model/GraphVariantSelector
instanceKlass org/apache/commons/lang3/tuple/Pair
instanceKlass org/gradle/api/internal/artifacts/ivyservice/resolveengine/graph/builder/NodeState
instanceKlass org/gradle/api/internal/artifacts/ivyservice/resolveengine/graph/RootGraphNode
instanceKlass org/gradle/api/internal/artifacts/ivyservice/resolveengine/graph/DependencyGraphNode
instanceKlass org/gradle/api/internal/artifacts/ivyservice/resolveengine/graph/ResolvedGraphVariant
instanceKlass org/gradle/internal/component/resolution/failure/ReportableAsProblem
instanceKlass org/gradle/api/internal/artifacts/ivyservice/resolveengine/graph/conflicts/ModuleConflictHandler
instanceKlass org/gradle/api/internal/artifacts/ivyservice/resolveengine/graph/conflicts/CapabilitiesConflictHandler
instanceKlass org/gradle/api/internal/artifacts/ivyservice/resolveengine/graph/conflicts/ConflictHandler
instanceKlass org/gradle/api/internal/artifacts/ivyservice/resolveengine/graph/builder/DependencyGraphBuilder
instanceKlass org/gradle/api/internal/artifacts/ivyservice/resolveengine/ModuleConflictResolver
instanceKlass org/gradle/api/internal/artifacts/ivyservice/dependencysubstitution/DependencySubstitutionApplicator
instanceKlass org/gradle/api/internal/artifacts/ivyservice/resolveengine/DependencyGraphResolver
instanceKlass org/gradle/api/internal/artifacts/query/DefaultArtifactResolutionQueryFactory
instanceKlass org/gradle/api/internal/artifacts/DefaultComponentSelectorConverter
instanceKlass org/gradle/api/internal/artifacts/transform/VariantDefinition
instanceKlass org/gradle/api/internal/artifacts/transform/ConsumerProvidedVariantFinder
instanceKlass org/gradle/api/internal/artifacts/ivyservice/projectmodule/ProjectDependencyResolver
instanceKlass org/gradle/internal/resolve/resolver/DependencyToComponentIdResolver
instanceKlass org/gradle/internal/resolve/resolver/ComponentMetaDataResolver
instanceKlass org/gradle/api/internal/artifacts/ivyservice/projectmodule/DefaultLocalComponentRegistry
instanceKlass org/gradle/api/internal/artifacts/ivyservice/projectmodule/LocalComponentRegistry
instanceKlass org/gradle/api/internal/artifacts/ComponentSelectorConverter
instanceKlass org/gradle/api/internal/artifacts/configurations/CachePolicy
instanceKlass org/gradle/api/internal/artifacts/ivyservice/resolveengine/artifact/ResolvedArtifactSet$TransformSourceVisitor
instanceKlass org/gradle/api/internal/artifacts/transform/DefaultTransformedVariantFactory$VariantKey
instanceKlass org/gradle/api/internal/artifacts/transform/DefaultTransformedVariantFactory
instanceKlass org/gradle/api/internal/artifacts/transform/TransformedVariantFactory
instanceKlass org/gradle/api/internal/artifacts/ComponentMetadataProcessorFactory
instanceKlass org/gradle/api/internal/artifacts/ComponentModuleMetadataHandlerInternal
instanceKlass org/gradle/api/internal/artifacts/RepositoriesSupplier
instanceKlass org/gradle/api/artifacts/dsl/ArtifactHandler
instanceKlass org/gradle/api/internal/artifacts/dsl/PublishArtifactNotationParserFactory
instanceKlass org/gradle/api/internal/artifacts/type/ArtifactTypeRegistry
instanceKlass org/gradle/api/internal/artifacts/query/ArtifactResolutionQueryFactory
instanceKlass org/gradle/api/internal/artifacts/repositories/DefaultUrlArtifactRepository$Factory
instanceKlass org/gradle/internal/component/resolution/failure/ResolutionFailureHandler
instanceKlass org/gradle/internal/component/resolution/failure/transform/TransformedVariantConverter
instanceKlass org/gradle/api/internal/artifacts/GlobalDependencyResolutionRules
instanceKlass org/gradle/api/internal/artifacts/ResolveExceptionMapper
instanceKlass org/gradle/api/internal/artifacts/dsl/DefaultComponentMetadataHandler
instanceKlass org/gradle/api/internal/artifacts/dsl/ComponentMetadataHandlerInternal
instanceKlass org/gradle/api/internal/artifacts/ConfigurationResolver$Factory
instanceKlass org/gradle/api/internal/artifacts/configurations/ResolutionStrategyFactory
instanceKlass org/gradle/api/internal/artifacts/configurations/DefaultConfigurationFactory
instanceKlass org/gradle/api/internal/artifacts/configurations/ConfigurationContainerInternal
instanceKlass org/gradle/api/internal/artifacts/configurations/RoleBasedConfigurationContainerInternal
instanceKlass org/gradle/api/file/ProjectLayout
instanceKlass org/gradle/api/internal/artifacts/dsl/dependencies/UnknownProjectFinder
instanceKlass org/gradle/api/internal/artifacts/dsl/dependencies/ProjectFinder
instanceKlass  @bci org/gradle/api/internal/artifacts/DefaultDependencyManagementServices lambda$newDetachedResolver$0 (Lorg/gradle/api/internal/file/FileResolver;Lorg/gradle/api/internal/file/FileCollectionFactory;Lorg/gradle/api/internal/DomainObjectContext;Lorg/gradle/internal/service/ServiceRegistration;)V 21 <appendix> argL0 ; # org/gradle/api/internal/artifacts/DefaultDependencyManagementServices$$Lambda+0x000001793954c640
instanceKlass org/gradle/api/internal/artifacts/AnonymousModule
instanceKlass org/gradle/api/internal/artifacts/Module
instanceKlass org/gradle/api/internal/artifacts/configurations/DependencyMetaDataProvider
instanceKlass org/gradle/api/internal/attributes/AttributesSchemaInternal
instanceKlass org/gradle/api/internal/artifacts/BaseRepositoryFactory
instanceKlass org/gradle/api/internal/artifacts/ivyservice/ivyresolve/parser/MetaDataParser
instanceKlass org/gradle/api/internal/artifacts/ArtifactPublicationServices
instanceKlass org/gradle/api/internal/artifacts/dsl/dependencies/DependencyLockingProvider
instanceKlass org/gradle/api/internal/ConfigurationServicesBundle
instanceKlass org/gradle/api/internal/artifacts/VariantTransformRegistry
instanceKlass org/gradle/api/internal/artifacts/transform/TransformRegistrationFactory
instanceKlass org/gradle/api/internal/artifacts/transform/TransformInvocationFactory
instanceKlass org/gradle/api/internal/artifacts/transform/MutableTransformWorkspaceServices
instanceKlass org/gradle/internal/file/ReservedFileSystemLocation
instanceKlass org/gradle/api/internal/artifacts/DefaultDependencyManagementServices$DependencyResolutionScopeServices
instanceKlass org/gradle/api/internal/artifacts/DefaultDependencyManagementServices$TransformGradleUserHomeServices
instanceKlass  @bci org/gradle/api/internal/artifacts/DefaultDependencyManagementServices newDetachedResolver (Lorg/gradle/api/internal/file/FileResolver;Lorg/gradle/api/internal/file/FileCollectionFactory;Lorg/gradle/api/internal/DomainObjectContext;)Lorg/gradle/api/internal/artifacts/DependencyResolutionServices; 13 <appendix> member <vmtarget> ; # org/gradle/api/internal/artifacts/DefaultDependencyManagementServices$$Lambda+0x00000179395423f8
instanceKlass org/gradle/internal/model/CalculatedModelValue
instanceKlass org/gradle/api/internal/initialization/StandaloneDomainObjectContext
# instanceKlass java/lang/invoke/LambdaForm$MH+0x0000017939549000
# instanceKlass java/lang/invoke/LambdaForm$MH+0x0000017939548c00
# instanceKlass java/lang/invoke/LambdaForm$MH+0x0000017939548800
# instanceKlass java/lang/invoke/LambdaForm$MH+0x0000017939548400
# instanceKlass java/lang/invoke/LambdaForm$DMH+0x0000017939548000
instanceKlass org/gradle/internal/resource/UriTextResource$UriResourceLocation
instanceKlass  @bci org/gradle/invocation/DefaultGradle getClassLoaderScope ()Lorg/gradle/api/internal/initialization/ClassLoaderScope; 9 <appendix> member <vmtarget> ; # org/gradle/invocation/DefaultGradle$$Lambda+0x0000017939545be8
instanceKlass org/gradle/groovy/scripts/TextResourceScriptSource
instanceKlass org/gradle/internal/resource/ResourceLocation
